0.4759415356151712,0.1311421831637373,-1.1594608695652175
0.4779116096207216,0.132095420906568,-1.160128260869565
0.4798816836262721,0.1330486586493987,-1.1607956521739131
0.4818517576318225,0.1340018963922294,-1.161463043478261
0.4838218316373728,0.1349551341350601,-1.1621304347826087
0.4857919056429232,0.1359083718778909,-1.1627978260869565
0.4877619796484737,0.1368616096207215,-1.1634652173913045
0.4897320536540241,0.1378148473635523,-1.1641326086956525
0.4917021276595745,0.138768085106383,-1.1648
0.493672201665125,0.1397213228492137,-1.1654673913043478
0.4956422756706753,0.1406745605920444,-1.1661347826086956
0.4976123496762257,0.1416277983348751,-1.1668021739130436
0.4995824236817762,0.1425810360777059,-1.1674695652173914
0.5015524976873266,0.1435342738205365,-1.1681369565217392
0.503522571692877,0.1444875115633673,-1.168804347826087
0.5054926456984274,0.145440749306198,-1.1694717391304348
0.5074627197039778,0.1463939870490287,-1.1701391304347828
0.5094327937095282,0.1473472247918594,-1.1708065217391306
0.5114028677150787,0.1483004625346901,-1.1714739130434784
0.5133729417206291,0.1492537002775208,-1.1721413043478262
0.5153430157261795,0.1502069380203515,-1.172808695652174
0.51731308973173,0.1511601757631823,-1.1734760869565215
0.5192831637372803,0.1521134135060129,-1.1741434782608695
0.5212532377428307,0.1530666512488437,-1.1748108695652175
0.5232233117483811,0.1540198889916744,-1.1754782608695653
0.5251933857539316,0.1549731267345051,-1.176145652173913
0.527163459759482,0.1559263644773358,-1.1768130434782609
0.5291335337650324,0.1568796022201665,-1.1774804347826089
0.5311036077705829,0.1578328399629973,-1.178147826086957
0.5330736817761332,0.1587860777058279,-1.1788152173913045
0.5350437557816836,0.1597393154486587,-1.1794826086956522
0.5370138297872341,0.1606925531914894,-1.18015
0.5389839037927845,0.1616457909343201,-1.1808173913043478
0.5409539777983349,0.1625990286771508,-1.1814847826086958
0.5429240518038854,0.1635522664199815,-1.1821521739130436
0.5448941258094357,0.1645055041628122,-1.1828195652173914
0.5468641998149861,0.1654587419056429,-1.1834869565217392
0.5488342738205365,0.1664119796484737,-1.184154347826087
0.550804347826087,0.1673652173913044,-1.184821739130435
0.5527744218316374,0.1683184551341351,-1.1854891304347828
0.5547444958371878,0.1692716928769658,-1.1861565217391306
0.5567145698427383,0.1702249306197965,-1.1868239130434783
0.5586846438482886,0.1711781683626272,-1.187491304347826
0.560654717853839,0.1721314061054579,-1.188158695652174
0.5626247918593895,0.1730846438482886,-1.1888260869565217
0.5645948658649399,0.1740378815911193,-1.1894934782608697
0.5665649398704903,0.1749911193339501,-1.1901608695652175
0.5685350138760408,0.1759443570767808,-1.1908282608695653
0.5705050878815912,0.1768975948196115,-1.191495652173913
0.5724751618871415,0.1778508325624422,-1.1921630434782609
0.574445235892692,0.1788040703052729,-1.1928304347826089
0.5764153098982424,0.1797573080481036,-1.1934978260869566
0.5783853839037928,0.1807105457909343,-1.1941652173913044
0.5803554579093433,0.181663783533765,-1.1948326086956522
0.5823255319148937,0.1826170212765958,-1.1955
0.584295605920444,0.1835702590194265,-1.196167391304348
0.5862656799259944,0.1845234967622572,-1.1968347826086958
0.5882357539315449,0.1854767345050879,-1.1975021739130436
0.5902058279370953,0.1864299722479186,-1.1981695652173914
0.5921759019426457,0.1873832099907493,-1.1988369565217392
0.5941459759481962,0.18833644773358,-1.199504347826087
0.5961160499537466,0.1892896854764107,-1.200171739130435
0.598086123959297,0.1902429232192414,-1.2008391304347827
0.6000561979648474,0.1911961609620722,-1.2015065217391303
0.6020262719703978,0.1921493987049029,-1.2021739130434783
0.6039963459759482,0.1931026364477336,-1.202841304347826
0.6059664199814987,0.1940558741905643,-1.203508695652174
0.6079364939870491,0.195009111933395,-1.204176086956522
0.6099065679925995,0.1959623496762257,-1.2048434782608697
0.6118766419981498,0.1969155874190564,-1.2055108695652177
0.6138467160037003,0.1978688251618872,-1.2061782608695653
0.6158167900092507,0.1988220629047179,-1.206845652173913
0.6177868640148011,0.1997753006475486,-1.207513043478261
0.6197569380203516,0.2007285383903793,-1.2081804347826088
0.621727012025902,0.20168177613321,-1.2088478260869566
0.6236970860314524,0.2026350138760407,-1.2095152173913044
0.6256671600370028,0.2035882516188714,-1.2101826086956522
0.6276372340425532,0.2045414893617022,-1.2108500000000002
0.6296073080481036,0.2054947271045328,-1.211517391304348
0.6315773820536541,0.2064479648473636,-1.2121847826086958
0.6335474560592045,0.2074012025901943,-1.2128521739130436
0.6355175300647549,0.208354440333025,-1.2135195652173911
0.6374876040703054,0.2093076780758557,-1.2141869565217391
0.6394576780758557,0.2102609158186864,-1.214854347826087
0.6414277520814061,0.2112141535615171,-1.215521739130435
0.6433978260869566,0.2121673913043478,-1.2161891304347827
0.645367900092507,0.2131206290471786,-1.2168565217391305
0.6473379740980574,0.2140738667900092,-1.2175239130434783
0.6493080481036078,0.21502710453284,-1.218191304347826
0.6512781221091583,0.2159803422756707,-1.218858695652174
0.6532481961147086,0.2169335800185014,-1.219526086956522
0.655218270120259,0.2178868177613321,-1.2201934782608697
0.6571883441258095,0.2188400555041628,-1.2208608695652174
0.6591584181313599,0.2197932932469936,-1.2215282608695652
0.6611284921369103,0.2207465309898242,-1.2221956521739132
0.6630985661424608,0.221699768732655,-1.222863043478261
0.6650686401480111,0.2226530064754857,-1.2235304347826088
0.6670387141535615,0.2236062442183164,-1.2241978260869566
0.669008788159112,0.2245594819611471,-1.2248652173913044
0.6709788621646624,0.2255127197039778,-1.2255326086956524
0.6729489361702128,0.2264659574468085,-1.2262
0.6749190101757632,0.2274191951896392,-1.226867391304348
0.6768890841813137,0.22837243293247,-1.2275347826086958
0.678859158186864,0.2293256706753006,-1.2282021739130435
0.6808292321924144,0.2302789084181314,-1.228869565217391
0.6827993061979649,0.2312321461609621,-1.229536956521739
0.6847693802035153,0.2321853839037928,-1.2302043478260871
0.6867394542090657,0.2331386216466235,-1.230871739130435
0.6887095282146162,0.2340918593894542,-1.2315391304347827
0.6906796022201666,0.235045097132285,-1.2322065217391305
0.6926496762257169,0.2359983348751156,-1.2328739130434785
0.6946197502312674,0.2369515726179464,-1.2335413043478265
0.6965898242368178,0.2379048103607771,-1.234208695652174
0.6985598982423682,0.2388580481036078,-1.2348760869565218
0.7005299722479187,0.2398112858464385,-1.2355434782608696
0.7025000462534691,0.2407645235892692,-1.2362108695652174
0.7044701202590194,0.2417177613321,-1.2368782608695654
0.7064401942645699,0.2426709990749306,-1.237545652173913
0.7084102682701203,0.2436242368177614,-1.238213043478261
0.7103803422756707,0.2445774745605921,-1.2388804347826088
0.7123504162812211,0.2455307123034228,-1.2395478260869566
0.7143204902867716,0.2464839500462535,-1.2402152173913044
0.716290564292322,0.2474371877890842,-1.240882608695652
0.7182606382978723,0.2483904255319149,-1.2415500000000002
0.7202307123034228,0.2493436632747456,-1.242217391304348
0.7222007863089732,0.2502969010175764,-1.2428847826086955
0.7241708603145236,0.2512501387604071,-1.2435521739130435
0.7261409343200741,0.2522033765032378,-1.2442195652173913
0.7281110083256245,0.2531566142460685,-1.2448869565217393
0.7300810823311749,0.2541098519888992,-1.245554347826087
0.7320511563367254,0.2550630897317299,-1.2462217391304349
0.7340212303422757,0.2560163274745606,-1.2468891304347829
0.7359913043478261,0.2569695652173913,-1.2475565217391305
0.7379613783533765,0.2579228029602221,-1.2482239130434785
0.739931452358927,0.2588760407030528,-1.2488913043478262
0.7419015263644774,0.2598292784458835,-1.249558695652174
0.7438716003700278,0.2607825161887142,-1.2502260869565218
0.7458416743755782,0.2617357539315449,-1.2508934782608696
0.7478117483811286,0.2626889916743756,-1.2515608695652176
0.749781822386679,0.2636422294172063,-1.2522282608695652
0.7517518963922295,0.264595467160037,-1.2528956521739132
0.7537219703977799,0.2655487049028677,-1.253563043478261
0.7556920444033303,0.2665019426456985,-1.2542304347826088
0.7576621184088808,0.2674551803885292,-1.2548978260869563
0.7596321924144311,0.2684084181313599,-1.2555652173913043
0.7616022664199815,0.2693616558741906,-1.2562326086956523
0.763572340425532,0.2703148936170213,-1.2569
0.7655424144310824,0.271268131359852,-1.257567391304348
0.7675124884366328,0.2722213691026827,-1.2582347826086957
0.7694825624421833,0.2731746068455135,-1.2589021739130437
0.7714526364477337,0.2741278445883441,-1.2595695652173915
0.773422710453284,0.2750810823311749,-1.2602369565217393
0.7753927844588344,0.2760343200740056,-1.260904347826087
0.7773628584643849,0.2769875578168363,-1.2615717391304349
0.7793329324699353,0.277940795559667,-1.2622391304347826
0.7813030064754857,0.2788940333024977,-1.2629065217391306
0.7832730804810362,0.2798472710453284,-1.2635739130434782
0.7852431544865865,0.2808005087881591,-1.2642413043478262
0.7872132284921369,0.2817537465309899,-1.264908695652174
0.7891833024976874,0.2827069842738205,-1.2655760869565218
0.7911533765032378,0.2836602220166513,-1.2662434782608696
0.7931234505087882,0.284613459759482,-1.2669108695652174
0.7950935245143387,0.2855666975023127,-1.2675782608695654
0.7970635985198891,0.2865199352451434,-1.2682456521739132
0.7990336725254394,0.2874731729879741,-1.268913043478261
0.8010037465309898,0.2884264107308049,-1.2695804347826087
0.8029738205365403,0.2893796484736355,-1.2702478260869563
0.8049438945420907,0.2903328862164663,-1.2709152173913043
0.8069139685476411,0.291286123959297,-1.2715826086956523
0.8088840425531916,0.2922393617021277,-1.27225
0.810854116558742,0.2931925994449584,-1.272917391304348
0.8128241905642923,0.2941458371877891,-1.2735847826086957
0.8147942645698428,0.2950990749306199,-1.2742521739130437
0.8167643385753932,0.2960523126734505,-1.2749195652173917
0.8187344125809436,0.2970055504162813,-1.2755869565217393
0.8207044865864941,0.297958788159112,-1.276254347826087
0.8226745605920445,0.2989120259019427,-1.2769217391304348
0.8246446345975948,0.2998652636447734,-1.2775891304347826
0.8266147086031453,0.3008185013876041,-1.2782565217391304
0.8285847826086957,0.3017717391304348,-1.2789239130434784
0.8305548566142461,0.3027249768732655,-1.2795913043478262
0.8325249306197966,0.3036782146160963,-1.280258695652174
0.834495004625347,0.3046314523589269,-1.2809260869565218
0.8364650786308974,0.3055846901017577,-1.2815934782608696
0.8384351526364477,0.3065379278445884,-1.2822608695652176
0.8404052266419982,0.3074911655874191,-1.2829282608695654
0.8423753006475486,0.3084444033302498,-1.2835956521739131
0.844345374653099,0.3093976410730805,-1.284263043478261
0.8463154486586495,0.3103508788159113,-1.2849304347826087
0.8482855226641999,0.3113041165587419,-1.2855978260869567
0.8502555966697503,0.3122573543015727,-1.2862652173913045
0.8522256706753008,0.3132105920444034,-1.2869326086956523
0.8541957446808511,0.3141638297872341,-1.2876
0.8561658186864015,0.3151170675300648,-1.288267391304348
0.858135892691952,0.3160703052728955,-1.288934782608696
0.8601059666975024,0.3170235430157263,-1.2896021739130434
0.8620760407030528,0.3179767807585569,-1.2902695652173914
0.8640461147086032,0.3189300185013877,-1.2909369565217392
0.8660161887141536,0.3198832562442184,-1.291604347826087
0.867986262719704,0.3208364939870491,-1.2922717391304348
0.8699563367252544,0.3217897317298798,-1.2929391304347826
0.8719264107308049,0.3227429694727105,-1.2936065217391306
0.8738964847363553,0.3236962072155412,-1.2942739130434784
0.8758665587419057,0.3246494449583719,-1.2949413043478262
0.8778366327474562,0.3256026827012027,-1.295608695652174
0.8798067067530065,0.3265559204440333,-1.2962760869565215
0.8817767807585569,0.3275091581868641,-1.2969434782608698
0.8837468547641074,0.3284623959296948,-1.2976108695652175
0.8857169287696578,0.3294156336725255,-1.298278260869565
0.8876870027752082,0.3303688714153562,-1.2989456521739131
0.8896570767807587,0.3313221091581869,-1.299613043478261
0.891627150786309,0.3322753469010176,-1.300280434782609
0.8935972247918594,0.3332285846438483,-1.3009478260869567
0.8955672987974099,0.3341818223866791,-1.3016152173913045
0.8975373728029603,0.3351350601295098,-1.3022826086956525
0.8995074468085107,0.3360882978723405,-1.30295
0.9014775208140612,0.3370415356151712,-1.3036173913043478
0.9034475948196116,0.3379947733580019,-1.3042847826086956
0.905417668825162,0.3389480111008326,-1.3049521739130436
0.9073877428307124,0.3399012488436633,-1.3056195652173914
0.9093578168362628,0.340854486586494,-1.3062869565217392
0.9113278908418132,0.3418077243293247,-1.306954347826087
0.9132979648473636,0.3427609620721555,-1.3076217391304348
0.915268038852914,0.3437141998149862,-1.3082891304347828
0.9172381128584643,0.3446674375578169,-1.3089565217391306
0.919208186864015,0.3456206753006476,-1.3096239130434784
0.9211782608695652,0.3465739130434783,-1.310291304347826
0.9231483348751156,0.347527150786309,-1.310958695652174
0.925118408880666,0.3484803885291397,-1.311626086956522
0.9270884828862164,0.3494336262719704,-1.3122934782608695
0.9290585568917668,0.3503868640148012,-1.3129608695652175
0.9310286308973176,0.3513401017576319,-1.3136282608695653
0.9329987049028678,0.3522933395004626,-1.314295652173913
0.9349687789084182,0.3532465772432933,-1.314963043478261
0.9369388529139686,0.3541998149861241,-1.3156304347826089
0.938908926919519,0.3551530527289547,-1.316297826086957
0.9408790009250694,0.3561062904717854,-1.3169652173913045
0.9428490749306198,0.3570595282146162,-1.3176326086956522
0.9448191489361704,0.3580127659574469,-1.3183
0.9467892229417209,0.3589660037002776,-1.3189673913043478
0.9487592969472712,0.3599192414431083,-1.3196347826086958
0.9507293709528216,0.360872479185939,-1.3203021739130436
0.952699444958372,0.3618257169287697,-1.3209695652173914
0.9546695189639224,0.3627789546716005,-1.3216369565217392
0.9566395929694728,0.3637321924144311,-1.322304347826087
0.9586096669750231,0.3646854301572618,-1.322971739130435
0.9605797409805736,0.3656386679000926,-1.3236391304347828
0.962549814986124,0.3665919056429233,-1.3243065217391303
0.9645198889916744,0.367545143385754,-1.3249739130434783
0.9664899629972248,0.3684983811285847,-1.325641304347826
0.9684600370027754,0.3694516188714154,-1.326308695652174
0.9704301110083258,0.3704048566142461,-1.326976086956522
0.9724001850138762,0.3713580943570769,-1.3276434782608697
0.9743702590194264,0.3723113320999075,-1.3283108695652175
0.9763403330249768,0.3732645698427382,-1.3289782608695653
0.9783104070305272,0.374217807585569,-1.329645652173913
0.9802804810360776,0.3751710453283997,-1.3303130434782608
0.9822505550416284,0.3761242830712304,-1.3309804347826089
0.9842206290471788,0.3770775208140611,-1.3316478260869566
0.986190703052729,0.3780307585568918,-1.3323152173913044
0.9881607770582794,0.3789839962997225,-1.3329826086956522
0.9901308510638298,0.3799372340425533,-1.33365
0.9921009250693802,0.3808904717853839,-1.334317391304348
0.9940709990749308,0.3818437095282146,-1.3349847826086958
0.9960410730804812,0.3827969472710454,-1.3356521739130436
0.9980111470860316,0.3837501850138761,-1.3363195652173914
0.999981221091582,0.3847034227567069,-1.3369869565217392
1.0019512950971323,0.3856566604995375,-1.3376543478260872
1.0039213691026827,0.3866098982423682,-1.338321739130435
1.0058914431082333,0.387563135985199,-1.3389891304347827
1.0078615171137837,0.3885163737280297,-1.3396565217391303
1.009831591119334,0.3894696114708603,-1.3403239130434783
1.0118016651248845,0.3904228492136911,-1.3409913043478263
1.0137717391304348,0.3913760869565218,-1.341658695652174
1.0157418131359852,0.3923293246993525,-1.342326086956522
1.0177118871415356,0.3932825624421833,-1.3429934782608697
1.0196819611470862,0.3942358001850139,-1.3436608695652177
1.0216520351526366,0.3951890379278446,-1.3443282608695653
1.023622109158187,0.3961422756706754,-1.344995652173913
1.0255921831637371,0.3970955134135061,-1.345663043478261
1.0275622571692875,0.3980487511563367,-1.3463304347826088
1.029532331174838,0.3990019888991675,-1.3469978260869566
1.0315024051803887,0.3999552266419982,-1.3476652173913044
1.033472479185939,0.4009084643848289,-1.3483326086956522
1.0354425531914897,0.4018617021276597,-1.3490000000000002
1.03741262719704,0.4028149398704903,-1.349667391304348
1.0393827012025902,0.403768177613321,-1.3503347826086958
1.0413527752081406,0.4047214153561518,-1.3510021739130436
1.043322849213691,0.4056746530989825,-1.3516695652173911
1.0452929232192416,0.4066278908418131,-1.3523369565217394
1.047262997224792,0.4075811285846439,-1.353004347826087
1.0492330712303424,0.4085343663274746,-1.353671739130435
1.0512031452358928,0.4094876040703054,-1.3543391304347827
1.0531732192414431,0.4104408418131361,-1.3550065217391305
1.0551432932469935,0.4113940795559667,-1.3556739130434785
1.057113367252544,0.4123473172987975,-1.356341304347826
1.0590834412580945,0.4133005550416282,-1.357008695652174
1.0610535152636449,0.4142537927844589,-1.357676086956522
1.0630235892691953,0.4152070305272896,-1.3583434782608697
1.0649936632747456,0.4161602682701203,-1.3590108695652174
1.066963737280296,0.417113506012951,-1.3596782608695652
1.0689338112858464,0.4180667437557818,-1.3603456521739132
1.070903885291397,0.4190199814986125,-1.361013043478261
1.0728739592969474,0.4199732192414431,-1.3616804347826088
1.0748440333024978,0.4209264569842739,-1.3623478260869566
1.0768141073080482,0.4218796947271046,-1.3630152173913044
1.0787841813135983,0.4228329324699353,-1.3636826086956524
1.080754255319149,0.423786170212766,-1.3643500000000002
1.0827243293246995,0.4247394079555967,-1.365017391304348
1.08469440333025,0.4256926456984274,-1.3656847826086955
1.0866644773358003,0.4266458834412582,-1.3663521739130435
1.088634551341351,0.4275991211840889,-1.3670195652173915
1.090604625346901,0.4285523589269195,-1.367686956521739
1.0925746993524514,0.4295055966697503,-1.3683543478260871
1.094544773358002,0.430458834412581,-1.369021739130435
1.0965148473635524,0.4314120721554118,-1.369689130434783
1.0984849213691028,0.4323653098982424,-1.3703565217391305
1.1004549953746532,0.4333185476410731,-1.3710239130434785
1.1024250693802036,0.4342717853839039,-1.3716913043478265
1.104395143385754,0.4352250231267346,-1.372358695652174
1.1063652173913043,0.4361782608695653,-1.3730260869565218
1.108335291396855,0.437131498612396,-1.3736934782608696
1.110305365402405,0.4380847363552267,-1.3743608695652174
1.1122754394079557,0.4390379740980574,-1.3750282608695654
1.114245513413506,0.4399912118408882,-1.3756956521739132
1.1162155874190565,0.4409444495837188,-1.376363043478261
1.1181856614246068,0.4418976873265495,-1.3770304347826088
1.1201557354301577,0.4428509250693803,-1.3776978260869566
1.1221258094357078,0.443804162812211,-1.3783652173913046
1.1240958834412582,0.4447574005550417,-1.379032608695652
1.1260659574468086,0.4457106382978724,-1.3797
1.128036031452359,0.4466638760407031,-1.380367391304348
1.1300061054579094,0.4476171137835338,-1.3810347826086955
1.13197617946346,0.4485703515263646,-1.3817021739130435
1.1339462534690103,0.4495235892691952,-1.3823695652173913
1.1359163274745607,0.4504768270120259,-1.3830369565217393
1.137886401480111,0.4514300647548567,-1.383704347826087
1.1398564754856615,0.4523833024976874,-1.3843717391304349
1.141826549491212,0.4533365402405181,-1.3850391304347829
1.1437966234967625,0.4542897779833488,-1.3857065217391304
1.1457666975023129,0.4552430157261795,-1.3863739130434785
1.1477367715078632,0.4561962534690102,-1.3870413043478262
1.1497068455134136,0.457149491211841,-1.387708695652174
1.151676919518964,0.4581027289546716,-1.3883760869565218
1.1536469935245144,0.4590559666975023,-1.3890434782608696
1.1556170675300648,0.4600092044403331,-1.3897108695652176
1.1575871415356154,0.4609624421831638,-1.3903782608695654
1.1595572155411658,0.4619156799259946,-1.3910456521739132
1.161527289546716,0.4628689176688252,-1.391713043478261
1.1634973635522663,0.4638221554116559,-1.3923804347826088
1.165467437557817,0.4647753931544867,-1.3930478260869563
1.1674375115633673,0.4657286308973174,-1.3937152173913043
1.1694075855689177,0.466681868640148,-1.3943826086956523
1.1713776595744685,0.4676351063829788,-1.39505
1.1733477335800186,0.4685883441258095,-1.395717391304348
1.175317807585569,0.4695415818686402,-1.3963847826086957
1.1772878815911194,0.470494819611471,-1.3970521739130437
1.1792579555966698,0.4714480573543016,-1.3977195652173915
1.1812280296022202,0.4724012950971323,-1.3983869565217393
1.1831981036077708,0.4733545328399631,-1.399054347826087
1.1851681776133212,0.4743077705827938,-1.3997217391304348
1.1871382516188715,0.4752610083256244,-1.4003891304347826
1.189108325624422,0.4762142460684552,-1.4010565217391306
1.1910783996299723,0.4771674838112859,-1.4017239130434784
1.193048473635523,0.4781207215541166,-1.4023913043478262
1.195018547641073,0.4790739592969474,-1.403058695652174
1.1969886216466237,0.480027197039778,-1.4037260869565218
1.198958695652174,0.4809804347826087,-1.4043934782608698
1.2009287696577244,0.4819336725254395,-1.4050608695652174
1.2028988436632748,0.4828869102682702,-1.4057282608695654
1.2048689176688252,0.4838401480111008,-1.4063956521739132
1.2068389916743756,0.4847933857539316,-1.407063043478261
1.2088090656799262,0.4857466234967623,-1.4077304347826087
1.2107791396854766,0.4866998612395931,-1.4083978260869563
1.212749213691027,0.4876530989824238,-1.4090652173913043
1.214719287696577,0.4886063367252544,-1.4097326086956523
1.2166893617021275,0.4895595744680852,-1.4104
1.218659435707678,0.4905128122109159,-1.411067391304348
1.2206295097132287,0.4914660499537466,-1.4117347826086957
1.222599583718779,0.4924192876965773,-1.4124021739130437
1.2245696577243297,0.493372525439408,-1.4130695652173917
1.2265397317298798,0.4943257631822387,-1.4137369565217393
1.2285098057354302,0.4952790009250695,-1.414404347826087
1.2304798797409806,0.4962322386679002,-1.4150717391304348
1.232449953746531,0.4971854764107308,-1.4157391304347828
1.2344200277520816,0.4981387141535616,-1.4164065217391306
1.236390101757632,0.4990919518963923,-1.4170739130434784
1.2383601757631824,0.5000451896392231,-1.4177413043478262
1.2403302497687327,0.5009984273820537,-1.418408695652174
1.2423003237742831,0.5019516651248844,-1.4190760869565218
1.2442703977798335,0.5029049028677152,-1.4197434782608696
1.246240471785384,0.5038581406105459,-1.4204108695652176
1.2482105457909345,0.5048113783533766,-1.4210782608695651
1.2501806197964849,0.5057646160962073,-1.4217456521739131
1.2521506938020353,0.506717853839038,-1.422413043478261
1.2541207678075856,0.5076710915818687,-1.4230804347826087
1.256090841813136,0.5086243293246995,-1.4237478260869567
1.2580609158186866,0.5095775670675301,-1.4244152173913045
1.260030989824237,0.5105308048103608,-1.4250826086956525
1.2620010638297874,0.5114840425531916,-1.42575
1.2639711378353378,0.5124372802960223,-1.426417391304348
1.265941211840888,0.513390518038853,-1.427084782608696
1.2679112858464383,0.5143437557816837,-1.4277521739130437
1.269881359851989,0.5152969935245144,-1.4284195652173914
1.2718514338575395,0.5162502312673451,-1.4290869565217392
1.27382150786309,0.5172034690101759,-1.429754347826087
1.2757915818686405,0.5181567067530065,-1.430421739130435
1.2777616558741909,0.5191099444958372,-1.4310891304347826
1.279731729879741,0.520063182238668,-1.4317565217391306
1.2817018038852914,0.5210164199814987,-1.4324239130434784
1.283671877890842,0.5219696577243295,-1.4330913043478262
1.2856419518963924,0.5229228954671601,-1.433758695652174
1.2876120259019428,0.5238761332099908,-1.4344260869565215
1.2895820999074932,0.5248293709528216,-1.4350934782608695
1.2915521739130436,0.5257826086956523,-1.4357608695652175
1.293522247918594,0.5267358464384829,-1.436428260869565
1.2954923219241443,0.5276890841813137,-1.437095652173913
1.297462395929695,0.5286423219241444,-1.437763043478261
1.2994324699352453,0.5295955596669751,-1.438430434782609
1.3014025439407957,0.5305487974098059,-1.439097826086957
1.303372617946346,0.5315020351526365,-1.4397652173913045
1.3053426919518964,0.5324552728954672,-1.4404326086956525
1.3073127659574468,0.533408510638298,-1.4411
1.3092828399629974,0.5343617483811287,-1.441767391304348
1.3112529139685478,0.5353149861239593,-1.4424347826086958
1.3132229879740982,0.5362682238667901,-1.4431021739130436
1.3151930619796486,0.5372214616096208,-1.4437695652173914
1.317163135985199,0.5381746993524515,-1.4444369565217392
1.3191332099907491,0.5391279370952823,-1.445104347826087
1.3211032839962995,0.5400811748381129,-1.4457717391304348
1.3230733580018503,0.5410344125809436,-1.4464391304347828
1.3250434320074007,0.5419876503237744,-1.4471065217391306
1.327013506012951,0.5429408880666051,-1.4477739130434784
1.3289835800185017,0.5438941258094359,-1.448441304347826
1.330953654024052,0.5448473635522665,-1.449108695652174
1.3329237280296022,0.5458006012950972,-1.449776086956522
1.3348938020351528,0.546753839037928,-1.4504434782608695
1.3368638760407032,0.5477070767807587,-1.4511108695652175
1.3388339500462536,0.5486603145235893,-1.4517782608695653
1.340804024051804,0.5496135522664201,-1.452445652173913
1.3427740980573544,0.5505667900092508,-1.453113043478261
1.3447441720629048,0.5515200277520815,-1.4537804347826089
1.3467142460684554,0.5524732654949123,-1.4544478260869569
1.3486843200740055,0.5534265032377429,-1.4551152173913044
1.350654394079556,0.5543797409805736,-1.4557826086956522
1.3526244680851065,0.5553329787234044,-1.4564500000000002
1.3545945420906569,0.5562862164662351,-1.4571173913043478
1.3565646160962073,0.5572394542090657,-1.4577847826086958
1.3585346901017576,0.5581926919518965,-1.4584521739130436
1.3605047641073085,0.5591459296947272,-1.4591195652173914
1.3624748381128586,0.5600991674375579,-1.4597869565217392
1.364444912118409,0.5610524051803887,-1.460454347826087
1.3664149861239594,0.5620056429232193,-1.461121739130435
1.3683850601295098,0.56295888066605,-1.4617891304347828
1.3703551341350602,0.5639121184088808,-1.4624565217391303
1.3723252081406108,0.5648653561517115,-1.4631239130434783
1.3742952821461611,0.5658185938945421,-1.463791304347826
1.3762653561517115,0.5667718316373729,-1.464458695652174
1.378235430157262,0.5677250693802036,-1.465126086956522
1.3802055041628123,0.5686783071230344,-1.4657934782608697
1.382175578168363,0.5696315448658651,-1.4664608695652177
1.3841456521739133,0.5705847826086957,-1.4671282608695653
1.3861157261794637,0.5715380203515265,-1.4677956521739133
1.388085800185014,0.5724912580943572,-1.4684630434782608
1.3900558741905644,0.5734444958371879,-1.4691304347826089
1.3920259481961148,0.5743977335800186,-1.4697978260869566
1.3939960222016652,0.5753509713228493,-1.4704652173913044
1.3959660962072156,0.57630420906568,-1.4711326086956524
1.3979361702127662,0.5772574468085108,-1.4718
1.3999062442183166,0.5782106845513415,-1.472467391304348
1.401876318223867,0.5791639222941721,-1.4731347826086958
1.403846392229417,0.5801171600370029,-1.4738021739130436
1.4058164662349677,0.5810703977798336,-1.4744695652173914
1.407786540240518,0.5820236355226643,-1.4751369565217392
1.409756614246069,0.582976873265495,-1.4758043478260872
1.411726688251619,0.5839301110083257,-1.476471739130435
1.4136967622571694,0.5848833487511564,-1.4771391304347827
1.4156668362627198,0.5858365864939872,-1.4778065217391303
1.4176369102682702,0.5867898242368179,-1.4784739130434783
1.4196069842738206,0.5877430619796485,-1.4791413043478263
1.421577058279371,0.5886962997224793,-1.479808695652174
1.4235471322849216,0.58964953746531,-1.480476086956522
1.425517206290472,0.5906027752081408,-1.4811434782608697
1.4274872802960223,0.5915560129509714,-1.4818108695652177
1.4294573543015727,0.5925092506938021,-1.4824782608695657
1.431427428307123,0.5934624884366329,-1.483145652173913
1.4333975023126737,0.5944157261794636,-1.483813043478261
1.435367576318224,0.5953689639222943,-1.4844804347826088
1.4373376503237745,0.596322201665125,-1.4851478260869566
1.4393077243293249,0.5972754394079557,-1.4858152173913046
1.4412777983348752,0.5982286771507864,-1.4864826086956522
1.4432478723404256,0.5991819148936172,-1.4871500000000002
1.445217946345976,0.6001351526364478,-1.487817391304348
1.4471880203515264,0.6010883903792785,-1.4884847826086958
1.449158094357077,0.6020416281221093,-1.4891521739130436
1.4511281683626274,0.60299486586494,-1.4898195652173911
1.4530982423681778,0.6039481036077707,-1.4904869565217391
1.455068316373728,0.6049013413506014,-1.491154347826087
1.4570383903792783,0.6058545790934321,-1.491821739130435
1.459008464384829,0.6068078168362628,-1.4924891304347827
