-0.15882015113350126,0.8260416876574307,0.0648896725440806
-0.15886107052896725,0.825996120906801,0.06489851385390427
-0.15890198992443325,0.8259505541561712,0.06490735516372795
-0.15894290931989924,0.8259049874055415,0.06491619647355162
-0.15898382871536523,0.8258594206549118,0.0649250377833753
-0.15902474811083125,0.8258138539042821,0.06493387909319898
-0.15906566750629725,0.8257682871536524,0.06494272040302267
-0.15910658690176324,0.8257227204030226,0.06495156171284634
-0.15914750629722924,0.8256771536523929,0.06496040302267002
-0.15918842569269523,0.8256315869017632,0.0649692443324937
-0.15922934508816122,0.8255860201511335,0.06497808564231737
-0.15927026448362722,0.8255404534005037,0.06498692695214106
-0.1593111838790932,0.825494886649874,0.06499576826196474
-0.1593521032745592,0.8254493198992443,0.06500460957178841
-0.1593930226700252,0.8254037531486146,0.06501345088161209
-0.1594339420654912,0.8253581863979849,0.06502229219143577
-0.15947486146095718,0.8253126196473551,0.06503113350125944
-0.15951578085642318,0.8252670528967254,0.06503997481108312
-0.15955670025188917,0.8252214861460957,0.0650488161209068
-0.15959761964735517,0.825175919395466,0.06505765743073047
-0.15963853904282116,0.8251303526448363,0.06506649874055415
-0.15967945843828715,0.8250847858942065,0.06507534005037782
-0.15972037783375315,0.8250392191435768,0.0650841813602015
-0.15976129722921914,0.8249936523929471,0.06509302267002517
-0.15980221662468513,0.8249480856423174,0.06510186397984885
-0.15984313602015113,0.8249025188916876,0.06511070528967254
-0.15988405541561715,0.8248569521410579,0.06511954659949622
-0.15992497481108314,0.8248113853904282,0.0651283879093199
-0.15996589420654914,0.8247658186397985,0.06513722921914357
-0.16000681360201513,0.8247202518891688,0.06514607052896725
-0.16004773299748112,0.824674685138539,0.06515491183879094
-0.16008865239294712,0.8246291183879093,0.06516375314861461
-0.1601295717884131,0.8245835516372796,0.06517259445843829
-0.1601704911838791,0.8245379848866499,0.06518143576826196
-0.1602114105793451,0.8244924181360201,0.06519027707808564
-0.1602523299748111,0.8244468513853904,0.06519911838790932
-0.16029324937027709,0.8244012846347607,0.06520795969773299
-0.16033416876574308,0.824355717884131,0.06521680100755667
-0.16037508816120907,0.8243101511335013,0.06522564231738034
-0.16041600755667507,0.8242645843828715,0.06523448362720402
-0.16045692695214106,0.8242190176322418,0.0652433249370277
-0.16049784634760705,0.8241734508816121,0.06525216624685137
-0.16053876574307305,0.8241278841309824,0.06526100755667505
-0.16057968513853904,0.8240823173803526,0.06526984886649873
-0.16062060453400503,0.8240367506297229,0.0652786901763224
-0.16066152392947103,0.8239911838790932,0.06528753148614609
-0.16070244332493702,0.8239456171284635,0.06529637279596977
-0.16074336272040302,0.8239000503778338,0.06530521410579344
-0.16078428211586904,0.823854483627204,0.06531405541561712
-0.16082520151133503,0.8238089168765743,0.0653228967254408
-0.16086612090680102,0.8237633501259446,0.06533173803526449
-0.16090704030226702,0.8237177833753149,0.06534057934508816
-0.160947959697733,0.8236722166246851,0.06534942065491184
-0.160988879093199,0.8236266498740554,0.06535826196473551
-0.161029798488665,0.8235810831234257,0.06536710327455919
-0.161070717884131,0.823535516372796,0.06537594458438287
-0.161111637279597,0.8234899496221663,0.06538478589420654
-0.16115255667506298,0.8234443828715365,0.06539362720403022
-0.16119347607052897,0.8233988161209068,0.0654024685138539
-0.16123439546599497,0.8233532493702771,0.06541130982367757
-0.16127531486146096,0.8233076826196474,0.06542015113350125
-0.16131623425692695,0.8232621158690177,0.06542899244332492
-0.16135715365239295,0.8232165491183879,0.0654378337531486
-0.16139807304785894,0.8231709823677582,0.06544667506297228
-0.16143899244332494,0.8231254156171285,0.06545551637279597
-0.16147991183879093,0.8230798488664988,0.06546435768261964
-0.16152083123425692,0.823034282115869,0.06547319899244332
-0.16156175062972292,0.8229887153652393,0.065482040302267
-0.1616026700251889,0.8229431486146096,0.06549088161209067
-0.16164358942065493,0.8228975818639799,0.06549972292191436
-0.16168450881612093,0.8228520151133502,0.06550856423173804
-0.16172542821158692,0.8228064483627204,0.06551740554156171
-0.1617663476070529,0.8227608816120907,0.06552624685138539
-0.1618072670025189,0.822715314861461,0.06553508816120907
-0.1618481863979849,0.8226697481108313,0.06554392947103274
-0.1618891057934509,0.8226241813602015,0.06555277078085642
-0.1619300251889169,0.8225786146095718,0.0655616120906801
-0.16197094458438288,0.8225330478589421,0.06557045340050377
-0.16201186397984887,0.8224874811083123,0.06557929471032745
-0.16205278337531487,0.8224419143576827,0.06558813602015112
-0.16209370277078086,0.8223963476070528,0.0655969773299748
-0.16213462216624686,0.8223507808564232,0.06560581863979847
-0.16217554156171285,0.8223052141057934,0.06561465994962215
-0.16221646095717884,0.8222596473551638,0.06562350125944583
-0.16225738035264484,0.8222140806045339,0.06563234256926952
-0.16229829974811083,0.8221685138539043,0.06564118387909319
-0.16233921914357682,0.8221229471032745,0.06565002518891687
-0.16238013853904282,0.8220773803526449,0.06565886649874055
-0.1624210579345088,0.822031813602015,0.06566770780856424
-0.1624619773299748,0.8219862468513854,0.06567654911838791
-0.16250289672544083,0.8219406801007556,0.06568539042821159
-0.16254381612090682,0.821895113350126,0.06569423173803526
-0.1625847355163728,0.8218495465994962,0.06570307304785894
-0.1626256549118388,0.8218039798488666,0.06571191435768262
-0.1626665743073048,0.8217584130982367,0.06572075566750629
-0.1627074937027708,0.8217128463476071,0.06572959697732997
-0.1627484130982368,0.8216672795969773,0.06573843828715364
-0.16278933249370278,0.8216217128463477,0.06574727959697732
-0.16283025188916878,0.8215761460957178,0.065756120906801
-0.16287117128463477,0.8215305793450882,0.06576496221662467
-0.16291209068010076,0.8214850125944584,0.06577380352644835
-0.16295301007556676,0.8214394458438288,0.06578264483627203
-0.16299392947103275,0.8213938790931989,0.0657914861460957
-0.16303484886649874,0.8213483123425693,0.06580032745591939
-0.16307576826196474,0.8213027455919395,0.06580916876574307
-0.16311668765743073,0.8212571788413099,0.06581801007556674
-0.16315760705289672,0.82121161209068,0.06582685138539042
-0.16319852644836272,0.8211660453400503,0.0658356926952141
-0.1632394458438287,0.8211204785894206,0.06584453400503779
-0.1632803652392947,0.8210749118387909,0.06585337531486146
-0.1633212846347607,0.8210293450881612,0.06586221662468514
-0.16336220403022672,0.8209837783375314,0.06587105793450881
-0.16340312342569271,0.8209382115869017,0.06587989924433249
-0.1634440428211587,0.820892644836272,0.06588874055415617
-0.1634849622166247,0.8208470780856423,0.06589758186397984
-0.1635258816120907,0.8208015113350126,0.06590642317380352
-0.1635668010075567,0.8207559445843828,0.0659152644836272
-0.16360772040302268,0.8207103778337531,0.06592410579345087
-0.16364863979848868,0.8206648110831234,0.06593294710327455
-0.16368955919395467,0.8206192443324937,0.06594178841309822
-0.16373047858942066,0.820573677581864,0.0659506297229219
-0.16377139798488666,0.8205281108312342,0.06595947103274558
-0.16381231738035265,0.8204825440806045,0.06596831234256927
-0.16385323677581864,0.8204369773299748,0.06597715365239294
-0.16389415617128464,0.8203914105793451,0.06598599496221662
-0.16393507556675063,0.8203458438287153,0.0659948362720403
-0.16397599496221663,0.8203002770780856,0.06600367758186397
-0.16401691435768262,0.8202547103274559,0.06601251889168766
-0.1640578337531486,0.8202091435768262,0.06602136020151134
-0.1640987531486146,0.8201635768261964,0.06603020151133501
-0.1641396725440806,0.8201180100755667,0.06603904282115869
-0.1641805919395466,0.820072443324937,0.06604788413098236
-0.16422151133501262,0.8200268765743073,0.06605672544080604
-0.1642624307304786,0.8199813098236776,0.06606556675062972
-0.1643033501259446,0.8199357430730478,0.0660744080604534
-0.1643442695214106,0.8198901763224181,0.06608324937027707
-0.1643851889168766,0.8198446095717884,0.06609209068010075
-0.16442610831234258,0.8197990428211587,0.06610093198992442
-0.16446702770780858,0.819753476070529,0.0661097732997481
-0.16450794710327457,0.8197079093198992,0.06611861460957177
-0.16454886649874056,0.8196623425692695,0.06612745591939545
-0.16458978589420656,0.8196167758186398,0.06613629722921913
-0.16463070528967255,0.8195712090680101,0.06614513853904282
-0.16467162468513855,0.8195256423173803,0.06615397984886649
-0.16471254408060454,0.8194800755667506,0.06616282115869017
-0.16475346347607053,0.8194345088161209,0.06617166246851384
-0.16479438287153653,0.8193889420654912,0.06618050377833752
-0.16483530226700252,0.8193433753148615,0.06618934508816121
-0.16487622166246851,0.8192978085642317,0.06619818639798489
-0.1649171410579345,0.819252241813602,0.06620702770780856
-0.1649580604534005,0.8192066750629723,0.06621586901763224
-0.1649989798488665,0.8191611083123426,0.06622471032745592
-0.1650398992443325,0.8191155415617128,0.06623355163727959
-0.16508081863979848,0.8190699748110831,0.06624239294710327
-0.1651217380352645,0.8190244080604534,0.06625123425692694
-0.1651626574307305,0.8189788413098237,0.06626007556675062
-0.1652035768261965,0.818933274559194,0.0662689168765743
-0.16524449622166248,0.8188877078085642,0.06627775818639797
-0.16528541561712848,0.8188421410579345,0.06628659949622165
-0.16532633501259447,0.8187965743073048,0.06629544080604532
-0.16536725440806047,0.8187510075566751,0.066304282115869
-0.16540817380352646,0.8187054408060453,0.06631312342569269
-0.16544909319899245,0.8186598740554156,0.06632196473551637
-0.16549001259445845,0.8186143073047859,0.06633080604534004
-0.16553093198992444,0.8185687405541562,0.06633964735516372
-0.16557185138539043,0.8185231738035265,0.0663484886649874
-0.16561277078085643,0.8184776070528967,0.06635732997481109
-0.16565369017632242,0.818432040302267,0.06636617128463476
-0.16569460957178841,0.8183864735516373,0.06637501259445844
-0.1657355289672544,0.8183409068010076,0.06638385390428211
-0.1657764483627204,0.8182953400503779,0.06639269521410579
-0.1658173677581864,0.8182497732997481,0.06640153652392947
-0.1658582871536524,0.8182042065491184,0.06641037783375314
-0.16589920654911838,0.8181586397984887,0.06641921914357682
-0.16594012594458438,0.818113073047859,0.0664280604534005
-0.1659810453400504,0.8180675062972292,0.06643690176322417
-0.1660219647355164,0.8180219395465995,0.06644574307304785
-0.16606288413098239,0.8179763727959698,0.06645458438287152
-0.16610380352644838,0.8179308060453401,0.0664634256926952
-0.16614472292191437,0.8178852392947104,0.06647226700251888
-0.16618564231738037,0.8178396725440806,0.06648110831234257
-0.16622656171284636,0.8177941057934509,0.06648994962216624
-0.16626748110831235,0.8177485390428212,0.06649879093198992
-0.16630840050377835,0.8177029722921915,0.0665076322418136
-0.16634931989924434,0.8176574055415617,0.06651647355163727
-0.16639023929471033,0.817611838790932,0.06652531486146096
-0.16643115869017633,0.8175662720403023,0.06653415617128464
-0.16647207808564232,0.8175207052896726,0.06654299748110831
-0.16651299748110832,0.8174751385390429,0.06655183879093199
-0.1665539168765743,0.8174295717884131,0.06656068010075566
-0.1665948362720403,0.8173840050377834,0.06656952141057934
-0.1666357556675063,0.8173384382871537,0.06657836272040302
-0.1666766750629723,0.817292871536524,0.0665872040302267
-0.16671759445843828,0.8172473047858941,0.06659604534005037
-0.16675851385390428,0.8172017380352645,0.06660488664987405
-0.16679943324937027,0.8171561712846347,0.06661372795969772
-0.1668403526448363,0.8171106045340051,0.0666225692695214
-0.1668812720403023,0.8170650377833752,0.06663141057934507
-0.16692219143576828,0.8170194710327456,0.06664025188916875
-0.16696311083123427,0.8169739042821158,0.06664909319899243
-0.16700403022670027,0.8169283375314862,0.06665793450881612
-0.16704494962216626,0.8168827707808564,0.06666677581863979
-0.16708586901763225,0.8168372040302267,0.06667561712846347
-0.16712678841309825,0.8167916372795969,0.06668445843828714
-0.16716770780856424,0.8167460705289673,0.06669329974811082
-0.16720862720403024,0.8167005037783375,0.06670214105793451
-0.16724954659949623,0.8166549370277079,0.06671098236775819
-0.16729046599496222,0.816609370277078,0.06671982367758186
-0.16733138539042822,0.8165638035264484,0.06672866498740554
-0.1673723047858942,0.8165182367758186,0.06673750629722922
-0.1674132241813602,0.816472670025189,0.06674634760705289
-0.1674541435768262,0.8164271032745591,0.06675518891687657
-0.1674950629722922,0.8163815365239295,0.06676403022670024
-0.16753598236775818,0.8163359697732997,0.06677287153652392
-0.16757690176322418,0.8162904030226701,0.0667817128463476
-0.16761782115869017,0.8162448362720403,0.06679055415617127
-0.16765874055415617,0.8161992695214106,0.06679939546599495
-0.1676996599496222,0.8161537027707808,0.06680823677581862
-0.16774057934508818,0.8161081360201512,0.0668170780856423
-0.16778149874055417,0.8160625692695214,0.06682591939546599
-0.16782241813602017,0.8160170025188916,0.06683476070528967
-0.16786333753148616,0.8159714357682619,0.06684360201511334
-0.16790425692695216,0.8159258690176322,0.06685244332493702
-0.16794517632241815,0.8158803022670025,0.0668612846347607
-0.16798609571788414,0.8158347355163728,0.06687012594458439
-0.16802701511335014,0.815789168765743,0.06687896725440806
-0.16806793450881613,0.8157436020151133,0.06688780856423174
-0.16810885390428212,0.8156980352644836,0.06689664987405541
-0.16814977329974812,0.8156524685138539,0.06690549118387909
-0.1681906926952141,0.8156069017632241,0.06691433249370277
-0.1682316120906801,0.8155613350125944,0.06692317380352644
-0.1682725314861461,0.8155157682619647,0.06693201511335012
-0.1683134508816121,0.815470201511335,0.0669408564231738
-0.16835437027707809,0.8154246347607053,0.06694969773299747
-0.16839528967254408,0.8153790680100755,0.06695853904282115
-0.16843620906801007,0.8153335012594458,0.06696738035264482
-0.16847712846347607,0.8152879345088161,0.0669762216624685
-0.16851804785894206,0.8152423677581864,0.06698506297229218
-0.16855896725440805,0.8151968010075566,0.06699390428211585
-0.16859988664987408,0.8151512342569269,0.06700274559193954
-0.16864080604534007,0.8151056675062972,0.06701158690176322
-0.16868172544080606,0.8150601007556675,0.0670204282115869
-0.16872264483627206,0.8150145340050378,0.06702926952141057
-0.16876356423173805,0.814968967254408,0.06703811083123426
-0.16880448362720404,0.8149234005037783,0.06704695214105794
-0.16884540302267004,0.8148778337531486,0.06705579345088161
-0.16888632241813603,0.8148322670025189,0.06706463476070529
-0.16892724181360202,0.8147867002518892,0.06707347607052896
-0.16896816120906802,0.8147411335012594,0.06708231738035264
-0.169009080604534,0.8146955667506297,0.06709115869017632
-0.16905,0.81465,0.06709999999999999
-0.16900738035264484,0.8147022670025189,0.06707265743073047
-0.16896476070528968,0.8147545340050377,0.06704531486146095
-0.16892214105793452,0.8148068010075566,0.06701797229219143
-0.16887952141057935,0.8148590680100756,0.06699062972292191
-0.1688369017632242,0.8149113350125945,0.06696328715365239
-0.16879428211586903,0.8149636020151133,0.06693594458438286
-0.16875166246851386,0.8150158690176322,0.06690860201511334
-0.1687090428211587,0.8150681360201512,0.06688125944584382
-0.16866642317380354,0.81512040302267,0.0668539168765743
-0.16862380352644837,0.8151726700251889,0.06682657430730478
-0.1685811838790932,0.8152249370277078,0.06679923173803526
-0.16853856423173805,0.8152772040302266,0.06677188916876574
-0.16849594458438288,0.8153294710327456,0.06674454659949622
-0.16845332493702772,0.8153817380352645,0.0667172040302267
-0.16841070528967256,0.8154340050377834,0.06668986146095718
-0.1683680856423174,0.8154862720403022,0.06666251889168764
-0.16832546599496223,0.8155385390428211,0.06663517632241812
-0.16828284634760707,0.8155908060453401,0.0666078337531486
-0.1682402267002519,0.8156430730478589,0.06658049118387908
-0.16819760705289674,0.8156953400503778,0.06655314861460956
-0.16815498740554158,0.8157476070528967,0.06652580604534004
-0.16811236775818642,0.8157998740554157,0.06649846347607052
-0.16806974811083125,0.8158521410579345,0.066471120906801
-0.1680271284634761,0.8159044080604534,0.06644377833753148
-0.16798450881612093,0.8159566750629723,0.06641643576826196
-0.16794188916876576,0.8160089420654911,0.06638909319899243
-0.1678992695214106,0.81606120906801,0.06636175062972291
-0.1678566498740554,0.816113476070529,0.06633440806045339
-0.16781403022670024,0.8161657430730478,0.06630706549118387
-0.16777141057934508,0.8162180100755667,0.06627972292191435
-0.16772879093198992,0.8162702770780856,0.06625238035264483
-0.16768617128463476,0.8163225440806046,0.06622503778337531
-0.1676435516372796,0.8163748110831234,0.06619769521410579
-0.16760093198992443,0.8164270780856423,0.06617035264483627
-0.16755831234256927,0.8164793450881612,0.06614301007556675
-0.1675156926952141,0.81653161209068,0.06611566750629722
-0.16747307304785894,0.816583879093199,0.0660883249370277
-0.16743045340050378,0.8166361460957179,0.06606098236775818
-0.1673878337531486,0.8166884130982368,0.06603363979848866
-0.16734521410579345,0.8167406801007556,0.06600629722921914
-0.1673025944584383,0.8167929471032745,0.06597895465994962
-0.16725997481108312,0.8168452141057935,0.0659516120906801
-0.16721735516372796,0.8168974811083123,0.06592426952141058
-0.1671747355163728,0.8169497481108312,0.06589692695214106
-0.16713211586901763,0.8170020151133501,0.06586958438287153
-0.16708949622166247,0.8170542821158691,0.06584224181360201
-0.1670468765743073,0.8171065491183879,0.06581489924433248
-0.16700425692695214,0.8171588161209068,0.06578755667506296
-0.16696163727959698,0.8172110831234257,0.06576021410579344
-0.16691901763224182,0.8172633501259445,0.06573287153652392
-0.16687639798488665,0.8173156171284635,0.0657055289672544
-0.1668337783375315,0.8173678841309824,0.06567818639798488
-0.16679115869017633,0.8174201511335012,0.06565084382871536
-0.16674853904282116,0.8174724181360201,0.06562350125944584
-0.166705919395466,0.817524685138539,0.06559615869017632
-0.16666329974811084,0.817576952141058,0.0655688161209068
-0.16662068010075567,0.8176292191435768,0.06554147355163727
-0.1665780604534005,0.8176814861460957,0.06551413098236775
-0.16653544080604535,0.8177337531486146,0.06548678841309823
-0.16649282115869019,0.8177860201511334,0.0654594458438287
-0.16645020151133502,0.8178382871536524,0.06543210327455919
-0.16640758186397986,0.8178905541561713,0.06540476070528967
-0.1663649622166247,0.8179428211586902,0.06537741813602015
-0.16632234256926953,0.817995088161209,0.06535007556675063
-0.16627972292191437,0.818047355163728,0.0653227329974811
-0.1662371032745592,0.8180996221662469,0.06529539042821159
-0.16619448362720404,0.8181518891687657,0.06526804785894205
-0.16615186397984888,0.8182041561712846,0.06524070528967253
-0.16610924433249372,0.8182564231738035,0.06521336272040301
-0.16606662468513855,0.8183086901763224,0.06518602015113349
-0.1660240050377834,0.8183609571788413,0.06515867758186397
-0.16598138539042823,0.8184132241813602,0.06513133501259445
-0.16593876574307306,0.8184654911838791,0.06510399244332493
-0.1658961460957179,0.8185177581863979,0.06507664987405541
-0.16585352644836274,0.8185700251889169,0.06504930730478589
-0.16581090680100757,0.8186222921914358,0.06502196473551637
-0.1657682871536524,0.8186745591939546,0.06499462216624685
-0.16572566750629725,0.8187268261964735,0.06496727959697732
-0.16568304785894208,0.8187790931989924,0.0649399370277078
-0.16564042821158692,0.8188313602015114,0.06491259445843828
-0.16559780856423173,0.8188836272040302,0.06488525188916876
-0.16555518891687657,0.8189358942065491,0.06485790931989924
-0.1655125692695214,0.818988161209068,0.06483056675062972
-0.16546994962216624,0.8190404282115868,0.0648032241813602
-0.16542732997481108,0.8190926952141058,0.06477588161209068
-0.1653847103274559,0.8191449622166247,0.06474853904282116
-0.16534209068010075,0.8191972292191435,0.06472119647355164
-0.1652994710327456,0.8192494962216624,0.0646938539042821
-0.16525685138539042,0.8193017632241814,0.06466651133501258
-0.16521423173803526,0.8193540302267003,0.06463916876574306
-0.1651716120906801,0.8194062972292191,0.06461182619647354
-0.16512899244332493,0.819458564231738,0.06458448362720402
-0.16508637279596977,0.8195108312342569,0.0645571410579345
-0.1650437531486146,0.8195630982367758,0.06452979848866498
-0.16500113350125944,0.8196153652392947,0.06450245591939546
-0.16495851385390428,0.8196676322418136,0.06447511335012594
-0.16491589420654912,0.8197198992443325,0.06444777078085642
-0.16487327455919396,0.8197721662468513,0.06442042821158689
-0.1648306549118388,0.8198244332493703,0.06439308564231737
-0.16478803526448363,0.8198767002518892,0.06436574307304785
-0.16474541561712847,0.819928967254408,0.06433840050377833
-0.1647027959697733,0.8199812342569269,0.06431105793450881
-0.16466017632241814,0.8200335012594459,0.06428371536523929
-0.16461755667506298,0.8200857682619647,0.06425637279596977
-0.1645749370277078,0.8201380352644836,0.06422903022670025
-0.16453231738035265,0.8201903022670025,0.06420168765743073
-0.1644896977329975,0.8202425692695214,0.06417434508816121
-0.16444707808564232,0.8202948362720403,0.06414700251889167
-0.16440445843828716,0.8203471032745592,0.06411965994962215
-0.164361838790932,0.8203993702770781,0.06409231738035263
-0.16431921914357683,0.8204516372795969,0.06406497481108311
-0.16427659949622167,0.8205039042821158,0.0640376322418136
-0.1642339798488665,0.8205561712846348,0.06401028967254407
-0.16419136020151134,0.8206084382871537,0.06398294710327455
-0.16414874055415618,0.8206607052896725,0.06395560453400503
-0.16410612090680102,0.8207129722921914,0.06392826196473551
-0.16406350125944585,0.8207652392947103,0.063900919395466
-0.1640208816120907,0.8208175062972292,0.06387357682619646
-0.16397826196473553,0.8208697732997481,0.06384623425692694
-0.16393564231738036,0.820922040302267,0.06381889168765742
-0.1638930226700252,0.8209743073047858,0.0637915491183879
-0.16385040302267004,0.8210265743073047,0.06376420654911838
-0.16380778337531487,0.8210788413098237,0.06373686397984886
-0.1637651637279597,0.8211311083123426,0.06370952141057934
-0.16372254408060455,0.8211833753148614,0.06368217884130982
-0.16367992443324939,0.8212356423173803,0.0636548362720403
-0.16363730478589422,0.8212879093198993,0.06362749370277078
-0.16359468513853906,0.8213401763224181,0.06360015113350126
-0.1635520654911839,0.821392443324937,0.06357280856423173
-0.16350944584382873,0.8214447103274559,0.0635454659949622
-0.16346682619647357,0.8214969773299748,0.06351812342569269
-0.1634242065491184,0.8215492443324937,0.06349078085642317
-0.16338158690176324,0.8216015113350126,0.06346343828715365
-0.16333896725440805,0.8216537783375315,0.06343609571788413
-0.16329634760705292,0.8217060453400503,0.0634087531486146
-0.16325372795969773,0.8217583123425692,0.06338141057934508
-0.16321110831234256,0.8218105793450882,0.06335406801007556
-0.1631684886649874,0.821862846347607,0.06332672544080604
-0.16312586901763224,0.8219151133501259,0.06329938287153651
-0.16308324937027707,0.8219673803526448,0.06327204030226699
-0.1630406297229219,0.8220196473551638,0.06324469773299747
-0.16299801007556675,0.8220719143576826,0.06321735516372795
-0.16295539042821158,0.8221241813602015,0.06319001259445843
-0.16291277078085642,0.8221764483627204,0.06316267002518891
-0.16287015113350126,0.8222287153652392,0.06313532745591939
-0.1628275314861461,0.8222809823677582,0.06310798488664987
-0.16278491183879093,0.8223332493702771,0.06308064231738035
-0.16274229219143577,0.822385516372796,0.06305329974811083
-0.1626996725440806,0.8224377833753148,0.0630259571788413
-0.16265705289672544,0.8224900503778337,0.06299861460957178
-0.16261443324937028,0.8225423173803527,0.06297127204030226
-0.16257181360201511,0.8225945843828715,0.06294392947103274
-0.16252919395465995,0.8226468513853904,0.06291658690176322
-0.1624865743073048,0.8226991183879093,0.0628892443324937
-0.16244395465994962,0.8227513853904282,0.06286190176322418
-0.16240133501259446,0.8228036523929471,0.06283455919395466
-0.1623587153652393,0.822855919395466,0.06280721662468514
-0.16231609571788413,0.8229081863979849,0.06277987405541562
-0.16227347607052897,0.8229604534005037,0.0627525314861461
-0.1622308564231738,0.8230127204030226,0.06272518891687656
-0.16218823677581864,0.8230649874055416,0.06269784634760704
-0.16214561712846348,0.8231172544080604,0.06267050377833752
-0.16210299748110832,0.8231695214105793,0.062643161209068
-0.16206037783375316,0.8232217884130982,0.06261581863979848
-0.162017758186398,0.8232740554156172,0.06258847607052896
-0.16197513853904283,0.823326322418136,0.06256113350125944
-0.16193251889168767,0.8233785894206549,0.06253379093198992
-0.1618898992443325,0.8234308564231738,0.0625064483627204
-0.16184727959697734,0.8234831234256926,0.062479105793450875
-0.16180465994962218,0.8235353904282116,0.062451763224181354
-0.161762040302267,0.8235876574307305,0.062424420654911834
-0.16171942065491185,0.8236399244332494,0.06239707808564231
-0.1616768010075567,0.8236921914357682,0.06236973551637279
-0.16163418136020152,0.8237444584382871,0.06234239294710327
-0.16159156171284636,0.8237967254408061,0.06231505037783375
-0.1615489420654912,0.8238489924433249,0.06228770780856423
-0.16150632241813603,0.8239012594458438,0.06226036523929471
-0.16146370277078087,0.8239535264483627,0.06223302267002518
-0.1614210831234257,0.8240057934508815,0.06220568010075566
-0.16137846347607054,0.8240580604534005,0.06217833753148614
-0.16133584382871538,0.8241103274559194,0.06215099496221662
-0.16129322418136022,0.8241625944584383,0.06212365239294709
-0.16125060453400505,0.8242148614609571,0.06209630982367757
-0.1612079848866499,0.824267128463476,0.06206896725440805
-0.16116536523929473,0.824319395465995,0.06204162468513853
-0.16112274559193956,0.8243716624685138,0.06201428211586901
-0.16108012594458437,0.8244239294710327,0.06198693954659949
-0.16103750629722924,0.8244761964735516,0.061959596977329966
-0.16099488664987405,0.8245284634760706,0.061932254408060446
-0.1609522670025189,0.8245807304785894,0.061904911838790926
-0.16090964735516372,0.8246329974811083,0.061877569269521406
-0.16086702770780856,0.8246852644836272,0.061850226700251885
-0.1608244080604534,0.824737531486146,0.06182288413098236
-0.16078178841309823,0.824789798488665,0.06179554156171284
-0.16073916876574307,0.8248420654911839,0.06176819899244332
-0.1606965491183879,0.8248943324937027,0.0617408564231738
-0.16065392947103274,0.8249465994962216,0.06171351385390428
-0.16061130982367758,0.8249988664987405,0.06168617128463475
-0.16056869017632242,0.8250511335012595,0.06165882871536523
-0.16052607052896725,0.8251034005037783,0.06163148614609571
-0.1604834508816121,0.8251556675062972,0.06160414357682619
-0.16044083123425693,0.8252079345088161,0.06157680100755667
-0.16039821158690176,0.825260201511335,0.061549458438287144
-0.1603555919395466,0.8253124685138539,0.061522115869017624
-0.16031297229219144,0.8253647355163728,0.061494773299748104
-0.16027035264483627,0.8254170025188917,0.061467430730478584
-0.1602277329974811,0.8254692695214105,0.061440088161209064
-0.16018511335012595,0.8255215365239295,0.061412745591939544
-0.16014249370277078,0.8255738035264484,0.06138540302267002
-0.16009987405541562,0.8256260705289672,0.0613580604534005
-0.16005725440806046,0.8256783375314861,0.06133071788413098
-0.1600146347607053,0.825730604534005,0.06130337531486146
-0.15997201511335013,0.8257828715365239,0.06127603274559193
-0.15992939546599497,0.8258351385390428,0.06124869017632241
-0.1598867758186398,0.8258874055415617,0.06122134760705289
-0.15984415617128464,0.8259396725440806,0.06119400503778337
-0.15980153652392948,0.8259919395465994,0.06116666246851385
-0.15975891687657431,0.8260442065491184,0.06113931989924433
-0.15971629722921915,0.8260964735516373,0.0611119773299748
-0.159673677581864,0.8261487405541561,0.06108463476070528
-0.15963105793450882,0.826201007556675,0.06105729219143576
-0.15958843828715366,0.826253274559194,0.06102994962216624
-0.1595458186397985,0.8263055415617129,0.061002607052896715
-0.15950319899244333,0.8263578085642317,0.060975264483627195
-0.15946057934508817,0.8264100755667506,0.060947921914357675
-0.159417959697733,0.8264623425692695,0.060920579345088155
-0.15937534005037785,0.8265146095717884,0.060893236775818635
-0.15933272040302268,0.8265668765743073,0.060865894206549115
-0.15929010075566752,0.8266191435768262,0.06083855163727959
-0.15924748110831236,0.8266714105793451,0.06081120906801007
-0.1592048614609572,0.8267236775818639,0.06078386649874055
-0.15916224181360203,0.8267759445843829,0.06075652392947103
-0.15911962216624687,0.8268282115869018,0.06072918136020151
-0.1590770025188917,0.8268804785894206,0.06070183879093198
-0.15903438287153654,0.8269327455919395,0.06067449622166246
-0.15899176322418138,0.8269850125944584,0.06064715365239294
-0.1589491435768262,0.8270372795969773,0.06061981108312342
-0.15890652392947105,0.8270895465994962,0.0605924685138539
-0.1588639042821159,0.8271418136020151,0.06056512594458437
-0.15882128463476072,0.827194080604534,0.06053778337531485
-0.15877866498740556,0.8272463476070528,0.06051044080604533
-0.15873604534005037,0.8272986146095718,0.06048309823677581
-0.15869342569269523,0.8273508816120907,0.06045575566750629
-0.15865080604534004,0.8274031486146095,0.060428413098236766
-0.15860818639798488,0.8274554156171284,0.060401070528967246
-0.15856556675062972,0.8275076826196474,0.060373727959697726
-0.15852294710327455,0.8275599496221663,0.060346385390428206
-0.1584803274559194,0.8276122166246851,0.060319042821158686
-0.15843770780856423,0.827664483627204,0.060291700251889166
