-0.8648391404805914,0.4778808225508318,-1.2151658964879852
-0.862880683918669,0.4785743992606285,-1.2153142329020334
-0.8609222273567467,0.4792679759704251,-1.2154625693160814
-0.8589637707948243,0.4799615526802218,-1.2156109057301294
-0.8570053142329019,0.4806551293900185,-1.2157592421441776
-0.8550468576709795,0.4813487060998151,-1.2159075785582256
-0.8530884011090573,0.4820422828096118,-1.2160559149722736
-0.8511299445471349,0.4827358595194085,-1.2162042513863218
-0.8491714879852125,0.4834294362292052,-1.2163525878003698
-0.8472130314232901,0.4841230129390018,-1.2165009242144178
-0.8452545748613678,0.4848165896487985,-1.216649260628466
-0.8432961182994454,0.4855101663585952,-1.216797597042514
-0.841337661737523,0.4862037430683918,-1.216945933456562
-0.8393792051756006,0.4868973197781885,-1.2170942698706102
-0.8374207486136783,0.4875908964879852,-1.2172426062846582
-0.8354622920517559,0.4882844731977819,-1.2173909426987062
-0.8335038354898335,0.4889780499075785,-1.2175392791127542
-0.8315453789279111,0.4896716266173753,-1.2176876155268024
-0.8295869223659889,0.4903652033271719,-1.2178359519408504
-0.8276284658040665,0.4910587800369685,-1.2179842883548984
-0.8256700092421441,0.4917523567467652,-1.2181326247689466
-0.8237115526802217,0.4924459334565619,-1.2182809611829946
-0.8217530961182994,0.4931395101663586,-1.2184292975970423
-0.819794639556377,0.4938330868761553,-1.2185776340110908
-0.8178361829944546,0.494526663585952,-1.2187259704251387
-0.8158777264325322,0.4952202402957486,-1.2188743068391867
-0.8139192698706099,0.4959138170055452,-1.219022643253235
-0.8119608133086875,0.496607393715342,-1.219170979667283
-0.8100023567467651,0.4973009704251386,-1.219319316081331
-0.8080439001848427,0.4979945471349353,-1.2194676524953791
-0.8060854436229205,0.498688123844732,-1.2196159889094271
-0.804126987060998,0.4993817005545287,-1.2197643253234751
-0.8021685304990757,0.5000752772643253,-1.219912661737523
-0.8002100739371534,0.500768853974122,-1.220060998151571
-0.798251617375231,0.5014624306839187,-1.2202093345656193
-0.7962931608133086,0.5021560073937154,-1.2203576709796673
-0.7943347042513862,0.502849584103512,-1.2205060073937155
-0.7923762476894639,0.5035431608133087,-1.2206543438077635
-0.7904177911275415,0.5042367375231054,-1.2208026802218117
-0.7884593345656191,0.504930314232902,-1.2209510166358597
-0.7865008780036967,0.5056238909426987,-1.2210993530499077
-0.7845424214417744,0.5063174676524954,-1.2212476894639557
-0.782583964879852,0.507011044362292,-1.221396025878004
-0.7806255083179297,0.5077046210720888,-1.221544362292052
-0.7786670517560073,0.5083981977818854,-1.2216926987061
-0.776708595194085,0.5090917744916821,-1.221841035120148
-0.7747501386321626,0.5097853512014787,-1.221989371534196
-0.7727916820702402,0.5104789279112755,-1.222137707948244
-0.7708332255083178,0.5111725046210721,-1.2222860443622925
-0.7688747689463955,0.5118660813308687,-1.2224343807763405
-0.7669163123844731,0.5125596580406655,-1.2225827171903882
-0.7649578558225507,0.5132532347504621,-1.2227310536044362
-0.7629993992606283,0.5139468114602588,-1.2228793900184844
-0.761040942698706,0.5146403881700554,-1.2230277264325324
-0.7590824861367836,0.5153339648798522,-1.2231760628465804
-0.7571240295748612,0.5160275415896488,-1.2233243992606286
-0.7551655730129389,0.5167211182994454,-1.2234727356746766
-0.7532071164510166,0.5174146950092422,-1.2236210720887246
-0.7512486598890942,0.5181082717190388,-1.2237694085027728
-0.7492902033271718,0.5188018484288355,-1.2239177449168208
-0.7473317467652494,0.5194954251386321,-1.2240660813308688
-0.7453732902033271,0.5201890018484289,-1.224214417744917
-0.7434148336414047,0.5208825785582255,-1.224362754158965
-0.7414563770794823,0.5215761552680223,-1.224511090573013
-0.73949792051756,0.5222697319778189,-1.2246594269870612
-0.7375394639556376,0.5229633086876155,-1.2248077634011092
-0.7355810073937152,0.5236568853974122,-1.2249560998151572
-0.7336225508317928,0.5243504621072089,-1.2251044362292052
-0.7316640942698706,0.5250440388170056,-1.2252527726432534
-0.7297056377079482,0.5257376155268022,-1.2254011090573014
-0.7277471811460258,0.526431192236599,-1.2255494454713494
-0.7257887245841034,0.5271247689463956,-1.2256977818853976
-0.7238302680221811,0.5278183456561922,-1.2258461182994456
-0.7218718114602587,0.5285119223659889,-1.2259944547134936
-0.7199133548983363,0.5292054990757856,-1.2261427911275418
-0.7179548983364139,0.5298990757855823,-1.2262911275415898
-0.7159964417744916,0.530592652495379,-1.2264394639556375
-0.7140379852125692,0.5312862292051757,-1.226587800369686
-0.7120795286506468,0.5319798059149723,-1.226736136783734
-0.7101210720887244,0.5326733826247689,-1.226884473197782
-0.7081626155268022,0.5333669593345656,-1.22703280961183
-0.7062041589648798,0.5340605360443623,-1.227181146025878
-0.7042457024029574,0.534754112754159,-1.227329482439926
-0.702287245841035,0.5354476894639557,-1.2274778188539743
-0.7003287892791127,0.5361412661737524,-1.2276261552680223
-0.6983703327171903,0.536834842883549,-1.2277744916820703
-0.6964118761552679,0.5375284195933456,-1.2279228280961183
-0.6944534195933455,0.5382219963031423,-1.2280711645101663
-0.6924949630314232,0.538915573012939,-1.2282195009242145
-0.6905365064695008,0.5396091497227358,-1.2283678373382625
-0.6885780499075784,0.5403027264325324,-1.2285161737523107
-0.686619593345656,0.540996303142329,-1.2286645101663587
-0.6846611367837337,0.5416898798521257,-1.228812846580407
-0.6827026802218114,0.5423834565619223,-1.228961182994455
-0.680744223659889,0.5430770332717191,-1.2291095194085029
-0.6787857670979667,0.5437706099815157,-1.2292578558225509
-0.6768273105360443,0.5444641866913125,-1.229406192236599
-0.6748688539741219,0.5451577634011091,-1.229554528650647
-0.6729103974121995,0.5458513401109057,-1.229702865064695
-0.6709519408502772,0.5465449168207024,-1.2298512014787433
-0.6689934842883548,0.547238493530499,-1.2299995378927913
-0.6670350277264324,0.5479320702402958,-1.2301478743068393
-0.66507657116451,0.5486256469500924,-1.2302962107208872
-0.6631181146025877,0.5493192236598892,-1.2304445471349357
-0.6611596580406653,0.5500128003696858,-1.2305928835489834
-0.659201201478743,0.5507063770794824,-1.2307412199630314
-0.6572427449168206,0.5513999537892791,-1.2308895563770796
-0.6552842883548983,0.5520935304990757,-1.2310378927911276
-0.6533258317929759,0.5527871072088725,-1.2311862292051756
-0.6513673752310535,0.5534806839186692,-1.2313345656192238
-0.6494089186691311,0.5541742606284659,-1.2314829020332718
-0.6474504621072088,0.5548678373382625,-1.2316312384473198
-0.6454920055452864,0.5555614140480591,-1.231779574861368
-0.643533548983364,0.5562549907578558,-1.231927911275416
-0.6415750924214416,0.5569485674676525,-1.232076247689464
-0.6396166358595193,0.5576421441774492,-1.2322245841035122
-0.6376581792975969,0.5583357208872459,-1.2323729205175602
-0.6356997227356745,0.5590292975970426,-1.2325212569316082
-0.6337412661737521,0.5597228743068392,-1.2326695933456562
-0.6317828096118299,0.5604164510166358,-1.2328179297597044
-0.6298243530499075,0.5611100277264325,-1.2329662661737524
-0.6278658964879851,0.5618036044362292,-1.2331146025878004
-0.6259074399260627,0.5624971811460259,-1.2332629390018486
-0.6239489833641404,0.5631907578558226,-1.2334112754158966
-0.621990526802218,0.5638843345656193,-1.2335596118299446
-0.6200320702402956,0.5645779112754159,-1.2337079482439928
-0.6180736136783733,0.5652714879852125,-1.2338562846580408
-0.6161151571164509,0.5659650646950092,-1.2340046210720887
-0.6141567005545285,0.5666586414048059,-1.234152957486137
-0.6121982439926061,0.5673522181146027,-1.234301293900185
-0.6102397874306839,0.5680457948243993,-1.234449630314233
-0.6082813308687615,0.568739371534196,-1.2345979667282811
-0.6063228743068391,0.5694329482439926,-1.2347463031423291
-0.6043644177449167,0.5701265249537892,-1.2348946395563771
-0.6024059611829944,0.570820101663586,-1.2350429759704251
-0.600447504621072,0.5715136783733826,-1.235191312384473
-0.5984890480591496,0.5722072550831794,-1.235339648798521
-0.5965305914972272,0.572900831792976,-1.2354879852125693
-0.5945721349353049,0.5735944085027727,-1.2356363216266175
-0.5926136783733825,0.5742879852125693,-1.2357846580406655
-0.5906552218114601,0.5749815619223659,-1.2359329944547135
-0.5886967652495377,0.5756751386321627,-1.2360813308687617
-0.5867383086876155,0.5763687153419593,-1.2362296672828097
-0.5847798521256931,0.5770622920517561,-1.2363780036968577
-0.5828213955637707,0.5777558687615527,-1.236526340110906
-0.5808629390018483,0.5784494454713494,-1.236674676524954
-0.578904482439926,0.579143022181146,-1.236823012939002
-0.5769460258780036,0.5798365988909426,-1.23697134935305
-0.5749875693160812,0.5805301756007394,-1.237119685767098
-0.5730291127541588,0.5812237523105361,-1.237268022181146
-0.5710706561922365,0.5819173290203328,-1.2374163585951945
-0.5691121996303141,0.5826109057301294,-1.2375646950092425
-0.5671537430683917,0.583304482439926,-1.2377130314232905
-0.5651952865064693,0.5839980591497227,-1.2378613678373385
-0.563236829944547,0.5846916358595194,-1.2380097042513865
-0.5612783733826247,0.5853852125693161,-1.2381580406654344
-0.5593199168207023,0.5860787892791128,-1.2383063770794824
-0.55736146025878,0.5867723659889095,-1.2384547134935306
-0.5554030036968576,0.5874659426987061,-1.2386030499075786
-0.5534445471349352,0.5881595194085028,-1.2387513863216266
-0.5514860905730128,0.5888530961182994,-1.2388997227356748
-0.5495276340110905,0.5895466728280961,-1.2390480591497228
-0.5475691774491681,0.5902402495378929,-1.2391963955637708
-0.5456107208872457,0.5909338262476895,-1.239344731977819
-0.5436522643253233,0.5916274029574862,-1.239493068391867
-0.541693807763401,0.5923209796672828,-1.239641404805915
-0.5397353512014786,0.5930145563770794,-1.2397897412199632
-0.5377768946395562,0.5937081330868762,-1.2399380776340112
-0.5358184380776339,0.5944017097966728,-1.2400864140480592
-0.5338599815157116,0.5950952865064696,-1.2402347504621074
-0.5319015249537892,0.5957888632162662,-1.2403830868761554
-0.5299430683918668,0.5964824399260629,-1.2405314232902034
-0.5279846118299444,0.5971760166358595,-1.2406797597042516
-0.5260261552680221,0.5978695933456561,-1.2408280961182996
-0.5240676987060997,0.5985631700554529,-1.2409764325323476
-0.5221092421441773,0.5992567467652495,-1.2411247689463956
-0.5201507855822549,0.5999503234750463,-1.2412731053604438
-0.5181923290203326,0.6006439001848429,-1.2414214417744918
-0.5162338724584102,0.6013374768946396,-1.2415697781885398
-0.5142754158964878,0.6020310536044362,-1.241718114602588
-0.5123169593345654,0.6027246303142328,-1.241866451016636
-0.5103585027726432,0.6034182070240296,-1.242014787430684
-0.5084000462107208,0.6041117837338263,-1.2421631238447322
-0.5064415896487984,0.604805360443623,-1.24231146025878
-0.504483133086876,0.6054989371534196,-1.242459796672828
-0.5025246765249537,0.6061925138632163,-1.2426081330868763
-0.5005662199630313,0.6068860905730129,-1.2427564695009243
-0.4986077634011089,0.6075796672828097,-1.2429048059149723
-0.4966493068391865,0.6082732439926063,-1.2430531423290203
-0.4946908502772642,0.608966820702403,-1.2432014787430683
-0.4927323937153418,0.6096603974121997,-1.2433498151571163
-0.4907739371534194,0.6103539741219963,-1.2434981515711645
-0.4888154805914971,0.611047550831793,-1.2436464879852127
-0.4868570240295747,0.6117411275415896,-1.2437948243992607
-0.4848985674676523,0.6124347042513864,-1.2439431608133087
-0.4829401109057299,0.613128280961183,-1.244091497227357
-0.4809816543438077,0.6138218576709797,-1.244239833641405
-0.4790231977818853,0.6145154343807764,-1.2443881700554529
-0.4770647412199629,0.615209011090573,-1.244536506469501
-0.4751062846580405,0.6159025878003697,-1.244684842883549
-0.4731478280961182,0.6165961645101663,-1.244833179297597
-0.4711893715341958,0.617289741219963,-1.2449815157116453
-0.4692309149722734,0.6179833179297598,-1.2451298521256933
-0.467272458410351,0.6186768946395564,-1.2452781885397413
-0.4653140018484287,0.6193704713493531,-1.2454265249537897
-0.4633555452865063,0.6200640480591497,-1.2455748613678377
-0.4613970887245839,0.6207576247689464,-1.2457231977818854
-0.4594386321626615,0.6214512014787431,-1.2458715341959334
-0.4574801756007393,0.6221447781885397,-1.2460198706099817
-0.4555217190388169,0.6228383548983365,-1.2461682070240296
-0.4535632624768945,0.6235319316081331,-1.2463165434380776
-0.4516048059149721,0.6242255083179298,-1.2464648798521258
-0.4496463493530498,0.6249190850277264,-1.2466132162661738
-0.4476878927911274,0.6256126617375231,-1.2467615526802218
-0.445729436229205,0.6263062384473198,-1.24690988909427
-0.4437709796672826,0.6269998151571164,-1.247058225508318
-0.4418125231053603,0.6276933918669132,-1.247206561922366
-0.4398540665434379,0.6283869685767098,-1.2473548983364142
-0.4378956099815155,0.6290805452865065,-1.2475032347504622
-0.4359371534195931,0.6297741219963031,-1.2476515711645102
-0.4339786968576709,0.6304676987060998,-1.2477999075785584
-0.4320202402957485,0.6311612754158965,-1.2479482439926064
-0.4300617837338261,0.6318548521256933,-1.2480965804066544
-0.4281033271719037,0.6325484288354899,-1.2482449168207026
-0.4261448706099813,0.6332420055452865,-1.2483932532347506
-0.4241864140480591,0.6339355822550832,-1.2485415896487986
-0.4222279574861367,0.6346291589648798,-1.2486899260628466
-0.4202695009242143,0.6353227356746766,-1.2488382624768948
-0.4183110443622919,0.6360163123844732,-1.2489865988909428
-0.4163525878003695,0.63670988909427,-1.2491349353049908
-0.4143941312384471,0.6374034658040666,-1.249283271719039
-0.4124356746765247,0.6380970425138632,-1.249431608133087
-0.4104772181146023,0.6387906192236599,-1.249579944547135
-0.4085187615526802,0.6394841959334565,-1.2497282809611832
-0.4065603049907578,0.6401777726432533,-1.2498766173752311
-0.4046018484288354,0.6408713493530499,-1.2500249537892791
-0.402643391866913,0.6415649260628467,-1.2501732902033271
-0.4006849353049906,0.6422585027726433,-1.2503216266173751
-0.3987264787430682,0.6429520794824399,-1.250469963031423
-0.3967680221811458,0.6436456561922366,-1.250618299445471
-0.3948095656192234,0.6443392329020332,-1.2507666358595195
-0.3928511090573012,0.64503280961183,-1.2509149722735675
-0.3908926524953788,0.6457263863216267,-1.2510633086876155
-0.3889341959334564,0.6464199630314234,-1.2512116451016635
-0.386975739371534,0.64711353974122,-1.2513599815157117
-0.3850172828096116,0.6478071164510166,-1.2515083179297597
-0.3830588262476893,0.6485006931608133,-1.251656654343808
-0.3811003696857669,0.64919426987061,-1.251804990757856
-0.3791419131238445,0.6498878465804067,-1.251953327171904
-0.3771834565619223,0.6505814232902034,-1.252101663585952
-0.3752249999999999,0.651275,-1.25225
-0.3732665434380775,0.6519685767097967,-1.252398336414048
-0.3713080868761551,0.6526621534195933,-1.2525466728280965
-0.3693496303142327,0.65335573012939,-1.2526950092421445
-0.3673911737523103,0.6540493068391867,-1.2528433456561925
-0.3654327171903879,0.6547428835489834,-1.2529916820702405
-0.3634742606284658,0.6554364602587801,-1.2531400184842885
-0.3615158040665434,0.6561300369685767,-1.2532883548983365
-0.359557347504621,0.6568236136783734,-1.2534366913123844
-0.3575988909426986,0.65751719038817,-1.2535850277264329
-0.3556404343807762,0.6582107670979667,-1.2537333641404806
-0.3536819778188538,0.6589043438077634,-1.2538817005545286
-0.3517235212569314,0.6595979205175602,-1.2540300369685768
-0.349765064695009,0.6602914972273568,-1.2541783733826248
-0.3478066081330868,0.6609850739371534,-1.2543267097966728
-0.3458481515711644,0.6616786506469501,-1.254475046210721
-0.343889695009242,0.6623722273567467,-1.254623382624769
-0.3419312384473196,0.6630658040665435,-1.254771719038817
-0.3399727818853972,0.6637593807763401,-1.2549200554528652
-0.3380143253234748,0.6644529574861369,-1.2550683918669132
-0.3360558687615524,0.6651465341959335,-1.2552167282809612
-0.3340974121996301,0.6658401109057301,-1.2553650646950094
-0.3321389556377079,0.6665336876155268,-1.2555134011090574
-0.3301804990757855,0.6672272643253234,-1.2556617375231054
-0.3282220425138631,0.6679208410351202,-1.2558100739371536
-0.3262635859519407,0.6686144177449168,-1.2559584103512016
-0.3243051293900183,0.6693079944547136,-1.2561067467652496
-0.3223466728280959,0.6700015711645102,-1.2562550831792976
-0.3203882162661735,0.6706951478743068,-1.2564034195933458
-0.3184297597042511,0.6713887245841035,-1.2565517560073938
-0.3164713031423289,0.6720823012939001,-1.2567000924214418
-0.3145128465804065,0.6727758780036969,-1.25684842883549
-0.3125543900184842,0.6734694547134936,-1.256996765249538
-0.3105959334565618,0.6741630314232903,-1.257145101663586
-0.3086374768946394,0.6748566081330869,-1.2572934380776342
-0.306679020332717,0.6755501848428835,-1.2574417744916822
-0.3047205637707946,0.6762437615526802,-1.25759011090573
-0.3027621072088724,0.6769373382624769,-1.2577384473197784
-0.30080365064695,0.6776309149722736,-1.2578867837338263
-0.2988451940850276,0.6783244916820703,-1.2580351201478743
-0.2968867375231052,0.679018068391867,-1.2581834565619223
-0.2949282809611828,0.6797116451016636,-1.2583317929759703
-0.2929698243992604,0.6804052218114602,-1.2584801293900183
-0.291011367837338,0.6810987985212569,-1.2586284658040667
-0.2890529112754156,0.6817923752310536,-1.2587768022181147
-0.2870944547134935,0.6824859519408504,-1.2589251386321627
-0.2851359981515711,0.683179528650647,-1.2590734750462107
-0.2831775415896487,0.6838731053604437,-1.259221811460259
-0.2812190850277263,0.6845666820702403,-1.259370147874307
-0.2792606284658039,0.6852602587800369,-1.259518484288355
-0.2773021719038815,0.6859538354898337,-1.259666820702403
-0.2753437153419591,0.6866474121996303,-1.259815157116451
-0.2733852587800367,0.6873409889094271,-1.259963493530499
-0.2714268022181145,0.6880345656192237,-1.2601118299445473
-0.2694683456561921,0.6887281423290204,-1.2602601663585953
-0.2675098890942697,0.689421719038817,-1.2604085027726433
-0.2655514325323473,0.6901152957486136,-1.2605568391866917
-0.2635929759704249,0.6908088724584104,-1.2607051756007397
-0.2616345194085026,0.691502449168207,-1.2608535120147877
-0.2596760628465802,0.6921960258780038,-1.2610018484288354
-0.2577176062846578,0.6928896025878004,-1.2611501848428837
-0.2557591497227356,0.693583179297597,-1.2612985212569316
-0.2538006931608132,0.6942767560073937,-1.2614468576709796
-0.2518422365988908,0.6949703327171903,-1.2615951940850278
-0.2498837800369684,0.6956639094269871,-1.2617435304990758
-0.247925323475046,0.6963574861367838,-1.2618918669131238
-0.2459668669131236,0.6970510628465805,-1.262040203327172
-0.2440084103512012,0.6977446395563771,-1.26218853974122
-0.242049953789279,0.6984382162661738,-1.262336876155268
-0.2400914972273566,0.6991317929759704,-1.2624852125693162
-0.2381330406654342,0.6998253696857671,-1.2626335489833642
-0.2361745841035119,0.7005189463955638,-1.2627818853974122
-0.2342161275415895,0.7012125231053605,-1.2629302218114604
-0.2322576709796671,0.7019060998151572,-1.2630785582255084
-0.2302992144177447,0.7025996765249538,-1.2632268946395564
-0.2283407578558223,0.7032932532347504,-1.2633752310536046
-0.2263823012939001,0.7039868299445471,-1.2635235674676526
-0.2244238447319777,0.7046804066543438,-1.2636719038817006
-0.2224653881700553,0.7053739833641405,-1.2638202402957486
-0.2205069316081329,0.7060675600739372,-1.2639685767097968
-0.2185484750462105,0.7067611367837339,-1.2641169131238448
-0.2165900184842881,0.7074547134935305,-1.2642652495378928
-0.2146315619223657,0.7081482902033271,-1.264413585951941
-0.2126731053604433,0.7088418669131238,-1.264561922365989
-0.2107146487985212,0.7095354436229205,-1.264710258780037
-0.2087561922365988,0.7102290203327173,-1.2648585951940852
-0.2067977356746764,0.7109225970425139,-1.2650069316081332
-0.204839279112754,0.7116161737523106,-1.2651552680221811
-0.2028808225508316,0.7123097504621072,-1.2653036044362294
-0.2009223659889092,0.7130033271719038,-1.2654519408502771
-0.1989639094269868,0.7136969038817006,-1.2656002772643251
-0.1970054528650644,0.7143904805914972,-1.2657486136783735
-0.1950469963031422,0.715084057301294,-1.2658969500924215
-0.1930885397412198,0.7157776340110906,-1.2660452865064695
-0.1911300831792974,0.7164712107208873,-1.2661936229205175
-0.189171626617375,0.7171647874306839,-1.2663419593345655
-0.1872131700554526,0.7178583641404805,-1.2664902957486135
-0.1852547134935303,0.7185519408502773,-1.2666386321626617
-0.1832962569316079,0.7192455175600739,-1.26678696857671
-0.1813378003696855,0.7199390942698707,-1.266935304990758
-0.1793793438077633,0.7206326709796673,-1.267083641404806
-0.1774208872458409,0.721326247689464,-1.267231977818854
-0.1754624306839185,0.7220198243992606,-1.267380314232902
-0.1735039741219961,0.7227134011090572,-1.26752865064695
-0.1715455175600737,0.723406977818854,-1.2676769870609983
-0.1695870609981513,0.7241005545286507,-1.2678253234750465
-0.1676286044362289,0.7247941312384474,-1.2679736598890945
-0.1656701478743067,0.725487707948244,-1.2681219963031425
-0.1637116913123844,0.7261812846580407,-1.2682703327171905
-0.161753234750462,0.7268748613678373,-1.2684186691312385
-0.1597947781885396,0.727568438077634,-1.268567005545287
-0.1578363216266172,0.7282620147874307,-1.2687153419593349
-0.1558778650646948,0.7289555914972274,-1.2688636783733829
-0.1539194085027724,0.7296491682070241,-1.2690120147874309
-0.15196095194085,0.7303427449168207,-1.2691603512014789
-0.1500024953789278,0.7310363216266174,-1.2693086876155268
-0.1480440388170054,0.731729898336414,-1.2694570240295748
-0.146085582255083,0.7324234750462107,-1.269605360443623
-0.1441271256931606,0.7331170517560074,-1.269753696857671
-0.1421686691312382,0.7338106284658041,-1.269902033271719
-0.1402102125693158,0.7345042051756008,-1.2700503696857672
-0.1382517560073934,0.7351977818853974,-1.2701987060998152
-0.136293299445471,0.7358913585951941,-1.2703470425138632
-0.1343348428835489,0.7365849353049907,-1.2704953789279114
-0.1323763863216265,0.7372785120147874,-1.2706437153419594
-0.1304179297597041,0.7379720887245842,-1.2707920517560074
-0.1284594731977817,0.7386656654343808,-1.2709403881700556
-0.1265010166358593,0.7393592421441775,-1.2710887245841036
-0.1245425600739369,0.7400528188539741,-1.2712370609981516
-0.1225841035120145,0.7407463955637708,-1.2713853974121996
-0.1206256469500921,0.7414399722735675,-1.2715337338262478
-0.1186671903881699,0.7421335489833641,-1.2716820702402958
-0.1167087338262475,0.7428271256931609,-1.2718304066543438
-0.1147502772643251,0.7435207024029575,-1.271978743068392
-0.1127918207024027,0.7442142791127542,-1.27212707948244
-0.1108333641404804,0.7449078558225508,-1.272275415896488
-0.108874907578558,0.7456014325323475,-1.2724237523105362
-0.1069164510166356,0.7462950092421442,-1.2725720887245842
-0.1049579944547134,0.7469885859519408,-1.272720425138632
-0.102999537892791,0.7476821626617376,-1.2728687615526804
-0.1010410813308686,0.7483757393715342,-1.2730170979667284
-0.0990826247689462,0.7490693160813309,-1.2731654343807763
-0.0971241682070238,0.7497628927911275,-1.2733137707948246
-0.0951657116451014,0.7504564695009242,-1.2734621072088723
-0.093207255083179,0.7511500462107209,-1.2736104436229203
-0.0912487985212566,0.7518436229205177,-1.2737587800369687
-0.0892903419593345,0.7525371996303143,-1.2739071164510167
-0.0873318853974121,0.7532307763401109,-1.2740554528650647
-0.0853734288354897,0.7539243530499076,-1.2742037892791127
-0.0834149722735673,0.7546179297597042,-1.274352125693161
-0.0814565157116449,0.755311506469501,-1.274500462107209
-0.0794980591497225,0.7560050831792976,-1.274648798521257
-0.0775396025878001,0.7566986598890943,-1.274797134935305
-0.0755811460258777,0.757392236598891,-1.274945471349353
-0.0736226894639555,0.7580858133086876,-1.275093807763401
-0.0716642329020331,0.7587793900184843,-1.2752421441774493
-0.0697057763401107,0.7594729667282809,-1.2753904805914973
-0.0677473197781883,0.7601665434380777,-1.2755388170055453
-0.0657888632162659,0.7608601201478743,-1.2756871534195935
-0.0638304066543435,0.761553696857671,-1.2758354898336417
-0.0618719500924211,0.7622472735674677,-1.2759838262476897
-0.0599134935304987,0.7629408502772643,-1.2761321626617377
-0.0579550369685766,0.763634426987061,-1.2762804990757857
-0.0559965804066542,0.7643280036968577,-1.2764288354898337
-0.0540381238447318,0.7650215804066544,-1.276577171903882
-0.0520796672828094,0.7657151571164511,-1.27672550831793
-0.050121210720887,0.7664087338262477,-1.2768738447319778
-0.0481627541589646,0.7671023105360444,-1.2770221811460258
-0.0462042975970422,0.767795887245841,-1.277170517560074
-0.04424584103512,0.7684894639556377,-1.277318853974122
-0.0422873844731976,0.7691830406654344,-1.27746719038817
-0.0403289279112752,0.769876617375231,-1.2776155268022182
-0.0383704713493529,0.7705701940850278,-1.2777638632162662
-0.0364120147874305,0.7712637707948244,-1.2779121996303142
-0.0344535582255081,0.7719573475046211,-1.2780605360443624
-0.0324951016635857,0.7726509242144177,-1.2782088724584104
-0.0305366451016633,0.7733445009242144,-1.2783572088724584
-0.0285781885397411,0.7740380776340111,-1.2785055452865066
-0.0266197319778187,0.7747316543438079,-1.2786538817005546
-0.0246612754158963,0.7754252310536045,-1.2788022181146026
-0.0227028188539739,0.7761188077634011,-1.2789505545286508
-0.0207443622920515,0.7768123844731978,-1.2790988909426988
-0.0187859057301291,0.7775059611829944,-1.2792472273567468
-0.0168274491682067,0.7781995378927912,-1.279395563770795
-0.0148689926062843,0.7788931146025878,-1.279543900184843
-0.0129105360443622,0.7795866913123844,-1.279692236598891
-0.0109520794824398,0.7802802680221812,-1.279840573012939
-0.0089936229205174,0.7809738447319778,-1.2799889094269872
-0.007035166358595,0.7816674214417745,-1.2801372458410352
-0.0050767097966726,0.7823609981515712,-1.2802855822550832
-0.0031182532347502,0.7830545748613679,-1.2804339186691314
-0.0011597966728278,0.7837481515711645,-1.2805822550831794
0.0007986598890945,0.7844417282809611,-1.2807305914972271
0.0027571164510167,0.7851353049907579,-1.2808789279112756
0.0047155730129391,0.7858288817005545,-1.2810272643253235
0.0066740295748615,0.7865224584103512,-1.2811756007393715
0.0086324861367839,0.7872160351201479,-1.2813239371534195
0.0105909426987063,0.7879096118299446,-1.2814722735674675
0.0125493992606287,0.7886031885397412,-1.2816206099815155
0.014507855822551,0.789296765249538,-1.2817689463955635
0.0164663123844732,0.7899903419593346,-1.281917282809612
0.0184247689463956,0.7906839186691312,-1.28206561922366
0.020383225508318,0.7913774953789279,-1.282213955637708
0.0223416820702404,0.7920710720887246,-1.282362292051756
0.0243001386321628,0.7927646487985213,-1.282510628465804
0.0262585951940852,0.7934582255083179,-1.282658964879852
0.0282170517560076,0.7941518022181147,-1.2828073012939003
0.03017550831793,0.7948453789279113,-1.2829556377079483
0.0321339648798522,0.7955389556377079,-1.2831039741219965
0.0340924214417746,0.7962325323475047,-1.2832523105360445
0.0360508780036969,0.7969261090573013,-1.2834006469500925
0.0380093345656193,0.797619685767098,-1.2835489833641405
0.0399677911275417,0.7983132624768946,-1.283697319778189
0.0419262476894641,0.7990068391866914,-1.283845656192237
0.0438847042513865,0.799700415896488,-1.2839939926062849
0.0458431608133089,0.8003939926062846,-1.2841423290203329
0.0478016173752311,0.8010875693160814,-1.2842906654343809
0.0497600739371535,0.801781146025878,-1.2844390018484289
0.0517185304990759,0.8024747227356747,-1.2845873382624768
0.0536769870609983,0.8031682994454714,-1.284735674676525
0.0556354436229207,0.803861876155268,-1.284884011090573
0.0575939001848431,0.8045554528650647,-1.285032347504621
0.0595523567467655,0.8052490295748613,-1.2851806839186692
0.0615108133086879,0.8059426062846581,-1.2853290203327172
0.06346926987061,0.8066361829944547,-1.2854773567467652
0.0654277264325324,0.8073297597042514,-1.2856256931608134
0.0673861829944548,0.8080233364140481,-1.2857740295748614
0.0693446395563772,0.8087169131238447,-1.2859223659889094
0.0713030961182996,0.8094104898336414,-1.2860707024029576
0.073261552680222,0.8101040665434381,-1.2862190388170056
0.0752200092421444,0.8107976432532348,-1.2863673752310536
0.0771784658040666,0.8114912199630314,-1.2865157116451018
0.079136922365989,0.8121847966728282,-1.2866640480591498
0.0810953789279114,0.8128783733826248,-1.2868123844731978
0.0830538354898338,0.8135719500924214,-1.286960720887246
0.0850122920517562,0.8142655268022181,-1.287109057301294
0.0869707486136786,0.8149591035120148,-1.287257393715342
0.0889292051756009,0.8156526802218115,-1.28740573012939
0.0908876617375233,0.8163462569316081,-1.2875540665434382
0.0928461182994455,0.8170398336414049,-1.2877024029574862
0.0948045748613679,0.8177334103512015,-1.2878507393715342
0.0967630314232903,0.8184269870609981,-1.2879990757855824
0.0987214879852127,0.8191205637707949,-1.2881474121996304
0.1006799445471351,0.8198141404805915,-1.2882957486136783
0.1026384011090575,0.8205077171903882,-1.2884440850277266
0.1045968576709799,0.8212012939001848,-1.2885924214417743
0.1065553142329023,0.8218948706099816,-1.2887407578558223
0.1085137707948245,0.8225884473197782,-1.2888890942698707
0.1104722273567468,0.8232820240295748,-1.2890374306839187
0.1124306839186692,0.8239756007393716,-1.2891857670979667
