-0.0305268802228412,0.0906559888579387,0.0545644846796657
-0.0307029247910863,0.0908537604456824,0.0547614206128133
-0.0308789693593314,0.0910515320334262,0.054958356545961
-0.0310550139275766,0.0912493036211699,0.0551552924791086
-0.0312310584958217,0.0914470752089136,0.0553522284122562
-0.0314071030640668,0.0916448467966573,0.0555491643454039
-0.0315831476323119,0.0918426183844011,0.0557461002785515
-0.0317591922005571,0.0920403899721448,0.0559430362116991
-0.0319352367688022,0.0922381615598885,0.0561399721448467
-0.0321112813370473,0.0924359331476323,0.0563369080779944
-0.0322873259052924,0.092633704735376,0.056533844011142
-0.0324633704735376,0.0928314763231197,0.0567307799442896
-0.0326394150417827,0.0930292479108635,0.0569277158774373
-0.0328154596100278,0.0932270194986072,0.0571246518105849
-0.0329915041782729,0.0934247910863509,0.0573215877437325
-0.0331675487465181,0.0936225626740947,0.0575185236768802
-0.0333435933147632,0.0938203342618384,0.0577154596100278
-0.0335196378830083,0.0940181058495821,0.0579123955431754
-0.0336956824512534,0.0942158774373259,0.0581093314763231
-0.0338717270194986,0.0944136490250696,0.0583062674094707
-0.0340477715877437,0.0946114206128133,0.0585032033426183
-0.0342238161559888,0.0948091922005571,0.058700139275766
-0.0343998607242339,0.0950069637883008,0.0588970752089136
-0.0345759052924791,0.0952047353760445,0.0590940111420612
-0.0347519498607242,0.0954025069637883,0.0592909470752089
-0.0349279944289693,0.095600278551532,0.0594878830083565
-0.0351040389972144,0.0957980501392757,0.0596848189415041
-0.0352800835654596,0.0959958217270195,0.0598817548746518
-0.0354561281337047,0.0961935933147632,0.0600786908077994
-0.0356321727019498,0.0963913649025069,0.060275626740947
-0.0358082172701949,0.0965891364902507,0.0604725626740947
-0.0359842618384401,0.0967869080779944,0.0606694986072423
-0.0361603064066852,0.0969846796657381,0.0608664345403899
-0.0363363509749303,0.0971824512534819,0.0610633704735376
-0.0365123955431754,0.0973802228412256,0.0612603064066852
-0.0366884401114206,0.0975779944289693,0.0614572423398328
-0.0368644846796657,0.0977757660167131,0.0616541782729804
-0.0370405292479108,0.0979735376044568,0.0618511142061281
-0.0372165738161559,0.0981713091922005,0.0620480501392757
-0.0373926183844011,0.0983690807799443,0.0622449860724233
-0.0375686629526462,0.098566852367688,0.062441922005571
-0.0377447075208913,0.0987646239554317,0.0626388579387186
-0.0379207520891364,0.0989623955431755,0.0628357938718662
-0.0380967966573816,0.0991601671309192,0.0630327298050139
-0.0382728412256267,0.0993579387186629,0.0632296657381615
-0.0384488857938718,0.0995557103064067,0.0634266016713091
-0.038624930362117,0.0997534818941504,0.0636235376044568
-0.0388009749303621,0.0999512534818941,0.0638204735376044
-0.0389770194986072,0.1001490250696379,0.064017409470752
-0.0391530640668523,0.1003467966573816,0.0642143454038997
-0.0393291086350975,0.1005445682451253,0.0644112813370473
-0.0395051532033426,0.1007423398328691,0.0646082172701949
-0.0396811977715877,0.1009401114206128,0.0648051532033426
-0.0398572423398328,0.1011378830083565,0.0650020891364902
-0.0400332869080779,0.1013356545961002,0.0651990250696378
-0.0402093314763231,0.101533426183844,0.0653959610027855
-0.0403853760445682,0.1017311977715877,0.0655928969359331
-0.0405614206128133,0.1019289693593314,0.0657898328690807
-0.0407374651810585,0.1021267409470752,0.0659867688022284
-0.0409135097493036,0.1023245125348189,0.066183704735376
-0.0410895543175487,0.1025222841225626,0.0663806406685236
-0.0412655988857938,0.1027200557103064,0.0665775766016713
-0.041441643454039,0.1029178272980501,0.0667745125348189
-0.0416176880222841,0.1031155988857938,0.0669714484679665
-0.0417937325905292,0.1033133704735376,0.0671683844011142
-0.0419697771587743,0.1035111420612813,0.0673653203342618
-0.0421458217270195,0.103708913649025,0.0675622562674094
-0.0423218662952646,0.1039066852367688,0.0677591922005571
-0.0424979108635097,0.1041044568245125,0.0679561281337047
-0.0426739554317548,0.1043022284122562,0.0681530640668523
-0.04285,0.1045,0.06835
-0.0427678272980501,0.1042490250696378,0.068334122562674
-0.0426856545961002,0.1039980501392757,0.0683182451253481
-0.0426034818941504,0.1037470752089136,0.0683023676880222
-0.0425213091922005,0.1034961002785515,0.0682864902506963
-0.0424391364902506,0.1032451253481894,0.0682706128133704
-0.0423569637883008,0.1029941504178273,0.0682547353760445
-0.0422747910863509,0.1027431754874651,0.0682388579387186
-0.0421926183844011,0.102492200557103,0.0682229805013927
-0.0421104456824512,0.1022412256267409,0.0682071030640668
-0.0420282729805013,0.1019902506963788,0.0681912256267409
-0.0419461002785515,0.1017392757660167,0.068175348189415
-0.0418639275766016,0.1014883008356546,0.0681594707520891
-0.0417817548746518,0.1012373259052924,0.0681435933147632
-0.0416995821727019,0.1009863509749303,0.0681277158774373
-0.041617409470752,0.1007353760445682,0.0681118384401114
-0.0415352367688022,0.1004844011142061,0.0680959610027855
-0.0414530640668523,0.100233426183844,0.0680800835654596
-0.0413708913649025,0.0999824512534819,0.0680642061281337
-0.0412887186629526,0.0997314763231197,0.0680483286908077
-0.0412065459610027,0.0994805013927576,0.0680324512534818
-0.0411243732590529,0.0992295264623955,0.0680165738161559
-0.041042200557103,0.0989785515320334,0.06800069637883
-0.0409600278551532,0.0987275766016713,0.0679848189415041
-0.0408778551532033,0.0984766016713092,0.0679689415041782
-0.0407956824512534,0.098225626740947,0.0679530640668523
-0.0407135097493036,0.0979746518105849,0.0679371866295264
-0.0406313370473537,0.0977236768802228,0.0679213091922005
-0.0405491643454039,0.0974727019498607,0.0679054317548746
-0.040466991643454,0.0972217270194986,0.0678895543175487
-0.0403848189415041,0.0969707520891365,0.0678736768802228
-0.0403026462395543,0.0967197771587743,0.0678577994428969
-0.0402204735376044,0.0964688022284122,0.067841922005571
-0.0401383008356545,0.0962178272980501,0.0678260445682451
-0.0400561281337047,0.095966852367688,0.0678101671309192
-0.0399739554317548,0.0957158774373259,0.0677942896935933
-0.039891782729805,0.0954649025069638,0.0677784122562674
-0.0398096100278551,0.0952139275766016,0.0677625348189415
-0.0397274373259052,0.0949629526462395,0.0677466573816155
-0.0396452646239554,0.0947119777158774,0.0677307799442896
-0.0395630919220055,0.0944610027855153,0.0677149025069637
-0.0394809192200557,0.0942100278551532,0.0676990250696378
-0.0393987465181058,0.093959052924791,0.0676831476323119
-0.0393165738161559,0.0937080779944289,0.067667270194986
-0.0392344011142061,0.0934571030640668,0.0676513927576601
-0.0391522284122562,0.0932061281337047,0.0676355153203342
-0.0390700557103064,0.0929551532033426,0.0676196378830083
-0.0389878830083565,0.0927041782729805,0.0676037604456824
-0.0389057103064066,0.0924532033426183,0.0675878830083565
-0.0388235376044568,0.0922022284122562,0.0675720055710306
-0.0387413649025069,0.0919512534818941,0.0675561281337047
-0.0386591922005571,0.091700278551532,0.0675402506963788
-0.0385770194986072,0.0914493036211699,0.0675243732590529
-0.0384948467966573,0.0911983286908078,0.067508495821727
-0.0384126740947075,0.0909473537604456,0.0674926183844011
-0.0383305013927576,0.0906963788300835,0.0674767409470752
-0.0382483286908078,0.0904454038997214,0.0674608635097493
-0.0381661559888579,0.0901944289693593,0.0674449860724234
-0.038083983286908,0.0899434540389972,0.0674291086350974
-0.0380018105849582,0.0896924791086351,0.0674132311977715
-0.0379196378830083,0.0894415041782729,0.0673973537604456
-0.0378374651810584,0.0891905292479108,0.0673814763231197
-0.0377552924791086,0.0889395543175487,0.0673655988857938
-0.0376731197771587,0.0886885793871866,0.0673497214484679
-0.0375909470752089,0.0884376044568245,0.067333844011142
-0.037508774373259,0.0881866295264624,0.0673179665738161
-0.0374266016713091,0.0879356545961002,0.0673020891364902
-0.0373444289693593,0.0876846796657381,0.0672862116991643
-0.0372622562674094,0.087433704735376,0.0672703342618384
-0.0371800835654596,0.0871827298050139,0.0672544568245125
-0.0370979108635097,0.0869317548746518,0.0672385793871866
-0.0370157381615598,0.0866807799442897,0.0672227019498607
-0.03693356545961,0.0864298050139275,0.0672068245125348
-0.0368513927576601,0.0861788300835654,0.0671909470752089
-0.0367692200557103,0.0859278551532033,0.067175069637883
-0.0366870473537604,0.0856768802228412,0.067159192200557
-0.0366048746518105,0.0854259052924791,0.0671433147632312
-0.0365227019498607,0.085174930362117,0.0671274373259052
-0.0364405292479108,0.0849239554317548,0.0671115598885793
-0.036358356545961,0.0846729805013927,0.0670956824512534
-0.0362761838440111,0.0844220055710306,0.0670798050139275
-0.0361940111420612,0.0841710306406685,0.0670639275766016
-0.0361118384401114,0.0839200557103064,0.0670480501392757
-0.0360296657381615,0.0836690807799443,0.0670321727019498
-0.0359474930362117,0.0834181058495821,0.0670162952646239
-0.0358653203342618,0.08316713091922,0.067000417827298
-0.0357831476323119,0.0829161559888579,0.0669845403899721
-0.0357009749303621,0.0826651810584958,0.0669686629526462
-0.0356188022284122,0.0824142061281337,0.0669527855153203
-0.0355366295264623,0.0821632311977716,0.0669369080779944
-0.0354544568245125,0.0819122562674094,0.0669210306406685
-0.0353722841225626,0.0816612813370473,0.0669051532033426
-0.0352901114206128,0.0814103064066852,0.0668892757660167
-0.0352079387186629,0.0811593314763231,0.0668733983286908
-0.035125766016713,0.080908356545961,0.0668575208913649
-0.0350435933147632,0.0806573816155988,0.066841643454039
-0.0349614206128133,0.0804064066852367,0.066825766016713
-0.0348792479108635,0.0801554317548746,0.0668098885793871
-0.0347970752089136,0.0799044568245125,0.0667940111420612
-0.0347149025069637,0.0796534818941504,0.0667781337047353
-0.0346327298050139,0.0794025069637883,0.0667622562674094
-0.034550557103064,0.0791515320334261,0.0667463788300835
-0.0344683844011142,0.078900557103064,0.0667305013927576
-0.0343862116991643,0.0786495821727019,0.0667146239554317
-0.0343040389972144,0.0783986072423398,0.0666987465181058
-0.0342218662952646,0.0781476323119777,0.0666828690807799
-0.0341396935933147,0.0778966573816156,0.066666991643454
-0.0340575208913649,0.0776456824512534,0.0666511142061281
-0.033975348189415,0.0773947075208913,0.0666352367688022
-0.0338931754874651,0.0771437325905292,0.0666193593314763
-0.0338110027855153,0.0768927576601671,0.0666034818941504
-0.0337288300835654,0.076641782729805,0.0665876044568245
-0.0336466573816156,0.0763908077994429,0.0665717270194986
-0.0335644846796657,0.0761398328690807,0.0665558495821727
-0.0334823119777158,0.0758888579387186,0.0665399721448467
-0.033400139275766,0.0756378830083565,0.0665240947075208
-0.0333179665738161,0.0753869080779944,0.0665082172701949
-0.0332357938718662,0.0751359331476323,0.066492339832869
-0.0331536211699164,0.0748849582172702,0.0664764623955431
-0.0330714484679665,0.074633983286908,0.0664605849582172
-0.0329892757660167,0.0743830083565459,0.0664447075208913
-0.0329071030640668,0.0741320334261838,0.0664288300835654
-0.0328249303621169,0.0738810584958217,0.0664129526462395
-0.0327427576601671,0.0736300835654596,0.0663970752089136
-0.0326605849582172,0.0733791086350975,0.0663811977715877
-0.0325784122562674,0.0731281337047353,0.0663653203342618
-0.0324962395543175,0.0728771587743732,0.0663494428969359
-0.0324140668523676,0.0726261838440111,0.06633356545961
-0.0323318941504178,0.072375208913649,0.0663176880222841
-0.0322497214484679,0.0721242339832869,0.0663018105849582
-0.0321675487465181,0.0718732590529248,0.0662859331476323
-0.0320853760445682,0.0716222841225626,0.0662700557103064
-0.0320032033426183,0.0713713091922005,0.0662541782729805
-0.0319210306406685,0.0711203342618384,0.0662383008356545
-0.0318388579387186,0.0708693593314763,0.0662224233983286
-0.0317566852367688,0.0706183844011142,0.0662065459610027
-0.0316745125348189,0.0703674094707521,0.0661906685236768
-0.031592339832869,0.0701164345403899,0.0661747910863509
-0.0315101671309192,0.0698654596100278,0.066158913649025
-0.0314279944289693,0.0696144846796657,0.0661430362116991
-0.0313458217270194,0.0693635097493036,0.0661271587743732
-0.0312636490250696,0.0691125348189415,0.0661112813370473
-0.0311814763231197,0.0688615598885794,0.0660954038997214
-0.0310993036211699,0.0686105849582172,0.0660795264623955
-0.03101713091922,0.0683596100278551,0.0660636490250696
-0.0309349582172701,0.068108635097493,0.0660477715877437
-0.0308527855153203,0.0678576601671309,0.0660318941504178
-0.0307706128133704,0.0676066852367688,0.0660160167130919
-0.0306884401114206,0.0673557103064066,0.066000139275766
-0.0306062674094707,0.0671047353760445,0.0659842618384401
-0.0305240947075208,0.0668537604456824,0.0659683844011142
-0.030441922005571,0.0666027855153203,0.0659525069637883
-0.0303597493036211,0.0663518105849582,0.0659366295264624
-0.0302775766016713,0.0661008356545961,0.0659207520891364
-0.0301954038997214,0.0658498607242339,0.0659048746518105
-0.0301132311977715,0.0655988857938718,0.0658889972144846
-0.0300310584958217,0.0653479108635097,0.0658731197771587
-0.0299488857938718,0.0650969359331476,0.0658572423398328
-0.029866713091922,0.0648459610027855,0.0658413649025069
-0.0297845403899721,0.0645949860724234,0.065825487465181
-0.0297023676880222,0.0643440111420612,0.0658096100278551
-0.0296201949860724,0.0640930362116991,0.0657937325905292
-0.0295380222841225,0.063842061281337,0.0657778551532033
-0.0294558495821727,0.0635910863509749,0.0657619777158774
-0.0293736768802228,0.0633401114206128,0.0657461002785515
-0.0292915041782729,0.0630891364902506,0.0657302228412256
-0.0292093314763231,0.0628381615598885,0.0657143454038997
-0.0291271587743732,0.0625871866295264,0.0656984679665738
-0.0290449860724234,0.0623362116991643,0.0656825905292479
-0.0289628133704735,0.0620852367688022,0.065666713091922
-0.0288806406685236,0.0618342618384401,0.065650835654596
-0.0287984679665738,0.0615832869080779,0.0656349582172702
-0.0287162952646239,0.0613323119777158,0.0656190807799442
-0.028634122562674,0.0610813370473537,0.0656032033426183
-0.0285519498607242,0.0608303621169916,0.0655873259052924
-0.0284697771587743,0.0605793871866295,0.0655714484679665
-0.0283876044568245,0.0603284122562674,0.0655555710306406
-0.0283054317548746,0.0600774373259052,0.0655396935933147
-0.0282232590529247,0.0598264623955431,0.0655238161559888
-0.0281410863509749,0.059575487465181,0.0655079387186629
-0.028058913649025,0.0593245125348189,0.065492061281337
-0.0279767409470752,0.0590735376044568,0.0654761838440111
-0.0278945682451253,0.0588225626740947,0.0654603064066852
-0.0278123955431754,0.0585715877437325,0.0654444289693593
-0.0277302228412256,0.0583206128133704,0.0654285515320334
-0.0276480501392757,0.0580696378830083,0.0654126740947075
-0.0275658774373259,0.0578186629526462,0.0653967966573816
-0.027483704735376,0.0575676880222841,0.0653809192200557
-0.0274015320334261,0.057316713091922,0.0653650417827298
-0.0273193593314763,0.0570657381615598,0.0653491643454039
-0.0272371866295264,0.0568147632311977,0.0653332869080779
-0.0271550139275766,0.0565637883008356,0.065317409470752
-0.0270728412256267,0.0563128133704735,0.0653015320334261
-0.0269906685236768,0.0560618384401114,0.0652856545961002
-0.026908495821727,0.0558108635097493,0.0652697771587743
-0.0268263231197771,0.0555598885793871,0.0652538997214484
-0.0267441504178273,0.055308913649025,0.0652380222841225
-0.0266619777158774,0.0550579387186629,0.0652221448467966
-0.0265798050139275,0.0548069637883008,0.0652062674094707
-0.0264976323119777,0.0545559888579387,0.0651903899721448
-0.0264154596100278,0.0543050139275766,0.0651745125348189
-0.0263332869080779,0.0540540389972144,0.065158635097493
-0.0262511142061281,0.0538030640668523,0.0651427576601671
-0.0261689415041782,0.0535520891364902,0.0651268802228412
-0.0260867688022284,0.0533011142061281,0.0651110027855153
-0.0260045961002785,0.053050139275766,0.0650951253481894
-0.0259224233983286,0.0527991643454038,0.0650792479108635
-0.0258402506963788,0.0525481894150417,0.0650633704735376
-0.0257580779944289,0.0522972144846796,0.0650474930362117
-0.0256759052924791,0.0520462395543175,0.0650316155988857
-0.0255937325905292,0.0517952646239554,0.0650157381615598
-0.0255115598885793,0.0515442896935933,0.0649998607242339
-0.0254293871866295,0.0512933147632311,0.064983983286908
-0.0253472144846796,0.051042339832869,0.0649681058495821
-0.0252650417827298,0.0507913649025069,0.0649522284122562
-0.0251828690807799,0.0505403899721448,0.0649363509749303
-0.02510069637883,0.0502894150417827,0.0649204735376044
-0.0250185236768802,0.0500384401114206,0.0649045961002785
-0.0249363509749303,0.0497874651810584,0.0648887186629526
-0.0248541782729805,0.0495364902506963,0.0648728412256267
-0.0247720055710306,0.0492855153203342,0.0648569637883008
-0.0246898328690807,0.0490345403899721,0.0648410863509749
-0.0246076601671309,0.04878356545961,0.064825208913649
-0.024525487465181,0.0485325905292479,0.0648093314763231
-0.0244433147632311,0.0482816155988857,0.0647934540389972
-0.0243611420612813,0.0480306406685236,0.0647775766016713
-0.0242789693593314,0.0477796657381615,0.0647616991643454
-0.0241967966573816,0.0475286908077994,0.0647458217270195
-0.0241146239554317,0.0472777158774373,0.0647299442896935
-0.0240324512534818,0.0470267409470752,0.0647140668523676
-0.023950278551532,0.046775766016713,0.0646981894150417
-0.0238681058495821,0.0465247910863509,0.0646823119777158
-0.0237859331476323,0.0462738161559888,0.0646664345403899
-0.0237037604456824,0.0460228412256267,0.064650557103064
-0.0236215877437325,0.0457718662952646,0.0646346796657381
-0.0235394150417827,0.0455208913649025,0.0646188022284122
-0.0234572423398328,0.0452699164345403,0.0646029247910863
-0.023375069637883,0.0450189415041782,0.0645870473537604
-0.0232928969359331,0.0447679665738161,0.0645711699164345
-0.0232107242339832,0.044516991643454,0.0645552924791086
-0.0231285515320334,0.0442660167130919,0.0645394150417827
-0.0230463788300835,0.0440150417827298,0.0645235376044568
-0.0229642061281337,0.0437640668523676,0.0645076601671309
-0.0228820334261838,0.0435130919220055,0.064491782729805
-0.0227998607242339,0.0432621169916434,0.0644759052924791
-0.0227176880222841,0.0430111420612813,0.0644600278551532
-0.0226355153203342,0.0427601671309192,0.0644441504178272
-0.0225533426183844,0.0425091922005571,0.0644282729805013
-0.0224711699164345,0.0422582172701949,0.0644123955431754
-0.0223889972144846,0.0420072423398328,0.0643965181058495
-0.0223068245125348,0.0417562674094707,0.0643806406685236
-0.0222246518105849,0.0415052924791086,0.0643647632311977
-0.022142479108635,0.0412543175487465,0.0643488857938718
-0.0220603064066852,0.0410033426183844,0.0643330083565459
-0.0219781337047353,0.0407523676880222,0.06431713091922
-0.0218959610027855,0.0405013927576601,0.0643012534818941
-0.0218137883008356,0.040250417827298,0.0642853760445682
-0.0217316155988857,0.0399994428969359,0.0642694986072423
-0.0216494428969359,0.0397484679665738,0.0642536211699164
-0.021567270194986,0.0394974930362116,0.0642377437325905
-0.0214850974930362,0.0392465181058495,0.0642218662952646
-0.0214029247910863,0.0389955431754874,0.0642059888579387
-0.0213207520891364,0.0387445682451253,0.0641901114206128
-0.0212385793871866,0.0384935933147632,0.0641742339832869
-0.0211564066852367,0.0382426183844011,0.064158356545961
-0.0210742339832869,0.0379916434540389,0.064142479108635
-0.020992061281337,0.0377406685236768,0.0641266016713092
-0.0209098885793871,0.0374896935933147,0.0641107242339832
-0.0208277158774373,0.0372387186629526,0.0640948467966573
-0.0207455431754874,0.0369877437325905,0.0640789693593314
-0.0206633704735376,0.0367367688022284,0.0640630919220055
-0.0205811977715877,0.0364857938718662,0.0640472144846796
-0.0204990250696378,0.0362348189415041,0.0640313370473537
-0.020416852367688,0.035983844011142,0.0640154596100278
-0.0203346796657381,0.0357328690807799,0.0639995821727019
-0.0202525069637883,0.0354818941504178,0.063983704735376
-0.0201703342618384,0.0352309192200557,0.0639678272980501
-0.0200881615598885,0.0349799442896935,0.0639519498607242
-0.0200059888579387,0.0347289693593314,0.0639360724233983
-0.0199238161559888,0.0344779944289693,0.0639201949860724
-0.019841643454039,0.0342270194986072,0.0639043175487465
-0.0197594707520891,0.0339760445682451,0.0638884401114206
-0.0196772980501392,0.033725069637883,0.0638725626740947
-0.0195951253481894,0.0334740947075208,0.0638566852367688
-0.0195129526462395,0.0332231197771587,0.0638408077994429
-0.0194307799442896,0.0329721448467966,0.0638249303621169
-0.0193486072423398,0.0327211699164345,0.063809052924791
-0.0192664345403899,0.0324701949860724,0.0637931754874651
-0.0191842618384401,0.0322192200557103,0.0637772980501392
-0.0191020891364902,0.0319682451253481,0.0637614206128133
-0.0190199164345403,0.031717270194986,0.0637455431754874
-0.0189377437325905,0.0314662952646239,0.0637296657381615
-0.0188555710306406,0.0312153203342618,0.0637137883008356
-0.0187733983286908,0.0309643454038997,0.0636979108635097
-0.0186912256267409,0.0307133704735376,0.0636820334261838
-0.018609052924791,0.0304623955431754,0.0636661559888579
-0.0185268802228412,0.0302114206128133,0.063650278551532
-0.0184447075208913,0.0299604456824512,0.0636344011142061
-0.0183625348189415,0.0297094707520891,0.0636185236768802
-0.0182803621169916,0.029458495821727,0.0636026462395543
-0.0181981894150417,0.0292075208913649,0.0635867688022284
-0.0181160167130919,0.0289565459610027,0.0635708913649025
-0.018033844011142,0.0287055710306406,0.0635550139275765
-0.0179516713091922,0.0284545961002785,0.0635391364902507
-0.0178694986072423,0.0282036211699164,0.0635232590529247
-0.0177873259052924,0.0279526462395543,0.0635073816155988
-0.0177051532033426,0.0277016713091921,0.0634915041782729
-0.0176229805013927,0.02745069637883,0.063475626740947
-0.0175408077994429,0.0271997214484679,0.0634597493036211
-0.017458635097493,0.0269487465181058,0.0634438718662952
-0.0173764623955431,0.0266977715877437,0.0634279944289693
-0.0172942896935933,0.0264467966573816,0.0634121169916434
-0.0172121169916434,0.0261958217270194,0.0633962395543175
-0.0171299442896935,0.0259448467966573,0.0633803621169916
-0.0170477715877437,0.0256938718662952,0.0633644846796657
-0.0169655988857938,0.0254428969359331,0.0633486072423398
-0.016883426183844,0.025191922005571,0.0633327298050139
-0.0168012534818941,0.0249409470752089,0.063316852367688
-0.0167190807799442,0.0246899721448467,0.0633009749303621
-0.0166369080779944,0.0244389972144846,0.0632850974930362
-0.0165547353760445,0.0241880222841225,0.0632692200557103
-0.0164725626740947,0.0239370473537604,0.0632533426183844
-0.0163903899721448,0.0236860724233983,0.0632374651810585
-0.0163082172701949,0.0234350974930362,0.0632215877437325
-0.0162260445682451,0.023184122562674,0.0632057103064066
-0.0161438718662952,0.0229331476323119,0.0631898328690807
-0.0160616991643454,0.0226821727019498,0.0631739554317548
-0.0159795264623955,0.0224311977715877,0.0631580779944289
-0.0158973537604456,0.0221802228412256,0.063142200557103
-0.0158151810584958,0.0219292479108635,0.0631263231197771
-0.0157330083565459,0.0216782729805013,0.0631104456824512
-0.0156508356545961,0.0214272980501392,0.0630945682451253
-0.0155686629526462,0.0211763231197771,0.0630786908077994
-0.0154864902506963,0.020925348189415,0.0630628133704735
-0.0154043175487465,0.0206743732590529,0.0630469359331476
-0.0153221448467966,0.0204233983286908,0.0630310584958217
-0.0152399721448467,0.0201724233983286,0.0630151810584958
-0.0151577994428969,0.0199214484679665,0.0629993036211699
-0.015075626740947,0.0196704735376044,0.062983426183844
-0.0149934540389972,0.0194194986072423,0.0629675487465181
-0.0149112813370473,0.0191685236768802,0.0629516713091922
-0.0148291086350974,0.0189175487465181,0.0629357938718662
-0.0147469359331476,0.0186665738161559,0.0629199164345403
-0.0146647632311977,0.0184155988857938,0.0629040389972144
-0.0145825905292479,0.0181646239554317,0.0628881615598885
-0.014500417827298,0.0179136490250696,0.0628722841225626
-0.0144182451253481,0.0176626740947075,0.0628564066852367
-0.0143360724233983,0.0174116991643454,0.0628405292479108
-0.0142538997214484,0.0171607242339832,0.0628246518105849
-0.0141717270194986,0.0169097493036211,0.062808774373259
-0.0140895543175487,0.016658774373259,0.0627928969359331
-0.0140073816155988,0.0164077994428969,0.0627770194986072
-0.013925208913649,0.0161568245125348,0.0627611420612813
-0.0138430362116991,0.0159058495821727,0.0627452646239554
-0.0137608635097493,0.0156548746518105,0.0627293871866295
-0.0136786908077994,0.0154038997214484,0.0627135097493036
-0.0135965181058495,0.0151529247910863,0.0626976323119777
-0.0135143454038997,0.0149019498607242,0.0626817548746518
-0.0134321727019498,0.0146509749303621,0.0626658774373259
-0.0133499999999999,0.0144,0.06265
-0.0131079387186629,0.0145495821727019,0.0625355153203342
-0.0128658774373259,0.0146991643454038,0.0624210306406685
-0.0126238161559888,0.0148487465181058,0.0623065459610027
-0.0123817548746518,0.0149983286908077,0.062192061281337
-0.0121396935933147,0.0151479108635097,0.0620775766016713
-0.0118976323119777,0.0152974930362116,0.0619630919220055
-0.0116555710306406,0.0154470752089136,0.0618486072423398
-0.0114135097493036,0.0155966573816155,0.061734122562674
-0.0111714484679665,0.0157462395543175,0.0616196378830083
-0.0109293871866295,0.0158958217270194,0.0615051532033426
-0.0106873259052924,0.0160454038997214,0.0613906685236768
-0.0104452646239554,0.0161949860724234,0.0612761838440111
-0.0102032033426183,0.0163445682451253,0.0611616991643454
-0.0099611420612813,0.0164941504178272,0.0610472144846796
-0.0097190807799442,0.0166437325905292,0.0609327298050139
-0.0094770194986072,0.0167933147632311,0.0608182451253481
-0.0092349582172701,0.0169428969359331,0.0607037604456824
-0.0089928969359331,0.017092479108635,0.0605892757660167
-0.008750835654596,0.017242061281337,0.0604747910863509
-0.008508774373259,0.0173916434540389,0.0603603064066852
-0.008266713091922,0.0175412256267409,0.0602458217270195
-0.0080246518105849,0.0176908077994428,0.0601313370473537
-0.0077825905292479,0.0178403899721448,0.060016852367688
-0.0075405292479108,0.0179899721448467,0.0599023676880222
-0.0072984679665738,0.0181395543175487,0.0597878830083565
-0.0070564066852367,0.0182891364902506,0.0596733983286908
-0.0068143454038997,0.0184387186629526,0.059558913649025
-0.0065722841225626,0.0185883008356545,0.0594444289693593
-0.0063302228412256,0.0187378830083565,0.0593299442896935
-0.0060881615598885,0.0188874651810584,0.0592154596100278
-0.0058461002785515,0.0190370473537604,0.0591009749303621
-0.0056040389972144,0.0191866295264623,0.0589864902506963
-0.0053619777158774,0.0193362116991643,0.0588720055710306
-0.0051199164345403,0.0194857938718662,0.0587575208913649
-0.0048778551532033,0.0196353760445682,0.0586430362116991
-0.0046357938718662,0.0197849582172701,0.0585285515320334
-0.0043937325905292,0.0199345403899721,0.0584140668523676
-0.0041516713091921,0.020084122562674,0.0582995821727019
-0.0039096100278551,0.020233704735376,0.0581850974930362
-0.0036675487465181,0.0203832869080779,0.0580706128133704
-0.003425487465181,0.0205328690807799,0.0579561281337047
-0.003183426183844,0.0206824512534818,0.0578416434540389
-0.0029413649025069,0.0208320334261838,0.0577271587743732
-0.0026993036211699,0.0209816155988857,0.0576126740947075
-0.0024572423398328,0.0211311977715877,0.0574981894150417
-0.0022151810584958,0.0212807799442896,0.057383704735376
-0.0019731197771587,0.0214303621169916,0.0572692200557103
-0.0017310584958217,0.0215799442896935,0.0571547353760445
-0.0014889972144846,0.0217295264623955,0.0570402506963788
-0.0012469359331476,0.0218791086350974,0.056925766016713
-0.0010048746518105,0.0220286908077994,0.0568112813370473
-0.0007628133704735,0.0221782729805013,0.0566967966573816
-0.0005207520891364,0.0223278551532033,0.0565823119777158
-0.0002786908077994,0.0224774373259052,0.0564678272980501
-3.662952646239434e-05,0.0226270194986072,0.0563533426183844
0.0002054317548746,0.0227766016713091,0.0562388579387186
0.0004474930362117,0.0229261838440111,0.0561243732590529
0.0006895543175487,0.023075766016713,0.0560098885793871
0.0009316155988857,0.023225348189415,0.0558954038997214
0.0011736768802228,0.0233749303621169,0.0557809192200557
0.0014157381615598,0.0235245125348189,0.0556664345403899
0.0016577994428969,0.0236740947075208,0.0555519498607242
0.0018998607242339,0.0238236768802228,0.0554374651810584
0.002141922005571,0.0239732590529247,0.0553229805013927
0.002383983286908,0.0241228412256267,0.055208495821727
0.0026260445682451,0.0242724233983286,0.0550940111420612
0.0028681058495821,0.0244220055710306,0.0549795264623955
0.0031101671309192,0.0245715877437325,0.0548650417827298
0.0033522284122562,0.0247211699164345,0.054750557103064
0.0035942896935933,0.0248707520891364,0.0546360724233983
