-0.052028431372549,0.0115833333333333,0.0177176470588235
-0.0520941176470588,0.01158,0.0175611764705882
-0.0521598039215686,0.0115766666666666,0.0174047058823529
-0.0522254901960784,0.0115733333333333,0.0172482352941176
-0.0522911764705882,0.0115699999999999,0.0170917647058823
-0.052356862745098,0.0115666666666666,0.016935294117647
-0.0524225490196078,0.0115633333333333,0.0167788235294117
-0.0524882352941176,0.0115599999999999,0.0166223529411764
-0.0525539215686274,0.0115566666666666,0.0164658823529411
-0.0526196078431372,0.0115533333333333,0.0163094117647058
-0.052685294117647,0.01155,0.0161529411764705
-0.0527509803921568,0.0115466666666666,0.0159964705882352
-0.0528166666666666,0.0115433333333333,0.01584
-0.0528823529411764,0.01154,0.0156835294117647
-0.0529480392156862,0.0115366666666666,0.0155270588235294
-0.053013725490196,0.0115333333333333,0.0153705882352941
-0.0530794117647058,0.0115299999999999,0.0152141176470588
-0.0531450980392156,0.0115266666666666,0.0150576470588235
-0.0532107843137254,0.0115233333333333,0.0149011764705882
-0.0532764705882352,0.0115199999999999,0.0147447058823529
-0.053342156862745,0.0115166666666666,0.0145882352941176
-0.0534078431372549,0.0115133333333333,0.0144317647058823
-0.0534735294117647,0.01151,0.014275294117647
-0.0535392156862745,0.0115066666666666,0.0141188235294117
-0.0536049019607843,0.0115033333333333,0.0139623529411764
-0.0536705882352941,0.0115,0.0138058823529411
-0.0537362745098039,0.0114966666666666,0.0136494117647058
-0.0538019607843137,0.0114933333333333,0.0134929411764705
-0.0538676470588235,0.0114899999999999,0.0133364705882352
-0.0539333333333333,0.0114866666666666,0.01318
-0.0539990196078431,0.0114833333333333,0.0130235294117647
-0.0540647058823529,0.0114799999999999,0.0128670588235294
-0.0541303921568627,0.0114766666666666,0.0127105882352941
-0.0541960784313725,0.0114733333333333,0.0125541176470588
-0.0542617647058823,0.01147,0.0123976470588235
-0.0543274509803921,0.0114666666666666,0.0122411764705882
-0.0543931372549019,0.0114633333333333,0.0120847058823529
-0.0544588235294117,0.01146,0.0119282352941176
-0.0545245098039215,0.0114566666666666,0.0117717647058823
-0.0545901960784313,0.0114533333333333,0.011615294117647
-0.0546558823529411,0.0114499999999999,0.0114588235294117
-0.0547215686274509,0.0114466666666666,0.0113023529411764
-0.0547872549019607,0.0114433333333333,0.0111458823529411
-0.0548529411764705,0.0114399999999999,0.0109894117647058
-0.0549186274509803,0.0114366666666666,0.0108329411764705
-0.0549843137254901,0.0114333333333333,0.0106764705882352
-0.0550499999999999,0.01143,0.01052
-0.0551156862745098,0.0114266666666666,0.0103635294117647
-0.0551813725490196,0.0114233333333333,0.0102070588235294
-0.0552470588235294,0.01142,0.0100505882352941
-0.0553127450980392,0.0114166666666666,0.0098941176470588
-0.055378431372549,0.0114133333333333,0.0097376470588235
-0.0554441176470588,0.01141,0.0095811764705882
-0.0555098039215686,0.0114066666666666,0.0094247058823529
-0.0555754901960784,0.0114033333333333,0.0092682352941176
-0.0556411764705882,0.0113999999999999,0.0091117647058823
-0.055706862745098,0.0113966666666666,0.008955294117647
-0.0557725490196078,0.0113933333333333,0.0087988235294117
-0.0558382352941176,0.0113899999999999,0.0086423529411764
-0.0559039215686274,0.0113866666666666,0.0084858823529411
-0.0559696078431372,0.0113833333333333,0.0083294117647058
-0.056035294117647,0.01138,0.0081729411764705
-0.0561009803921568,0.0113766666666666,0.0080164705882352
-0.0561666666666666,0.0113733333333333,0.00786
-0.0562323529411764,0.01137,0.0077035294117647
-0.0562980392156862,0.0113666666666666,0.0075470588235294
-0.056363725490196,0.0113633333333333,0.0073905882352941
-0.0564294117647058,0.0113599999999999,0.0072341176470588
-0.0564950980392156,0.0113566666666666,0.0070776470588235
-0.0565607843137254,0.0113533333333333,0.0069211764705882
-0.0566264705882352,0.0113499999999999,0.0067647058823529
-0.056692156862745,0.0113466666666666,0.0066082352941176
-0.0567578431372549,0.0113433333333333,0.0064517647058823
-0.0568235294117647,0.01134,0.006295294117647
-0.0568892156862745,0.0113366666666666,0.0061388235294117
-0.0569549019607843,0.0113333333333333,0.0059823529411764
-0.0570205882352941,0.01133,0.0058258823529411
-0.0570862745098039,0.0113266666666666,0.0056694117647058
-0.0571519607843137,0.0113233333333333,0.0055129411764705
-0.0572176470588235,0.0113199999999999,0.0053564705882352
-0.0572833333333333,0.0113166666666666,0.0052
-0.0573490196078431,0.0113133333333333,0.0050435294117647
-0.0574147058823529,0.0113099999999999,0.0048870588235294
-0.0574803921568627,0.0113066666666666,0.0047305882352941
-0.0575460784313725,0.0113033333333333,0.0045741176470588
-0.0576117647058823,0.0113,0.0044176470588235
-0.0576774509803921,0.0112966666666666,0.0042611764705882
-0.0577431372549019,0.0112933333333333,0.0041047058823529
-0.0578088235294117,0.01129,0.0039482352941176
-0.0578745098039215,0.0112866666666666,0.0037917647058823
-0.0579401960784313,0.0112833333333333,0.003635294117647
-0.0580058823529411,0.0112799999999999,0.0034788235294117
-0.0580715686274509,0.0112766666666666,0.0033223529411764
-0.0581372549019607,0.0112733333333333,0.0031658823529411
-0.0582029411764705,0.0112699999999999,0.0030094117647058
-0.0582686274509803,0.0112666666666666,0.0028529411764705
-0.0583343137254901,0.0112633333333333,0.0026964705882352
-0.0583999999999999,0.01126,0.00254
-0.0584656862745098,0.0112566666666666,0.0023835294117647
-0.0585313725490196,0.0112533333333333,0.0022270588235294
-0.0585970588235294,0.01125,0.0020705882352941
-0.0586627450980392,0.0112466666666666,0.0019141176470588
-0.058728431372549,0.0112433333333333,0.0017576470588235
-0.0587941176470588,0.01124,0.0016011764705882
-0.0588598039215686,0.0112366666666666,0.0014447058823529
-0.0589254901960784,0.0112333333333333,0.0012882352941176
-0.0589911764705882,0.0112299999999999,0.0011317647058823
-0.059056862745098,0.0112266666666666,0.000975294117647
-0.0591225490196078,0.0112233333333333,0.0008188235294117
-0.0591882352941176,0.0112199999999999,0.0006623529411764
-0.0592539215686274,0.0112166666666666,0.0005058823529411
-0.0593196078431372,0.0112133333333333,0.0003494117647058
-0.059385294117647,0.01121,0.0001929411764705
-0.0594509803921568,0.0112066666666666,3.647058823529406e-05
-0.0595166666666666,0.0112033333333333,-0.0001199999999999
-0.0595823529411764,0.0112,-0.0002764705882352
-0.0596480392156862,0.0111966666666666,-0.0004329411764705
-0.059713725490196,0.0111933333333333,-0.0005894117647058
-0.0597794117647058,0.0111899999999999,-0.0007458823529411
-0.0598450980392156,0.0111866666666666,-0.0009023529411764
-0.0599107843137254,0.0111833333333333,-0.0010588235294117
-0.0599764705882352,0.0111799999999999,-0.001215294117647
-0.0600421568627451,0.0111766666666666,-0.0013717647058823
-0.0601078431372548,0.0111733333333333,-0.0015282352941176
-0.0601735294117647,0.01117,-0.0016847058823529
-0.0602392156862745,0.0111666666666666,-0.0018411764705882
-0.0603049019607843,0.0111633333333333,-0.0019976470588235
-0.0603705882352941,0.01116,-0.0021541176470588
-0.0604362745098039,0.0111566666666666,-0.0023105882352941
-0.0605019607843137,0.0111533333333333,-0.0024670588235294
-0.0605676470588235,0.0111499999999999,-0.0026235294117647
-0.0606333333333333,0.0111466666666666,-0.0027799999999999
-0.0606990196078431,0.0111433333333333,-0.0029364705882352
-0.0607647058823529,0.0111399999999999,-0.0030929411764705
-0.0608303921568627,0.0111366666666666,-0.0032494117647058
-0.0608960784313725,0.0111333333333333,-0.0034058823529411
-0.0609617647058823,0.01113,-0.0035623529411764
-0.0610274509803921,0.0111266666666666,-0.0037188235294117
-0.0610931372549019,0.0111233333333333,-0.003875294117647
-0.0611588235294117,0.01112,-0.0040317647058823
-0.0612245098039215,0.0111166666666666,-0.0041882352941176
-0.0612901960784313,0.0111133333333333,-0.0043447058823529
-0.0613558823529411,0.0111099999999999,-0.0045011764705882
-0.0614215686274509,0.0111066666666666,-0.0046576470588235
-0.0614872549019607,0.0111033333333333,-0.0048141176470588
-0.0615529411764705,0.0110999999999999,-0.0049705882352941
-0.0616186274509803,0.0110966666666666,-0.0051270588235294
-0.0616843137254901,0.0110933333333333,-0.0052835294117647
-0.06175,0.01109,-0.00544
-0.0618156862745098,0.0110866666666666,-0.0055964705882352
-0.0618813725490196,0.0110833333333333,-0.0057529411764705
-0.0619470588235294,0.01108,-0.0059094117647058
-0.0620127450980392,0.0110766666666666,-0.0060658823529411
-0.062078431372549,0.0110733333333333,-0.0062223529411764
-0.0621441176470588,0.01107,-0.0063788235294117
-0.0622098039215686,0.0110666666666666,-0.006535294117647
-0.0622754901960784,0.0110633333333333,-0.0066917647058823
-0.0623411764705882,0.0110599999999999,-0.0068482352941176
-0.062406862745098,0.0110566666666666,-0.0070047058823529
-0.0624725490196078,0.0110533333333333,-0.0071611764705882
-0.0625382352941176,0.0110499999999999,-0.0073176470588235
-0.0626039215686274,0.0110466666666666,-0.0074741176470588
-0.0626696078431372,0.0110433333333333,-0.0076305882352941
-0.062735294117647,0.01104,-0.0077870588235294
-0.0628009803921568,0.0110366666666666,-0.0079435294117647
-0.0628666666666666,0.0110333333333333,-0.0081
-0.0629323529411764,0.01103,-0.0082564705882352
-0.0629980392156862,0.0110266666666666,-0.0084129411764705
-0.063063725490196,0.0110233333333333,-0.0085694117647058
-0.0631294117647058,0.0110199999999999,-0.0087258823529411
-0.0631950980392156,0.0110166666666666,-0.0088823529411764
-0.0632607843137254,0.0110133333333333,-0.0090388235294117
-0.0633264705882352,0.0110099999999999,-0.009195294117647
-0.063392156862745,0.0110066666666666,-0.0093517647058823
-0.0634578431372549,0.0110033333333333,-0.0095082352941176
-0.0635235294117647,0.011,-0.0096647058823529
-0.0635892156862745,0.0109966666666666,-0.0098211764705882
-0.0636549019607843,0.0109933333333333,-0.0099776470588235
-0.0637205882352941,0.01099,-0.0101341176470588
-0.0637862745098039,0.0109866666666666,-0.0102905882352941
-0.0638519607843137,0.0109833333333333,-0.0104470588235294
-0.0639176470588235,0.0109799999999999,-0.0106035294117647
-0.0639833333333333,0.0109766666666666,-0.0107599999999999
-0.0640490196078431,0.0109733333333333,-0.0109164705882352
-0.0641147058823529,0.0109699999999999,-0.0110729411764705
-0.0641803921568627,0.0109666666666666,-0.0112294117647058
-0.0642460784313725,0.0109633333333333,-0.0113858823529411
-0.0643117647058823,0.01096,-0.0115423529411764
-0.0643774509803921,0.0109566666666666,-0.0116988235294117
-0.0644431372549019,0.0109533333333333,-0.011855294117647
-0.0645088235294117,0.01095,-0.0120117647058823
-0.0645745098039215,0.0109466666666666,-0.0121682352941176
-0.0646401960784313,0.0109433333333333,-0.0123247058823529
-0.0647058823529411,0.0109399999999999,-0.0124811764705882
-0.0647715686274509,0.0109366666666666,-0.0126376470588235
-0.0648372549019607,0.0109333333333333,-0.0127941176470588
-0.0649029411764705,0.0109299999999999,-0.0129505882352941
-0.0649686274509803,0.0109266666666666,-0.0131070588235294
-0.0650343137254901,0.0109233333333333,-0.0132635294117647
-0.0650999999999999,0.01092,-0.0134199999999999
-0.0651656862745098,0.0109166666666666,-0.0135764705882352
-0.0652313725490196,0.0109133333333333,-0.0137329411764705
-0.0652970588235294,0.01091,-0.0138894117647058
-0.0653627450980392,0.0109066666666666,-0.0140458823529411
-0.065428431372549,0.0109033333333333,-0.0142023529411764
-0.0654941176470588,0.0109,-0.0143588235294117
-0.0655598039215686,0.0108966666666666,-0.014515294117647
-0.0656254901960784,0.0108933333333333,-0.0146717647058823
-0.0656911764705882,0.0108899999999999,-0.0148282352941176
-0.065756862745098,0.0108866666666666,-0.0149847058823529
-0.0658225490196078,0.0108833333333333,-0.0151411764705882
-0.0658882352941176,0.0108799999999999,-0.0152976470588235
-0.0659539215686274,0.0108766666666666,-0.0154541176470588
-0.0660196078431372,0.0108733333333333,-0.0156105882352941
-0.066085294117647,0.01087,-0.0157670588235294
-0.0661509803921568,0.0108666666666666,-0.0159235294117647
-0.0662166666666666,0.0108633333333333,-0.01608
-0.0662823529411764,0.01086,-0.0162364705882352
-0.0663480392156862,0.0108566666666666,-0.0163929411764705
-0.066413725490196,0.0108533333333333,-0.0165494117647058
-0.0664794117647058,0.0108499999999999,-0.0167058823529411
-0.0665450980392156,0.0108466666666666,-0.0168623529411764
-0.0666107843137254,0.0108433333333333,-0.0170188235294117
-0.0666764705882353,0.0108399999999999,-0.017175294117647
-0.0667421568627451,0.0108366666666666,-0.0173317647058823
-0.0668078431372549,0.0108333333333333,-0.0174882352941176
-0.0668735294117647,0.01083,-0.0176447058823529
-0.0669392156862745,0.0108266666666666,-0.0178011764705882
-0.0670049019607843,0.0108233333333333,-0.0179576470588235
-0.0670705882352941,0.01082,-0.0181141176470588
-0.0671362745098039,0.0108166666666666,-0.0182705882352941
-0.0672019607843137,0.0108133333333333,-0.0184270588235294
-0.0672676470588235,0.0108099999999999,-0.0185835294117647
-0.0673333333333333,0.0108066666666666,-0.0187399999999999
-0.0673990196078431,0.0108033333333333,-0.0188964705882352
-0.0674647058823529,0.0107999999999999,-0.0190529411764705
-0.0675303921568627,0.0107966666666666,-0.0192094117647058
-0.0675960784313725,0.0107933333333333,-0.0193658823529411
-0.0676617647058823,0.01079,-0.0195223529411764
-0.0677274509803921,0.0107866666666666,-0.0196788235294117
-0.0677931372549019,0.0107833333333333,-0.019835294117647
-0.0678588235294117,0.01078,-0.0199917647058823
-0.0679245098039215,0.0107766666666666,-0.0201482352941176
-0.0679901960784313,0.0107733333333333,-0.0203047058823529
-0.0680558823529411,0.0107699999999999,-0.0204611764705882
-0.0681215686274509,0.0107666666666666,-0.0206176470588235
-0.0681872549019607,0.0107633333333333,-0.0207741176470588
-0.0682529411764705,0.0107599999999999,-0.0209305882352941
-0.0683186274509803,0.0107566666666666,-0.0210870588235294
-0.0683843137254902,0.0107533333333333,-0.0212435294117647
-0.06845,0.01075,-0.0214
-0.0681909803921568,0.0107199999999999,-0.0210309803921568
-0.0679319607843137,0.01069,-0.0206619607843137
-0.0676729411764705,0.01066,-0.0202929411764705
-0.0674139215686274,0.0106299999999999,-0.0199239215686274
-0.0671549019607843,0.0105999999999999,-0.0195549019607843
-0.0668958823529411,0.01057,-0.0191858823529411
-0.066636862745098,0.0105399999999999,-0.018816862745098
-0.0663778431372549,0.0105099999999999,-0.0184478431372549
-0.0661188235294117,0.01048,-0.0180788235294117
-0.0658598039215686,0.01045,-0.0177098039215686
-0.0656007843137254,0.0104199999999999,-0.0173407843137254
-0.0653417647058823,0.01039,-0.0169717647058823
-0.0650827450980392,0.01036,-0.0166027450980392
-0.064823725490196,0.0103299999999999,-0.016233725490196
-0.0645647058823529,0.0102999999999999,-0.0158647058823529
-0.0643056862745098,0.01027,-0.0154956862745098
-0.0640466666666666,0.0102399999999999,-0.0151266666666666
-0.0637876470588235,0.0102099999999999,-0.0147576470588235
-0.0635286274509804,0.01018,-0.0143886274509803
-0.0632696078431372,0.01015,-0.0140196078431372
-0.0630105882352941,0.0101199999999999,-0.0136505882352941
-0.0627515686274509,0.01009,-0.0132815686274509
-0.0624925490196078,0.01006,-0.0129125490196078
-0.0622335294117647,0.0100299999999999,-0.0125435294117647
-0.0619745098039215,0.0099999999999999,-0.0121745098039215
-0.0617154901960784,0.00997,-0.0118054901960784
-0.0614564705882352,0.00994,-0.0114364705882352
-0.0611974509803921,0.0099099999999999,-0.0110674509803921
-0.060938431372549,0.00988,-0.010698431372549
-0.0606794117647058,0.00985,-0.0103294117647058
-0.0604203921568627,0.0098199999999999,-0.0099603921568627
-0.0601613725490196,0.00979,-0.0095913725490196
-0.0599023529411764,0.00976,-0.0092223529411764
-0.0596433333333333,0.0097299999999999,-0.0088533333333333
-0.0593843137254901,0.0097,-0.0084843137254901
-0.059125294117647,0.00967,-0.008115294117647
-0.0588662745098039,0.00964,-0.0077462745098039
-0.0586072549019607,0.0096099999999999,-0.0073772549019607
-0.0583482352941176,0.00958,-0.0070082352941176
-0.0580892156862745,0.00955,-0.0066392156862745
-0.0578301960784313,0.0095199999999999,-0.0062701960784313
-0.0575711764705882,0.0094899999999999,-0.0059011764705882
-0.057312156862745,0.00946,-0.005532156862745
-0.0570531372549019,0.00943,-0.0051631372549019
-0.0567941176470588,0.0093999999999999,-0.0047941176470588
-0.0565350980392156,0.00937,-0.0044250980392156
-0.0562760784313725,0.00934,-0.0040560784313725
-0.0560170588235294,0.0093099999999999,-0.0036870588235294
-0.0557580392156862,0.00928,-0.0033180392156862
-0.0554990196078431,0.00925,-0.0029490196078431
-0.05524,0.0092199999999999,-0.0025799999999999
-0.0549809803921568,0.00919,-0.0022109803921568
-0.0547219607843137,0.00916,-0.0018419607843137
-0.0544629411764705,0.00913,-0.0014729411764705
-0.0542039215686274,0.0090999999999999,-0.0011039215686274
-0.0539449019607843,0.00907,-0.0007349019607843
-0.0536858823529411,0.00904,-0.0003658823529411
-0.053426862745098,0.0090099999999999,3.1372549019609286e-06
-0.0531678431372549,0.00898,0.000372156862745
-0.0529088235294117,0.00895,0.0007411764705882
-0.0526498039215686,0.0089199999999999,0.0011101960784313
-0.0523907843137254,0.0088899999999999,0.0014792156862745
-0.0521317647058823,0.00886,0.0018482352941176
-0.0518727450980392,0.00883,0.0022172549019607
-0.051613725490196,0.0087999999999999,0.0025862745098039
-0.0513547058823529,0.00877,0.002955294117647
-0.0510956862745098,0.00874,0.0033243137254901
-0.0508366666666666,0.0087099999999999,0.0036933333333333
-0.0505776470588235,0.00868,0.0040623529411764
-0.0503186274509803,0.00865,0.0044313725490196
-0.0500596078431372,0.00862,0.0048003921568627
-0.0498005882352941,0.00859,0.0051694117647058
-0.0495415686274509,0.00856,0.005538431372549
-0.0492825490196078,0.00853,0.0059074509803921
-0.0490235294117647,0.0085,0.0062764705882352
-0.0487645098039215,0.00847,0.0066454901960784
-0.0485054901960784,0.00844,0.0070145098039215
-0.0482464705882352,0.0084099999999999,0.0073835294117647
-0.0479874509803921,0.0083799999999999,0.0077525490196078
-0.047728431372549,0.00835,0.0081215686274509
-0.0474694117647058,0.00832,0.0084905882352941
-0.0472103921568627,0.0082899999999999,0.0088596078431372
-0.0469513725490196,0.00826,0.0092286274509803
-0.0466923529411764,0.00823,0.0095976470588235
-0.0464333333333333,0.0081999999999999,0.0099666666666666
-0.0461743137254901,0.00817,0.0103356862745098
-0.045915294117647,0.00814,0.0107047058823529
-0.0456562745098039,0.00811,0.011073725490196
-0.0453972549019607,0.00808,0.0114427450980392
-0.0451382352941176,0.00805,0.0118117647058823
-0.0448792156862745,0.00802,0.0121807843137254
-0.0446201960784313,0.00799,0.0125498039215686
-0.0443611764705882,0.00796,0.0129188235294117
-0.0441021568627451,0.00793,0.0132878431372549
-0.0438431372549019,0.0079,0.013656862745098
-0.0435841176470588,0.00787,0.0140258823529411
-0.0433250980392156,0.00784,0.0143949019607843
-0.0430660784313725,0.0078099999999999,0.0147639215686274
-0.0428070588235294,0.00778,0.0151329411764705
-0.0425480392156862,0.00775,0.0155019607843137
-0.0422890196078431,0.0077199999999999,0.0158709803921568
-0.04203,0.00769,0.01624
-0.0417709803921568,0.00766,0.0166090196078431
-0.0415119607843137,0.00763,0.0169780392156862
-0.0412529411764705,0.0076,0.0173470588235294
-0.0409939215686274,0.00757,0.0177160784313725
-0.0407349019607843,0.00754,0.0180850980392156
-0.0404758823529411,0.0075099999999999,0.0184541176470588
-0.040216862745098,0.00748,0.0188231372549019
-0.0399578431372549,0.00745,0.0191921568627451
-0.0396988235294117,0.0074199999999999,0.0195611764705882
-0.0394398039215686,0.00739,0.0199301960784313
-0.0391807843137254,0.00736,0.0202992156862745
-0.0389217647058823,0.00733,0.0206682352941176
-0.0386627450980392,0.0072999999999999,0.0210372549019607
-0.038403725490196,0.00727,0.0214062745098039
-0.0381447058823529,0.00724,0.021775294117647
-0.0378856862745098,0.0072099999999999,0.0221443137254901
-0.0376266666666666,0.00718,0.0225133333333333
-0.0373676470588235,0.00715,0.0228823529411764
-0.0371086274509803,0.00712,0.0232513725490196
-0.0368496078431372,0.00709,0.0236203921568627
-0.0365905882352941,0.00706,0.0239894117647058
-0.0363315686274509,0.00703,0.024358431372549
-0.0360725490196078,0.0069999999999999,0.0247274509803921
-0.0358135294117647,0.00697,0.0250964705882352
-0.0355545098039215,0.00694,0.0254654901960784
-0.0352954901960784,0.0069099999999999,0.0258345098039215
-0.0350364705882352,0.00688,0.0262035294117647
-0.0347774509803921,0.00685,0.0265725490196078
-0.034518431372549,0.00682,0.0269415686274509
-0.0342594117647058,0.00679,0.0273105882352941
-0.0340003921568627,0.0067599999999999,0.0276796078431372
-0.0337413725490196,0.00673,0.0280486274509803
-0.0334823529411764,0.0067,0.0284176470588235
-0.0332233333333333,0.00667,0.0287866666666666
-0.0329643137254902,0.00664,0.0291556862745098
-0.032705294117647,0.0066099999999999,0.0295247058823529
-0.0324462745098039,0.00658,0.029893725490196
-0.0321872549019607,0.00655,0.0302627450980392
-0.0319282352941176,0.00652,0.0306317647058823
-0.0316692156862745,0.00649,0.0310007843137254
-0.0314101960784313,0.00646,0.0313698039215686
-0.0311511764705882,0.00643,0.0317388235294117
-0.030892156862745,0.0064,0.0321078431372549
-0.0306331372549019,0.00637,0.032476862745098
-0.0303741176470588,0.00634,0.0328458823529411
-0.0301150980392156,0.00631,0.0332149019607843
-0.0298560784313725,0.00628,0.0335839215686274
-0.0295970588235294,0.00625,0.0339529411764705
-0.0293380392156862,0.00622,0.0343219607843137
-0.0290790196078431,0.00619,0.0346909803921568
-0.02882,0.00616,0.03506
-0.0285609803921568,0.00613,0.0354290196078431
-0.0283019607843137,0.0061,0.0357980392156862
-0.0280429411764705,0.00607,0.0361670588235294
-0.0277839215686274,0.00604,0.0365360784313725
-0.0275249019607843,0.00601,0.0369050980392156
-0.0272658823529411,0.00598,0.0372741176470588
-0.027006862745098,0.00595,0.0376431372549019
-0.0267478431372549,0.00592,0.0380121568627451
-0.0264888235294117,0.00589,0.0383811764705882
-0.0262298039215686,0.00586,0.0387501960784313
-0.0259707843137254,0.00583,0.0391192156862745
-0.0257117647058823,0.0058,0.0394882352941176
-0.0254527450980392,0.00577,0.0398572549019607
-0.025193725490196,0.00574,0.0402262745098039
-0.0249347058823529,0.00571,0.040595294117647
-0.0246756862745098,0.00568,0.0409643137254902
-0.0244166666666666,0.00565,0.0413333333333333
-0.0241576470588235,0.00562,0.0417023529411764
-0.0238986274509803,0.00559,0.0420713725490196
-0.0236396078431372,0.00556,0.0424403921568627
-0.0233805882352941,0.00553,0.0428094117647058
-0.0231215686274509,0.0055,0.043178431372549
-0.0228625490196078,0.00547,0.0435474509803921
-0.0226035294117647,0.00544,0.0439164705882352
-0.0223445098039215,0.00541,0.0442854901960784
-0.0220854901960784,0.00538,0.0446545098039215
-0.0218264705882352,0.00535,0.0450235294117647
-0.0215674509803921,0.00532,0.0453925490196078
-0.021308431372549,0.00529,0.0457615686274509
-0.0210494117647058,0.00526,0.0461305882352941
-0.0207903921568627,0.00523,0.0464996078431372
-0.0205313725490196,0.0052,0.0468686274509803
-0.0202723529411764,0.00517,0.0472376470588235
-0.0200133333333333,0.00514,0.0476066666666666
-0.0197543137254901,0.00511,0.0479756862745098
-0.019495294117647,0.00508,0.0483447058823529
-0.0192362745098039,0.00505,0.048713725490196
-0.0189772549019607,0.00502,0.0490827450980392
-0.0187182352941176,0.00499,0.0494517647058823
-0.0184592156862745,0.00496,0.0498207843137254
-0.0182001960784313,0.00493,0.0501898039215686
-0.0179411764705882,0.0049,0.0505588235294117
-0.017682156862745,0.00487,0.0509278431372549
-0.0174231372549019,0.00484,0.051296862745098
-0.0171641176470588,0.00481,0.0516658823529411
-0.0169050980392156,0.00478,0.0520349019607843
-0.0166460784313725,0.00475,0.0524039215686274
-0.0163870588235294,0.00472,0.0527729411764705
-0.0161280392156862,0.00469,0.0531419607843137
-0.0158690196078431,0.00466,0.0535109803921568
-0.0156099999999999,0.00463,0.05388
-0.0153509803921568,0.0046,0.0542490196078431
-0.0150919607843137,0.00457,0.0546180392156862
-0.0148329411764705,0.00454,0.0549870588235294
-0.0145739215686274,0.00451,0.0553560784313725
-0.0143149019607843,0.00448,0.0557250980392156
-0.0140558823529411,0.00445,0.0560941176470588
-0.013796862745098,0.00442,0.0564631372549019
-0.0135378431372549,0.00439,0.056832156862745
-0.0132788235294117,0.00436,0.0572011764705882
-0.0130198039215686,0.00433,0.0575701960784313
-0.0127607843137254,0.0043,0.0579392156862745
-0.0125017647058823,0.00427,0.0583082352941176
-0.0122427450980392,0.00424,0.0586772549019607
-0.011983725490196,0.00421,0.0590462745098039
-0.0117247058823529,0.00418,0.059415294117647
-0.0114656862745098,0.00415,0.0597843137254902
-0.0112066666666666,0.00412,0.0601533333333333
-0.0109476470588235,0.00409,0.0605223529411764
-0.0106886274509803,0.00406,0.0608913725490196
-0.0104296078431372,0.00403,0.0612603921568627
-0.0101705882352941,0.004,0.0616294117647058
-0.0099115686274509,0.00397,0.061998431372549
-0.0096525490196078,0.00394,0.0623674509803921
-0.0093935294117647,0.00391,0.0627364705882353
-0.0091345098039215,0.00388,0.0631054901960784
-0.0088754901960784,0.00385,0.0634745098039215
-0.0086164705882352,0.00382,0.0638435294117647
-0.0083574509803921,0.00379,0.0642125490196078
-0.008098431372549,0.00376,0.0645815686274509
-0.0078394117647058,0.00373,0.0649505882352941
-0.0075803921568627,0.0037,0.0653196078431372
-0.0073213725490196,0.00367,0.0656886274509803
-0.0070623529411764,0.00364,0.0660576470588235
-0.0068033333333333,0.00361,0.0664266666666666
-0.0065443137254901,0.00358,0.0667956862745098
-0.006285294117647,0.00355,0.0671647058823529
-0.0060262745098039,0.00352,0.067533725490196
-0.0057672549019607,0.00349,0.0679027450980392
-0.0055082352941176,0.00346,0.0682717647058823
-0.0052492156862745,0.00343,0.0686407843137254
-0.0049901960784313,0.0034,0.0690098039215686
-0.0047311764705882,0.00337,0.0693788235294117
-0.0044721568627451,0.00334,0.0697478431372549
-0.0042131372549019,0.00331,0.070116862745098
-0.0039541176470588,0.00328,0.0704858823529411
