-0.0562861751152073,0.0122184331797235,0.0563995391705069
-0.0562002304147465,0.0121663594470046,0.0564033410138248
-0.0561142857142857,0.0121142857142857,0.0564071428571428
-0.0560283410138248,0.0120622119815668,0.0564109447004608
-0.055942396313364,0.0120101382488479,0.0564147465437788
-0.0558564516129032,0.011958064516129,0.0564185483870967
-0.0557705069124424,0.0119059907834101,0.0564223502304147
-0.0556845622119815,0.0118539170506912,0.0564261520737327
-0.0555986175115207,0.0118018433179723,0.0564299539170506
-0.0555126728110599,0.0117497695852534,0.0564337557603686
-0.055426728110599,0.0116976958525345,0.0564375576036866
-0.0553407834101382,0.0116456221198156,0.0564413594470046
-0.0552548387096774,0.0115935483870967,0.0564451612903225
-0.0551688940092165,0.0115414746543778,0.0564489631336405
-0.0550829493087557,0.0114894009216589,0.0564527649769585
-0.0549970046082949,0.01143732718894,0.0564565668202765
-0.0549110599078341,0.0113852534562212,0.0564603686635944
-0.0548251152073732,0.0113331797235023,0.0564641705069124
-0.0547391705069124,0.0112811059907834,0.0564679723502304
-0.0546532258064516,0.0112290322580645,0.0564717741935483
-0.0545672811059907,0.0111769585253456,0.0564755760368663
-0.0544813364055299,0.0111248847926267,0.0564793778801843
-0.0543953917050691,0.0110728110599078,0.0564831797235023
-0.0543094470046083,0.0110207373271889,0.0564869815668202
-0.0542235023041474,0.01096866359447,0.0564907834101382
-0.0541375576036866,0.0109165898617511,0.0564945852534562
-0.0540516129032258,0.0108645161290322,0.0564983870967741
-0.0539656682027649,0.0108124423963133,0.0565021889400921
-0.0538797235023041,0.0107603686635944,0.0565059907834101
-0.0537937788018433,0.0107082949308755,0.0565097926267281
-0.0537078341013824,0.0106562211981566,0.056513594470046
-0.0536218894009216,0.0106041474654377,0.056517396313364
-0.0535359447004608,0.0105520737327188,0.056521198156682
-0.05345,0.0105,0.056525
-0.0533640552995391,0.0104479262672811,0.0565288018433179
-0.0532781105990783,0.0103958525345622,0.0565326036866359
-0.0531921658986175,0.0103437788018433,0.0565364055299539
-0.0531062211981566,0.0102917050691244,0.0565402073732718
-0.0530202764976958,0.0102396313364055,0.0565440092165898
-0.052934331797235,0.0101875576036866,0.0565478110599078
-0.0528483870967741,0.0101354838709677,0.0565516129032258
-0.0527624423963133,0.0100834101382488,0.0565554147465437
-0.0526764976958525,0.0100313364055299,0.0565592165898617
-0.0525905529953917,0.009979262672811,0.0565630184331797
-0.0525046082949308,0.0099271889400921,0.0565668202764977
-0.05241866359447,0.0098751152073732,0.0565706221198156
-0.0523327188940092,0.0098230414746543,0.0565744239631336
-0.0522467741935483,0.0097709677419354,0.0565782258064516
-0.0521608294930875,0.0097188940092165,0.0565820276497695
-0.0520748847926267,0.0096668202764976,0.0565858294930875
-0.0519889400921659,0.0096147465437788,0.0565896313364055
-0.051902995391705,0.0095626728110599,0.0565934331797235
-0.0518170506912442,0.009510599078341,0.0565972350230414
-0.0517311059907834,0.0094585253456221,0.0566010368663594
-0.0516451612903225,0.0094064516129032,0.0566048387096774
-0.0515592165898617,0.0093543778801843,0.0566086405529953
-0.0514732718894009,0.0093023041474654,0.0566124423963133
-0.05138732718894,0.0092502304147465,0.0566162442396313
-0.0513013824884792,0.0091981566820276,0.0566200460829493
-0.0512154377880184,0.0091460829493087,0.0566238479262672
-0.0511294930875576,0.0090940092165898,0.0566276497695852
-0.0510435483870967,0.0090419354838709,0.0566314516129032
-0.0509576036866359,0.008989861751152,0.0566352534562211
-0.0508716589861751,0.0089377880184331,0.0566390552995391
-0.0507857142857142,0.0088857142857142,0.0566428571428571
-0.0506997695852534,0.0088336405529953,0.0566466589861751
-0.0506138248847926,0.0087815668202764,0.056650460829493
-0.0505278801843318,0.0087294930875576,0.056654262672811
-0.0504419354838709,0.0086774193548387,0.056658064516129
-0.0503559907834101,0.0086253456221198,0.056661866359447
-0.0502700460829493,0.0085732718894009,0.0566656682027649
-0.0501841013824884,0.008521198156682,0.0566694700460829
-0.0500981566820276,0.0084691244239631,0.0566732718894009
-0.0500122119815668,0.0084170506912442,0.0566770737327188
-0.0499262672811059,0.0083649769585253,0.0566808755760368
-0.0498403225806451,0.0083129032258064,0.0566846774193548
-0.0497543778801843,0.0082608294930875,0.0566884792626728
-0.0496684331797235,0.0082087557603686,0.0566922811059907
-0.0495824884792626,0.0081566820276497,0.0566960829493087
-0.0494965437788018,0.0081046082949308,0.0566998847926267
-0.049410599078341,0.0080525345622119,0.0567036866359446
-0.0493246543778801,0.008000460829493,0.0567074884792626
-0.0492387096774193,0.0079483870967741,0.0567112903225806
-0.0491527649769585,0.0078963133640553,0.0567150921658986
-0.0490668202764977,0.0078442396313364,0.0567188940092165
-0.0489808755760368,0.0077921658986175,0.0567226958525345
-0.048894930875576,0.0077400921658986,0.0567264976958525
-0.0488089861751152,0.0076880184331797,0.0567302995391705
-0.0487230414746543,0.0076359447004608,0.0567341013824884
-0.0486370967741935,0.0075838709677419,0.0567379032258064
-0.0485511520737327,0.007531797235023,0.0567417050691244
-0.0484652073732718,0.0074797235023041,0.0567455069124423
-0.048379262672811,0.0074276497695852,0.0567493087557603
-0.0482933179723502,0.0073755760368663,0.0567531105990783
-0.0482073732718894,0.0073235023041474,0.0567569124423963
-0.0481214285714285,0.0072714285714285,0.0567607142857142
-0.0480354838709677,0.0072193548387096,0.0567645161290322
-0.0479495391705069,0.0071672811059907,0.0567683179723502
-0.047863594470046,0.0071152073732718,0.0567721198156682
-0.0477776497695852,0.0070631336405529,0.0567759216589861
-0.0476917050691244,0.0070110599078341,0.0567797235023041
-0.0476057603686636,0.0069589861751152,0.0567835253456221
-0.0475198156682027,0.0069069124423963,0.05678732718894
-0.0474338709677419,0.0068548387096774,0.056791129032258
-0.0473479262672811,0.0068027649769585,0.056794930875576
-0.0472619815668202,0.0067506912442396,0.056798732718894
-0.0471760368663594,0.0066986175115207,0.0568025345622119
-0.0470900921658986,0.0066465437788018,0.0568063364055299
-0.0470041474654377,0.0065944700460829,0.0568101382488479
-0.0469182027649769,0.006542396313364,0.0568139400921659
-0.0468322580645161,0.0064903225806451,0.0568177419354838
-0.0467463133640553,0.0064382488479262,0.0568215437788018
-0.0466603686635944,0.0063861751152073,0.0568253456221198
-0.0465744239631336,0.0063341013824884,0.0568291474654377
-0.0464884792626728,0.0062820276497695,0.0568329493087557
-0.0464025345622119,0.0062299539170506,0.0568367511520737
-0.0463165898617511,0.0061778801843317,0.0568405529953917
-0.0462306451612903,0.0061258064516129,0.0568443548387096
-0.0461447004608294,0.006073732718894,0.0568481566820276
-0.0460587557603686,0.0060216589861751,0.0568519585253456
-0.0459728110599078,0.0059695852534562,0.0568557603686635
-0.045886866359447,0.0059175115207373,0.0568595622119815
-0.0458009216589861,0.0058654377880184,0.0568633640552995
-0.0457149769585253,0.0058133640552995,0.0568671658986175
-0.0456290322580645,0.0057612903225806,0.0568709677419354
-0.0455430875576036,0.0057092165898617,0.0568747695852534
-0.0454571428571428,0.0056571428571428,0.0568785714285714
-0.045371198156682,0.0056050691244239,0.0568823732718894
-0.0452852534562212,0.005552995391705,0.0568861751152073
-0.0451993087557603,0.0055009216589861,0.0568899769585253
-0.0451133640552995,0.0054488479262672,0.0568937788018433
-0.0450274193548387,0.0053967741935483,0.0568975806451612
-0.0449414746543778,0.0053447004608294,0.0569013824884792
-0.044855529953917,0.0052926267281106,0.0569051843317972
-0.0447695852534562,0.0052405529953917,0.0569089861751152
-0.0446836405529953,0.0051884792626728,0.0569127880184331
-0.0445976958525345,0.0051364055299539,0.0569165898617511
-0.0445117511520737,0.005084331797235,0.0569203917050691
-0.0444258064516129,0.0050322580645161,0.0569241935483871
-0.044339861751152,0.0049801843317972,0.056927995391705
-0.0442539170506912,0.0049281105990783,0.056931797235023
-0.0441679723502304,0.0048760368663594,0.056935599078341
-0.0440820276497695,0.0048239631336405,0.0569394009216589
-0.0439960829493087,0.0047718894009216,0.0569432027649769
-0.0439101382488479,0.0047198156682027,0.0569470046082949
-0.0438241935483871,0.0046677419354838,0.0569508064516129
-0.0437382488479262,0.0046156682027649,0.0569546082949308
-0.0436523041474654,0.004563594470046,0.0569584101382488
-0.0435663594470046,0.0045115207373271,0.0569622119815668
-0.0434804147465437,0.0044594470046082,0.0569660138248847
-0.0433944700460829,0.0044073732718894,0.0569698156682027
-0.0433085253456221,0.0043552995391705,0.0569736175115207
-0.0432225806451612,0.0043032258064516,0.0569774193548387
-0.0431366359447004,0.0042511520737327,0.0569812211981566
-0.0430506912442396,0.0041990783410138,0.0569850230414746
-0.0429647465437788,0.0041470046082949,0.0569888248847926
-0.0428788018433179,0.004094930875576,0.0569926267281106
-0.0427928571428571,0.0040428571428571,0.0569964285714285
-0.0427069124423963,0.0039907834101382,0.0570002304147465
-0.0426209677419354,0.0039387096774193,0.0570040322580645
-0.0425350230414746,0.0038866359447004,0.0570078341013824
-0.0424490783410138,0.0038345622119815,0.0570116359447004
-0.042363133640553,0.0037824884792626,0.0570154377880184
-0.0422771889400921,0.0037304147465437,0.0570192396313364
-0.0421912442396313,0.0036783410138248,0.0570230414746543
-0.0421052995391705,0.0036262672811059,0.0570268433179723
-0.0420193548387096,0.003574193548387,0.0570306451612903
-0.0419334101382488,0.0035221198156682,0.0570344470046082
-0.041847465437788,0.0034700460829493,0.0570382488479262
-0.0417615207373271,0.0034179723502304,0.0570420506912442
-0.0416755760368663,0.0033658986175115,0.0570458525345622
-0.0415896313364055,0.0033138248847926,0.0570496543778801
-0.0415036866359447,0.0032617511520737,0.0570534562211981
-0.0414177419354838,0.0032096774193548,0.0570572580645161
-0.041331797235023,0.0031576036866359,0.0570610599078341
-0.0412458525345622,0.003105529953917,0.057064861751152
-0.0411599078341013,0.0030534562211981,0.05706866359447
-0.0410739631336405,0.0030013824884792,0.057072465437788
-0.0409880184331797,0.0029493087557603,0.0570762672811059
-0.0409020737327189,0.0028972350230414,0.0570800691244239
-0.040816129032258,0.0028451612903225,0.0570838709677419
-0.0407301843317972,0.0027930875576036,0.0570876728110599
-0.0406442396313364,0.0027410138248847,0.0570914746543778
-0.0405582949308755,0.0026889400921659,0.0570952764976958
-0.0404723502304147,0.002636866359447,0.0570990783410138
-0.0403864055299539,0.0025847926267281,0.0571028801843317
-0.040300460829493,0.0025327188940092,0.0571066820276497
-0.0402145161290322,0.0024806451612903,0.0571104838709677
-0.0401285714285714,0.0024285714285714,0.0571142857142857
-0.0400426267281106,0.0023764976958525,0.0571180875576036
-0.0399566820276497,0.0023244239631336,0.0571218894009216
-0.0398707373271889,0.0022723502304147,0.0571256912442396
-0.0397847926267281,0.0022202764976958,0.0571294930875576
-0.0396988479262672,0.0021682027649769,0.0571332949308755
-0.0396129032258064,0.002116129032258,0.0571370967741935
-0.0395269585253456,0.0020640552995391,0.0571408986175115
-0.0394410138248847,0.0020119815668202,0.0571447004608294
-0.0393550691244239,0.0019599078341013,0.0571485023041474
-0.0392691244239631,0.0019078341013824,0.0571523041474654
-0.0391831797235023,0.0018557603686635,0.0571561059907834
-0.0390972350230414,0.0018036866359447,0.0571599078341013
-0.0390112903225806,0.0017516129032258,0.0571637096774193
-0.0389253456221198,0.0016995391705069,0.0571675115207373
-0.0388394009216589,0.001647465437788,0.0571713133640553
-0.0387534562211981,0.0015953917050691,0.0571751152073732
-0.0386675115207373,0.0015433179723502,0.0571789170506912
-0.0385815668202765,0.0014912442396313,0.0571827188940092
-0.0384956221198156,0.0014391705069124,0.0571865207373271
-0.0384096774193548,0.0013870967741935,0.0571903225806451
-0.038323732718894,0.0013350230414746,0.0571941244239631
-0.0382377880184331,0.0012829493087557,0.0571979262672811
-0.0381518433179723,0.0012308755760368,0.057201728110599
-0.0380658986175115,0.0011788018433179,0.057205529953917
-0.0379799539170506,0.001126728110599,0.057209331797235
-0.0378940092165898,0.0010746543778801,0.0572131336405529
-0.037808064516129,0.0010225806451612,0.0572169354838709
-0.0377221198156682,0.0009705069124423,0.0572207373271889
-0.0376361751152073,0.0009184331797235,0.0572245391705069
-0.0375502304147465,0.0008663594470046,0.0572283410138248
-0.0374642857142857,0.0008142857142857,0.0572321428571428
-0.0373783410138248,0.0007622119815668,0.0572359447004608
-0.037292396313364,0.0007101382488479,0.0572397465437788
-0.0372064516129032,0.000658064516129,0.0572435483870967
-0.0371205069124424,0.0006059907834101,0.0572473502304147
-0.0370345622119815,0.0005539170506912,0.0572511520737327
-0.0369486175115207,0.0005018433179723,0.0572549539170506
-0.0368626728110599,0.0004497695852534,0.0572587557603686
-0.036776728110599,0.0003976958525345,0.0572625576036866
-0.0366907834101382,0.0003456221198156,0.0572663594470046
-0.0366048387096774,0.0002935483870967,0.0572701612903225
-0.0365188940092165,0.0002414746543778,0.0572739631336405
-0.0364329493087557,0.0001894009216589,0.0572777649769585
-0.0363470046082949,0.00013732718894,0.0572815668202765
-0.0362610599078341,8.525345622120012e-05,0.0572853686635944
-0.0361751152073732,3.317972350230791e-05,0.0572891705069124
-0.0360891705069124,-1.8894009216587765e-05,0.0572929723502304
-0.0360032258064516,-7.096774193547997e-05,0.0572967741935483
-0.0359172811059907,-0.0001230414746543,0.0573005760368663
-0.0358313364055299,-0.0001751152073732,0.0573043778801843
-0.0357453917050691,-0.0002271889400921,0.0573081797235023
-0.0356594470046082,-0.000279262672811,0.0573119815668202
-0.0355735023041474,-0.0003313364055299,0.0573157834101382
-0.0354875576036866,-0.0003834101382488,0.0573195852534562
-0.0354016129032258,-0.0004354838709677,0.0573233870967741
-0.0353156682027649,-0.0004875576036866,0.0573271889400921
-0.0352297235023041,-0.0005396313364055,0.0573309907834101
-0.0351437788018433,-0.0005917050691244,0.0573347926267281
-0.0350578341013824,-0.0006437788018433,0.057338594470046
-0.0349718894009216,-0.0006958525345622,0.057342396313364
-0.0348859447004608,-0.0007479262672811,0.057346198156682
-0.0348,-0.0008,0.05735
-0.0347821428571428,-0.0006672811059907,0.057067396313364
-0.0347642857142857,-0.0005345622119815,0.0567847926267281
-0.0347464285714285,-0.0004018433179723,0.0565021889400921
-0.0347285714285714,-0.0002691244239631,0.0562195852534562
-0.0347107142857142,-0.0001364055299539,0.0559369815668202
-0.0346928571428571,-3.686635944700361e-06,0.0556543778801843
-0.034675,0.0001290322580645,0.0553717741935483
-0.0346571428571428,0.0002617511520737,0.0550891705069124
-0.0346392857142857,0.0003944700460829,0.0548065668202764
-0.0346214285714285,0.0005271889400921,0.0545239631336405
-0.0346035714285714,0.0006599078341013,0.0542413594470046
-0.0345857142857142,0.0007926267281105,0.0539587557603686
-0.0345678571428571,0.0009253456221198,0.0536761520737327
-0.03455,0.001058064516129,0.0533935483870967
-0.0345321428571428,0.0011907834101382,0.0531109447004608
-0.0345142857142857,0.0013235023041474,0.0528283410138248
-0.0344964285714285,0.0014562211981566,0.0525457373271889
-0.0344785714285714,0.0015889400921658,0.0522631336405529
-0.0344607142857142,0.0017216589861751,0.051980529953917
-0.0344428571428571,0.0018543778801843,0.0516979262672811
-0.034425,0.0019870967741935,0.0514153225806451
-0.0344071428571428,0.0021198156682027,0.0511327188940092
-0.0343892857142857,0.0022525345622119,0.0508501152073732
-0.0343714285714285,0.0023852534562211,0.0505675115207373
-0.0343535714285714,0.0025179723502304,0.0502849078341013
-0.0343357142857142,0.0026506912442396,0.0500023041474654
-0.0343178571428571,0.0027834101382488,0.0497197004608294
-0.0343,0.002916129032258,0.0494370967741935
-0.0342821428571428,0.0030488479262672,0.0491544930875576
-0.0342642857142857,0.0031815668202764,0.0488718894009216
-0.0342464285714285,0.0033142857142857,0.0485892857142857
-0.0342285714285714,0.0034470046082949,0.0483066820276497
-0.0342107142857142,0.0035797235023041,0.0480240783410138
-0.0341928571428571,0.0037124423963133,0.0477414746543778
-0.034175,0.0038451612903225,0.0474588709677419
-0.0341571428571428,0.0039778801843317,0.0471762672811059
-0.0341392857142857,0.004110599078341,0.04689366359447
-0.0341214285714285,0.0042433179723502,0.046611059907834
-0.0341035714285714,0.0043760368663594,0.0463284562211981
-0.0340857142857142,0.0045087557603686,0.0460458525345622
-0.0340678571428571,0.0046414746543778,0.0457632488479262
-0.03405,0.004774193548387,0.0454806451612903
-0.0340321428571428,0.0049069124423963,0.0451980414746543
-0.0340142857142857,0.0050396313364055,0.0449154377880184
-0.0339964285714285,0.0051723502304147,0.0446328341013824
-0.0339785714285714,0.0053050691244239,0.0443502304147465
-0.0339607142857142,0.0054377880184331,0.0440676267281106
-0.0339428571428571,0.0055705069124423,0.0437850230414746
-0.033925,0.0057032258064516,0.0435024193548387
-0.0339071428571428,0.0058359447004608,0.0432198156682027
-0.0338892857142857,0.00596866359447,0.0429372119815668
-0.0338714285714285,0.0061013824884792,0.0426546082949308
-0.0338535714285714,0.0062341013824884,0.0423720046082949
-0.0338357142857142,0.0063668202764976,0.0420894009216589
-0.0338178571428571,0.0064995391705069,0.041806797235023
-0.0338,0.0066322580645161,0.041524193548387
-0.0337821428571428,0.0067649769585253,0.0412415898617511
-0.0337642857142857,0.0068976958525345,0.0409589861751152
-0.0337464285714285,0.0070304147465437,0.0406763824884792
-0.0337285714285714,0.0071631336405529,0.0403937788018433
-0.0337107142857142,0.0072958525345622,0.0401111751152073
-0.0336928571428571,0.0074285714285714,0.0398285714285714
-0.033675,0.0075612903225806,0.0395459677419354
-0.0336571428571428,0.0076940092165898,0.0392633640552995
-0.0336392857142857,0.007826728110599,0.0389807603686635
-0.0336214285714285,0.0079594470046082,0.0386981566820276
-0.0336035714285714,0.0080921658986175,0.0384155529953917
-0.0335857142857142,0.0082248847926267,0.0381329493087557
-0.0335678571428571,0.0083576036866359,0.0378503456221198
-0.0335499999999999,0.0084903225806451,0.0375677419354838
-0.0335321428571428,0.0086230414746543,0.0372851382488479
-0.0335142857142857,0.0087557603686635,0.0370025345622119
-0.0334964285714285,0.0088884792626728,0.036719930875576
-0.0334785714285714,0.009021198156682,0.03643732718894
-0.0334607142857142,0.0091539170506912,0.0361547235023041
-0.0334428571428571,0.0092866359447004,0.0358721198156682
-0.0334249999999999,0.0094193548387096,0.0355895161290322
-0.0334071428571428,0.0095520737327188,0.0353069124423963
-0.0333892857142857,0.0096847926267281,0.0350243087557603
-0.0333714285714285,0.0098175115207373,0.0347417050691244
-0.0333535714285714,0.0099502304147465,0.0344591013824884
-0.0333357142857142,0.0100829493087557,0.0341764976958525
-0.0333178571428571,0.0102156682027649,0.0338938940092165
-0.0332999999999999,0.0103483870967741,0.0336112903225806
-0.0332821428571428,0.0104811059907834,0.0333286866359446
-0.0332642857142857,0.0106138248847926,0.0330460829493087
-0.0332464285714285,0.0107465437788018,0.0327634792626728
-0.0332285714285714,0.010879262672811,0.0324808755760368
-0.0332107142857142,0.0110119815668202,0.0321982718894009
-0.0331928571428571,0.0111447004608294,0.0319156682027649
-0.0331749999999999,0.0112774193548387,0.031633064516129
-0.0331571428571428,0.0114101382488479,0.031350460829493
-0.0331392857142857,0.0115428571428571,0.0310678571428571
-0.0331214285714285,0.0116755760368663,0.0307852534562211
-0.0331035714285714,0.0118082949308755,0.0305026497695852
-0.0330857142857142,0.0119410138248847,0.0302200460829493
-0.0330678571428571,0.012073732718894,0.0299374423963133
-0.0330499999999999,0.0122064516129032,0.0296548387096774
-0.0330321428571428,0.0123391705069124,0.0293722350230414
-0.0330142857142857,0.0124718894009216,0.0290896313364055
-0.0329964285714285,0.0126046082949308,0.0288070276497695
-0.0329785714285714,0.01273732718894,0.0285244239631336
-0.0329607142857142,0.0128700460829493,0.0282418202764976
-0.0329428571428571,0.0130027649769585,0.0279592165898617
-0.0329249999999999,0.0131354838709677,0.0276766129032258
-0.0329071428571428,0.0132682027649769,0.0273940092165898
-0.0328892857142857,0.0134009216589861,0.0271114055299539
-0.0328714285714285,0.0135336405529953,0.0268288018433179
-0.0328535714285714,0.0136663594470046,0.026546198156682
-0.0328357142857142,0.0137990783410138,0.026263594470046
-0.0328178571428571,0.013931797235023,0.0259809907834101
-0.0327999999999999,0.0140645161290322,0.0256983870967741
-0.0327821428571428,0.0141972350230414,0.0254157834101382
-0.0327642857142857,0.0143299539170506,0.0251331797235023
-0.0327464285714285,0.0144626728110599,0.0248505760368663
-0.0327285714285714,0.0145953917050691,0.0245679723502304
-0.0327107142857142,0.0147281105990783,0.0242853686635944
-0.0326928571428571,0.0148608294930875,0.0240027649769585
-0.0326749999999999,0.0149935483870967,0.0237201612903225
-0.0326571428571428,0.0151262672811059,0.0234375576036866
-0.0326392857142857,0.0152589861751152,0.0231549539170506
-0.0326214285714285,0.0153917050691244,0.0228723502304147
-0.0326035714285714,0.0155244239631336,0.0225897465437788
-0.0325857142857142,0.0156571428571428,0.0223071428571428
-0.0325678571428571,0.015789861751152,0.0220245391705069
-0.0325499999999999,0.0159225806451612,0.0217419354838709
-0.0325321428571428,0.0160552995391705,0.021459331797235
-0.0325142857142857,0.0161880184331797,0.021176728110599
-0.0324964285714285,0.0163207373271889,0.0208941244239631
-0.0324785714285714,0.0164534562211981,0.0206115207373271
-0.0324607142857142,0.0165861751152073,0.0203289170506912
-0.0324428571428571,0.0167188940092165,0.0200463133640552
-0.0324249999999999,0.0168516129032258,0.0197637096774193
-0.0324071428571428,0.016984331797235,0.0194811059907834
-0.0323892857142857,0.0171170506912442,0.0191985023041474
-0.0323714285714285,0.0172497695852534,0.0189158986175115
-0.0323535714285714,0.0173824884792626,0.0186332949308755
-0.0323357142857142,0.0175152073732718,0.0183506912442396
-0.0323178571428571,0.0176479262672811,0.0180680875576036
-0.0322999999999999,0.0177806451612903,0.0177854838709677
-0.0322821428571428,0.0179133640552995,0.0175028801843317
-0.0322642857142857,0.0180460829493087,0.0172202764976958
-0.0322464285714285,0.0181788018433179,0.0169376728110599
-0.0322285714285714,0.0183115207373271,0.0166550691244239
-0.0322107142857142,0.0184442396313364,0.016372465437788
-0.0321928571428571,0.0185769585253456,0.016089861751152
-0.0321749999999999,0.0187096774193548,0.0158072580645161
-0.0321571428571428,0.018842396313364,0.0155246543778801
-0.0321392857142857,0.0189751152073732,0.0152420506912442
-0.0321214285714285,0.0191078341013824,0.0149594470046082
-0.0321035714285714,0.0192405529953917,0.0146768433179723
-0.0320857142857142,0.0193732718894009,0.0143942396313364
-0.0320678571428571,0.0195059907834101,0.0141116359447004
-0.0320499999999999,0.0196387096774193,0.0138290322580645
-0.0320321428571428,0.0197714285714285,0.0135464285714285
-0.0320142857142857,0.0199041474654377,0.0132638248847926
-0.0319964285714285,0.020036866359447,0.0129812211981566
-0.0319785714285714,0.0201695852534562,0.0126986175115207
-0.0319607142857142,0.0203023041474654,0.0124160138248847
-0.0319428571428571,0.0204350230414746,0.0121334101382488
-0.0319249999999999,0.0205677419354838,0.0118508064516129
-0.0319071428571428,0.020700460829493,0.0115682027649769
-0.0318892857142857,0.0208331797235023,0.011285599078341
-0.0318714285714285,0.0209658986175115,0.011002995391705
-0.0318535714285714,0.0210986175115207,0.0107203917050691
-0.0318357142857142,0.0212313364055299,0.0104377880184331
-0.0318178571428571,0.0213640552995391,0.0101551843317972
-0.0317999999999999,0.0214967741935483,0.0098725806451612
-0.0317821428571428,0.0216294930875576,0.0095899769585253
-0.0317642857142857,0.0217622119815668,0.0093073732718894
-0.0317464285714285,0.021894930875576,0.0090247695852534
-0.0317285714285714,0.0220276497695852,0.0087421658986175
-0.0317107142857142,0.0221603686635944,0.0084595622119815
-0.0316928571428571,0.0222930875576036,0.0081769585253456
-0.0316749999999999,0.0224258064516129,0.0078943548387096
-0.0316571428571428,0.0225585253456221,0.0076117511520737
-0.0316392857142857,0.0226912442396313,0.0073291474654377
-0.0316214285714285,0.0228239631336405,0.0070465437788018
-0.0316035714285714,0.0229566820276497,0.0067639400921658
-0.0315857142857142,0.0230894009216589,0.0064813364055299
-0.0315678571428571,0.0232221198156682,0.006198732718894
-0.0315499999999999,0.0233548387096774,0.005916129032258
-0.0315321428571428,0.0234875576036866,0.0056335253456221
-0.0315142857142857,0.0236202764976958,0.0053509216589861
-0.0314964285714285,0.023752995391705,0.0050683179723502
-0.0314785714285714,0.0238857142857142,0.0047857142857142
-0.0314607142857142,0.0240184331797235,0.0045031105990783
-0.0314428571428571,0.0241511520737327,0.0042205069124423
-0.0314249999999999,0.0242838709677419,0.0039379032258064
-0.0314071428571428,0.0244165898617511,0.0036552995391705
-0.0313892857142857,0.0245493087557603,0.0033726958525345
-0.0313714285714285,0.0246820276497695,0.0030900921658986
-0.0313535714285714,0.0248147465437788,0.0028074884792626
-0.0313357142857142,0.024947465437788,0.0025248847926267
-0.0313178571428571,0.0250801843317972,0.0022422811059907
-0.0312999999999999,0.0252129032258064,0.0019596774193548
-0.0312821428571428,0.0253456221198156,0.0016770737327188
-0.0312642857142857,0.0254783410138248,0.0013944700460829
-0.0312464285714285,0.0256110599078341,0.001111866359447
-0.0312285714285714,0.0257437788018433,0.000829262672811
-0.0312107142857142,0.0258764976958525,0.0005466589861751
-0.0311928571428571,0.0260092165898617,0.0002640552995391
-0.0311749999999999,0.0261419354838709,-1.854838709677148e-05
-0.0311571428571428,0.0262746543778801,-0.0003011520737327
-0.0311392857142857,0.0264073732718894,-0.0005837557603686
-0.0311214285714285,0.0265400921658986,-0.0008663594470046
-0.0311035714285714,0.0266728110599078,-0.0011489631336405
-0.0310857142857142,0.026805529953917,-0.0014315668202764
-0.0310678571428571,0.0269382488479262,-0.0017141705069124
-0.0310499999999999,0.0270709677419354,-0.0019967741935483
-0.0310321428571428,0.0272036866359447,-0.0022793778801843
-0.0310142857142857,0.0273364055299539,-0.0025619815668202
-0.0309964285714285,0.0274691244239631,-0.0028445852534562
-0.0309785714285714,0.0276018433179723,-0.0031271889400921
-0.0309607142857142,0.0277345622119815,-0.0034097926267281
-0.0309428571428571,0.0278672811059907,-0.003692396313364
-0.0309249999999999,0.028,-0.0039749999999999
-0.0309071428571428,0.0281327188940092,-0.0042576036866359
-0.0308892857142857,0.0282654377880184,-0.0045402073732718
-0.0308714285714285,0.0283981566820276,-0.0048228110599078
-0.0308535714285714,0.0285308755760368,-0.0051054147465437
-0.0308357142857142,0.028663594470046,-0.0053880184331797
-0.0308178571428571,0.0287963133640553,-0.0056706221198156
-0.0307999999999999,0.0289290322580645,-0.0059532258064516
-0.0307821428571428,0.0290617511520737,-0.0062358294930875
-0.0307642857142857,0.0291944700460829,-0.0065184331797235
-0.0307464285714285,0.0293271889400921,-0.0068010368663594
-0.0307285714285714,0.0294599078341013,-0.0070836405529953
-0.0307107142857142,0.0295926267281106,-0.0073662442396313
-0.0306928571428571,0.0297253456221198,-0.0076488479262672
-0.0306749999999999,0.029858064516129,-0.0079314516129032
-0.0306571428571428,0.0299907834101382,-0.0082140552995391
-0.0306392857142857,0.0301235023041474,-0.0084966589861751
-0.0306214285714285,0.0302562211981566,-0.008779262672811
-0.0306035714285714,0.0303889400921659,-0.009061866359447
-0.0305857142857142,0.0305216589861751,-0.0093444700460829
-0.0305678571428571,0.0306543778801843,-0.0096270737327189
-0.0305499999999999,0.0307870967741935,-0.0099096774193548
-0.0305321428571428,0.0309198156682027,-0.0101922811059907
-0.0305142857142857,0.0310525345622119,-0.0104748847926267
-0.0304964285714285,0.0311852534562212,-0.0107574884792626
-0.0304785714285714,0.0313179723502304,-0.0110400921658986
-0.0304607142857142,0.0314506912442396,-0.0113226958525345
-0.0304428571428571,0.0315834101382488,-0.0116052995391705
-0.0304249999999999,0.031716129032258,-0.0118879032258064
-0.0304071428571428,0.0318488479262672,-0.0121705069124423
-0.0303892857142857,0.0319815668202765,-0.0124531105990783
-0.0303714285714285,0.0321142857142857,-0.0127357142857142
-0.0303535714285714,0.0322470046082949,-0.0130183179723502
