0.1756060293137907,-0.8970114368198978,0.0739588940706196
0.1756922051965356,-0.8973133910726183,0.073762258494337
0.1757783810792804,-0.8976153453253386,0.0735656229180545
0.1758645569620253,-0.8979172995780591,0.0733689873417721
0.1759507328447701,-0.8982192538307796,0.0731723517654896
0.1760369087275149,-0.8985212080834999,0.0729757161892071
0.1761230846102598,-0.8988231623362204,0.0727790806129247
0.1762092604930046,-0.8991251165889407,0.0725824450366422
0.1762954363757495,-0.8994270708416612,0.0723858094603597
0.1763816122584943,-0.8997290250943815,0.0721891738840773
0.1764677881412391,-0.900030979347102,0.0719925383077948
0.176553964023984,-0.9003329335998225,0.0717959027315122
0.1766401399067288,-0.9006348878525428,0.0715992671552298
0.1767263157894736,-0.9009368421052631,0.0714026315789473
0.1768124916722185,-0.9012387963579837,0.0712059960026648
0.1768986675549633,-0.901540750610704,0.0710093604263824
0.1769848434377082,-0.9018427048634244,0.0708127248500999
0.177071019320453,-0.9021446591161448,0.0706160892738174
0.1771571952031978,-0.9024466133688652,0.070419453697535
0.1772433710859426,-0.9027485676215856,0.0702228181212525
0.1773295469686875,-0.903050521874306,0.07002618254497
0.1774157228514323,-0.9033524761270264,0.0698295469686874
0.1775018987341772,-0.9036544303797468,0.069632911392405
0.177588074616922,-0.9039563846324672,0.0694362758161225
0.1776742504996669,-0.9042583388851876,0.06923964023984
0.1777604263824116,-0.9045602931379082,0.0690430046635576
0.1778466022651565,-0.9048622473906284,0.0688463690872751
0.1779327781479013,-0.905164201643349,0.0686497335109926
0.1780189540306462,-0.9054661558960692,0.0684530979347102
0.178105129913391,-0.9057681101487898,0.0682564623584277
0.1781913057961359,-0.90607006440151,0.0680598267821451
0.1782774816788807,-0.9063720186542306,0.0678631912058627
0.1783636575616256,-0.9066739729069512,0.0676665556295802
0.1784498334443704,-0.9069759271596712,0.0674699200532977
0.1785360093271152,-0.907277881412392,0.0672732844770153
0.17862218520986,-0.907579835665112,0.0670766489007328
0.1787083610926049,-0.9078817899178326,0.0668800133244503
0.1787945369753497,-0.9081837441705528,0.0666833777481679
0.1788807128580946,-0.9084856984232734,0.0664867421718854
0.1789668887408394,-0.9087876526759936,0.0662901065956029
0.1790530646235842,-0.9090896069287142,0.0660934710193204
0.1791392405063291,-0.9093915611814348,0.0658968354430379
0.1792254163890739,-0.909693515434155,0.0657001998667554
0.1793115922718187,-0.9099954696868756,0.065503564290473
0.1793977681545636,-0.9102974239395958,0.0653069287141905
0.1794839440373084,-0.9105993781923164,0.065110293137908
0.1795701199200532,-0.9109013324450366,0.0649136575616255
0.1796562958027981,-0.9112032866977572,0.0647170219853431
0.1797424716855429,-0.9115052409504776,0.0645203864090606
0.1798286475682878,-0.911807195203198,0.064323750832778
0.1799148234510326,-0.9121091494559184,0.0641271152564956
0.1800009993337774,-0.9124111037086386,0.0639304796802131
0.1800871752165223,-0.9127130579613592,0.0637338441039306
0.1801733510992671,-0.9130150122140794,0.0635372085276482
0.1802595269820119,-0.9133169664668,0.0633405729513657
0.1803457028647568,-0.9136189207195204,0.0631439373750832
0.1804318787475016,-0.9139208749722408,0.0629473017988008
0.1805180546302465,-0.9142228292249612,0.0627506662225183
0.1806042305129913,-0.9145247834776816,0.0625540306462358
0.1806904063957361,-0.914826737730402,0.0623573950699533
0.1807765822784809,-0.9151286919831224,0.0621607594936708
0.1808627581612258,-0.9154306462358428,0.0619641239173883
0.1809489340439706,-0.9157326004885632,0.0617674883411059
0.1810351099267155,-0.9160345547412836,0.0615708527648234
0.1811212858094603,-0.916336508994004,0.0613742171885409
0.1812074616922052,-0.9166384632467244,0.0611775816122585
0.18129363757495,-0.9169404174994448,0.060980946035976
0.1813798134576948,-0.9172423717521652,0.0607843104596935
0.1814659893404396,-0.9175443260048856,0.0605876748834109
0.1815521652231845,-0.9178462802576062,0.0603910393071285
0.1816383411059293,-0.9181482345103265,0.060194403730846
0.1817245169886742,-0.918450188763047,0.0599977681545635
0.181810692871419,-0.9187521430157672,0.0598011325782811
0.1818968687541639,-0.9190540972684876,0.0596044970019986
0.1819830446369087,-0.919356051521208,0.0594078614257161
0.1820692205196535,-0.9196580057739284,0.0592112258494337
0.1821553964023983,-0.919959960026649,0.0590145902731512
0.1822415722851432,-0.9202619142793692,0.0588179546968687
0.182327748167888,-0.9205638685320898,0.0586213191205862
0.1824139240506329,-0.92086582278481,0.0584246835443037
0.1825000999333777,-0.9211677770375306,0.0582280479680212
0.1825862758161225,-0.9214697312902508,0.0580314123917388
0.1826724516988674,-0.9217716855429714,0.0578347768154563
0.1827586275816122,-0.922073639795692,0.0576381412391738
0.1828448034643571,-0.9223755940484122,0.0574415056628914
0.1829309793471019,-0.9226775483011328,0.0572448700866089
0.1830171552298467,-0.922979502553853,0.0570482345103264
0.1831033311125915,-0.9232814568065736,0.056851598934044
0.1831895069953364,-0.9235834110592938,0.0566549633577614
0.1832756828780812,-0.9238853653120144,0.0564583277814789
0.1833618587608261,-0.9241873195647348,0.0562616922051965
0.1834480346435709,-0.924489273817455,0.056065056628914
0.1835342105263158,-0.9247912280701756,0.0558684210526315
0.1836203864090606,-0.9250931823228958,0.0556717854763491
0.1837065622918054,-0.9253951365756165,0.0554751499000666
0.1837927381745502,-0.9256970908283366,0.0552785143237841
0.1838789140572951,-0.9259990450810572,0.0550818787475017
0.1839650899400399,-0.9263009993337774,0.0548852431712191
0.1840512658227848,-0.926602953586498,0.0546886075949366
0.1841374417055296,-0.9269049078392184,0.0544919720186541
0.1842236175882745,-0.9272068620919388,0.0542953364423717
0.1843097934710193,-0.9275088163446592,0.0540987008660892
0.1843959693537641,-0.9278107705973796,0.0539020652898067
0.1844821452365089,-0.9281127248501,0.0537054297135243
0.1845683211192538,-0.9284146791028204,0.0535087941372418
0.1846544970019986,-0.9287166333555408,0.0533121585609593
0.1847406728847435,-0.9290185876082612,0.0531155229846769
0.1848268487674883,-0.9293205418609816,0.0529188874083943
0.1849130246502331,-0.929622496113702,0.0527222518321118
0.184999200532978,-0.9299244503664224,0.0525256162558294
0.1850853764157228,-0.9302264046191429,0.0523289806795469
0.1851715522984676,-0.9305283588718632,0.0521323451032644
0.1852577281812125,-0.9308303131245836,0.051935709526982
0.1853439040639573,-0.931132267377304,0.0517390739506995
0.1854300799467022,-0.9314342216300244,0.051542438374417
0.185516255829447,-0.9317361758827448,0.0513458027981346
0.1856024317121918,-0.9320381301354652,0.051149167221852
0.1856886075949367,-0.9323400843881856,0.0509525316455695
0.1857747834776815,-0.932642038640906,0.0507558960692871
0.1858609593604263,-0.9329439928936264,0.0505592604930046
0.1859471352431712,-0.933245947146347,0.0503626249167221
0.186033311125916,-0.9335479013990672,0.0501659893404397
0.1861194870086608,-0.9338498556517878,0.0499693537641572
0.1862056628914057,-0.934151809904508,0.0497727181878747
0.1862918387741505,-0.9344537641572286,0.0495760826115923
0.1863780146568954,-0.9347557184099488,0.0493794470353098
0.1864641905396402,-0.9350576726626694,0.0491828114590272
0.186550366422385,-0.93535962691539,0.0489861758827447
0.1866365423051298,-0.9356615811681102,0.0487895403064623
0.1867227181878747,-0.9359635354208308,0.0485929047301798
0.1868088940706195,-0.9362654896735508,0.0483962691538973
0.1868950699533644,-0.9365674439262714,0.0481996335776149
0.1869812458361092,-0.9368693981789916,0.0480029980013324
0.1870674217188541,-0.9371713524317122,0.0478063624250499
0.1871535976015989,-0.9374733066844328,0.0476097268487675
0.1872397734843437,-0.937775260937153,0.0474130912724849
0.1873259493670885,-0.9380772151898736,0.0472164556962024
0.1874121252498334,-0.9383791694425938,0.04701982011992
0.1874983011325782,-0.9386811236953144,0.0468231845436375
0.1875844770153231,-0.9389830779480346,0.046626548967355
0.1876706528980679,-0.9392850322007552,0.0464299133910726
0.1877568287808128,-0.9395869864534756,0.0462332778147901
0.1878430046635576,-0.939888940706196,0.0460366422385076
0.1879291805463024,-0.9401908949589164,0.0458400066622252
0.1880153564290472,-0.9404928492116368,0.0456433710859427
0.1881015323117921,-0.9407948034643572,0.0454467355096601
0.1881877081945369,-0.9410967577170776,0.0452500999333777
0.1882738840772818,-0.941398711969798,0.0450534643570952
0.1883600599600266,-0.9417006662225182,0.0448568287808127
0.1884462358427714,-0.9420026204752387,0.0446601932045302
0.1885324117255163,-0.9423045747279593,0.0444635576282478
0.1886185876082611,-0.9426065289806796,0.0442669220519653
0.1887047634910059,-0.9429084832334,0.0440702864756828
0.1887909393737508,-0.9432104374861204,0.0438736508994004
0.1888771152564956,-0.9435123917388408,0.0436770153231179
0.1889632911392404,-0.9438143459915612,0.0434803797468353
0.1890494670219853,-0.9441163002442816,0.0432837441705529
0.1891356429047301,-0.944418254497002,0.0430871085942704
0.189221818787475,-0.9447202087497224,0.0428904730179879
0.1893079946702198,-0.9450221630024428,0.0426938374417055
0.1893941705529647,-0.9453241172551632,0.042497201865423
0.1894803464357095,-0.9456260715078836,0.0423005662891405
0.1895665223184543,-0.945928025760604,0.0421039307128581
0.1896526982011991,-0.9462299800133244,0.0419072951365756
0.189738874083944,-0.946531934266045,0.041710659560293
0.1898250499666888,-0.9468338885187652,0.0415140239840106
0.1899112258494337,-0.9471358427714858,0.0413173884077281
0.1899974017321785,-0.947437797024206,0.0411207528314456
0.1900835776149234,-0.9477397512769266,0.0409241172551632
0.1901697534976681,-0.9480417055296468,0.0407274816788807
0.190255929380413,-0.9483436597823672,0.0405308461025982
0.1903421052631578,-0.9486456140350878,0.0403342105263158
0.1904282811459027,-0.948947568287808,0.0401375749500333
0.1905144570286475,-0.9492495225405286,0.0399409393737508
0.1906006329113924,-0.9495514767932488,0.0397443037974682
0.1906868087941372,-0.9498534310459694,0.0395476682211858
0.190772984676882,-0.9501553852986896,0.0393510326449033
0.1908591605596269,-0.9504573395514102,0.0391543970686208
0.1909453364423717,-0.9507592938041308,0.0389577614923384
0.1910315123251165,-0.951061248056851,0.0387611259160559
0.1911176882078614,-0.9513632023095716,0.0385644903397734
0.1912038640906062,-0.9516651565622918,0.038367854763491
0.1912900399733511,-0.9519671108150124,0.0381712191872085
0.1913762158560959,-0.9522690650677326,0.0379745836109259
0.1914623917388407,-0.9525710193204532,0.0377779480346435
0.1915485676215856,-0.9528729735731736,0.037581312458361
0.1916347435043304,-0.953174927825894,0.0373846768820785
0.1917209193870752,-0.9534768820786144,0.0371880413057961
0.1918070952698201,-0.9537788363313346,0.0369914057295136
0.1918932711525649,-0.9540807905840551,0.0367947701532311
0.1919794470353097,-0.9543827448367754,0.0365981345769487
0.1920656229180546,-0.954684699089496,0.0364014990006662
0.1921517988007994,-0.9549866533422164,0.0362048634243837
0.1922379746835443,-0.9552886075949368,0.0360082278481012
0.1923241505662891,-0.9555905618476572,0.0358115922718187
0.1924103264490339,-0.9558925161003776,0.0356149566955362
0.1924965023317787,-0.956194470353098,0.0354183211192538
0.1925826782145236,-0.9564964246058184,0.0352216855429713
0.1926688540972684,-0.9567983788585388,0.0350250499666888
0.1927550299800133,-0.9571003331112592,0.0348284143904064
0.1928412058627581,-0.9574022873639796,0.0346317788141239
0.192927381745503,-0.9577042416167,0.0344351432378414
0.1930135576282478,-0.9580061958694204,0.0342385076615588
0.1930997335109926,-0.9583081501221408,0.0340418720852764
0.1931859093937374,-0.9586101043748612,0.0338452365089939
0.1932720852764823,-0.9589120586275816,0.0336486009327114
0.1933582611592271,-0.959214012880302,0.033451965356429
0.193444437041972,-0.9595159671330225,0.0332553297801465
0.1935306129247168,-0.959817921385743,0.033058694203864
0.1936167888074617,-0.9601198756384632,0.0328620586275816
0.1937029646902065,-0.9604218298911836,0.0326654230512991
0.1937891405729513,-0.960723784143904,0.0324687874750166
0.1938753164556961,-0.9610257383966244,0.0322721518987341
0.193961492338441,-0.9613276926493448,0.0320755163224516
0.1940476682211858,-0.9616296469020652,0.0318788807461691
0.1941338441039307,-0.9619316011547858,0.0316822451698867
0.1942200199866755,-0.962233555407506,0.0314856095936042
0.1943061958694203,-0.9625355096602266,0.0312889740173217
0.1943923717521652,-0.9628374639129468,0.0310923384410393
0.19447854763491,-0.9631394181656674,0.0308957028647568
0.1945647235176548,-0.9634413724183876,0.0306990672884743
0.1946508994003997,-0.9637433266711082,0.0305024317121919
0.1947370752831445,-0.9640452809238288,0.0303057961359093
0.1948232511658894,-0.964347235176549,0.0301091605596268
0.1949094270486342,-0.9646491894292696,0.0299125249833444
0.194995602931379,-0.9649511436819898,0.0297158894070619
0.1950817788141239,-0.9652530979347104,0.0295192538307794
0.1951679546968687,-0.9655550521874304,0.029322618254497
0.1952541305796136,-0.965857006440151,0.0291259826782145
0.1953403064623584,-0.9661589606928715,0.028929347101932
0.1954264823451032,-0.9664609149455918,0.0287327115256496
0.195512658227848,-0.9667628691983124,0.028536075949367
0.1955988341105929,-0.9670648234510326,0.0283394403730845
0.1956850099933377,-0.9673667777037532,0.028142804796802
0.1957711858760826,-0.9676687319564734,0.0279461692205196
0.1958573617588274,-0.967970686209194,0.0277495336442371
0.1959435376415723,-0.9682726404619144,0.0275528980679546
0.196029713524317,-0.9685745947146348,0.0273562624916722
0.1961158894070619,-0.9688765489673552,0.0271596269153897
0.1962020652898067,-0.9691785032200756,0.0269629913391072
0.1962882411725516,-0.969480457472796,0.0267663557628248
0.1963744170552964,-0.9697824117255164,0.0265697201865422
0.1964605929380413,-0.9700843659782368,0.0263730846102597
0.1965467688207861,-0.9703863202309572,0.0261764490339773
0.196632944703531,-0.9706882744836776,0.0259798134576948
0.1967191205862757,-0.970990228736398,0.0257831778814123
0.1968052964690206,-0.9712921829891183,0.0255865423051299
0.1968914723517654,-0.9715941372418389,0.0253899067288474
0.1969776482345103,-0.9718960914945592,0.0251932711525649
0.1970638241172551,-0.9721980457472796,0.0249966355762825
0.19715,-0.9725,0.0248
0.1970844103930712,-0.9721722629358204,0.0249795025538529
0.1970188207861425,-0.971844525871641,0.0251590051077059
0.1969532311792138,-0.9715167888074616,0.0253385076615589
0.1968876415722851,-0.9711890517432822,0.0255180102154119
0.1968220519653564,-0.9708613146791027,0.0256975127692649
0.1967564623584277,-0.9705335776149232,0.0258770153231179
0.196690872751499,-0.970205840550744,0.0260565178769709
0.1966252831445702,-0.9698781034865644,0.0262360204308238
0.1965596935376415,-0.969550366422385,0.0264155229846768
0.1964941039307128,-0.9692226293582056,0.0265950255385298
0.1964285143237841,-0.968894892294026,0.0267745280923828
0.1963629247168554,-0.9685671552298468,0.0269540306462358
0.1962973351099267,-0.9682394181656672,0.0271335332000888
0.196231745502998,-0.9679116811014878,0.0273130357539418
0.1961661558960692,-0.9675839440373084,0.0274925383077948
0.1961005662891405,-0.967256206973129,0.0276720408616477
0.1960349766822118,-0.9669284699089497,0.0278515434155007
0.1959693870752831,-0.96660073284477,0.0280310459693537
0.1959037974683544,-0.9662729957805908,0.0282105485232067
0.1958382078614257,-0.9659452587164112,0.0283900510770597
0.195772618254497,-0.9656175216522318,0.0285695536309127
0.1957070286475682,-0.9652897845880524,0.0287490561847657
0.1956414390406395,-0.9649620475238728,0.0289285587386186
0.1955758494337108,-0.9646343104596936,0.0291080612924716
0.1955102598267821,-0.964306573395514,0.0292875638463246
0.1954446702198534,-0.9639788363313346,0.0294670664001776
0.1953790806129247,-0.9636510992671552,0.0296465689540306
0.195313491005996,-0.9633233622029758,0.0298260715078836
0.1952479013990672,-0.9629956251387964,0.0300055740617366
0.1951823117921385,-0.9626678880746168,0.0301850766155896
0.1951167221852098,-0.9623401510104376,0.0303645791694425
0.1950511325782811,-0.962012413946258,0.0305440817232955
0.1949855429713524,-0.9616846768820784,0.0307235842771485
0.1949199533644237,-0.961356939817899,0.0309030868310015
0.1948543637574949,-0.9610292027537196,0.0310825893848545
0.1947887741505662,-0.9607014656895402,0.0312620919387075
0.1947231845436375,-0.9603737286253607,0.0314415944925605
0.1946575949367088,-0.9600459915611812,0.0316210970464135
0.1945920053297801,-0.959718254497002,0.0318005996002664
0.1945264157228514,-0.9593905174328224,0.0319801021541194
0.1944608261159227,-0.959062780368643,0.0321596047079724
0.1943952365089939,-0.9587350433044636,0.0323391072618254
0.1943296469020652,-0.958407306240284,0.0325186098156784
0.1942640572951365,-0.9580795691761048,0.0326981123695314
0.1941984676882078,-0.9577518321119252,0.0328776149233844
0.1941328780812791,-0.9574240950477458,0.0330571174772374
0.1940672884743504,-0.9570963579835664,0.0332366200310903
0.1940016988674217,-0.956768620919387,0.0334161225849433
0.1939361092604929,-0.9564408838552076,0.0335956251387963
0.1938705196535642,-0.956113146791028,0.0337751276926493
0.1938049300466355,-0.9557854097268488,0.0339546302465023
0.1937393404397068,-0.9554576726626692,0.0341341328003553
0.1936737508327781,-0.9551299355984898,0.0343136353542083
0.1936081612258494,-0.9548021985343104,0.0344931379080612
0.1935425716189207,-0.9544744614701308,0.0346726404619142
0.193476982011992,-0.9541467244059516,0.0348521430157672
0.1934113924050632,-0.953818987341772,0.0350316455696202
0.1933458027981345,-0.9534912502775926,0.0352111481234732
0.1932802131912058,-0.9531635132134132,0.0353906506773262
0.1932146235842771,-0.9528357761492338,0.0355701532311792
0.1931490339773484,-0.9525080390850544,0.0357496557850322
0.1930834443704197,-0.9521803020208748,0.0359291583388851
0.193017854763491,-0.9518525649566956,0.0361086608927381
0.1929522651565622,-0.951524827892516,0.0362881634465911
0.1928866755496335,-0.9511970908283366,0.0364676660004441
0.1928210859427048,-0.9508693537641572,0.0366471685542971
0.1927554963357761,-0.9505416166999776,0.0368266711081501
0.1926899067288474,-0.9502138796357984,0.0370061736620031
0.1926243171219187,-0.9498861425716189,0.0371856762158561
0.19255872751499,-0.9495584055074394,0.037365178769709
0.1924931379080612,-0.94923066844326,0.037544681323562
0.1924275483011325,-0.9489029313790804,0.037724183877415
0.1923619586942038,-0.9485751943149012,0.037903686431268
0.1922963690872751,-0.9482474572507216,0.038083188985121
0.1922307794803464,-0.9479197201865422,0.038262691538974
0.1921651898734177,-0.9475919831223628,0.038442194092827
0.192099600266489,-0.9472642460581834,0.0386216966466799
0.1920340106595602,-0.946936508994004,0.0388011992005329
0.1919684210526315,-0.9466087719298244,0.0389807017543859
0.1919028314457028,-0.9462810348656452,0.0391602043082389
0.1918372418387741,-0.9459532978014656,0.0393397068620919
0.1917716522318454,-0.9456255607372862,0.0395192094159449
0.1917060626249167,-0.9452978236731068,0.0396987119697979
0.191640473017988,-0.9449700866089272,0.0398782145236508
0.1915748834110592,-0.944642349544748,0.0400577170775038
0.1915092938041305,-0.9443146124805684,0.0402372196313568
0.1914437041972018,-0.943986875416389,0.0404167221852098
0.1913781145902731,-0.9436591383522096,0.0405962247390628
0.1913125249833444,-0.9433314012880302,0.0407757272929158
0.1912469353764157,-0.9430036642238508,0.0409552298467688
0.191181345769487,-0.9426759271596712,0.0411347324006218
0.1911157561625583,-0.942348190095492,0.0413142349544747
0.1910501665556295,-0.9420204530313124,0.0414937375083277
0.1909845769487008,-0.9416927159671328,0.0416732400621807
0.1909189873417721,-0.9413649789029536,0.0418527426160337
0.1908533977348434,-0.941037241838774,0.0420322451698867
0.1907878081279147,-0.9407095047745946,0.0422117477237397
0.190722218520986,-0.9403817677104152,0.0423912502775927
0.1906566289140573,-0.9400540306462356,0.0425707528314457
0.1905910393071285,-0.9397262935820564,0.0427502553852986
0.1905254497001998,-0.9393985565178768,0.0429297579391516
0.1904598600932711,-0.9390708194536974,0.0431092604930046
0.1903942704863424,-0.938743082389518,0.0432887630468576
0.1903286808794137,-0.9384153453253384,0.0434682656007106
0.190263091272485,-0.9380876082611592,0.0436477681545636
0.1901975016655563,-0.9377598711969796,0.0438272707084166
0.1901319120586275,-0.9374321341328002,0.0440067732622695
0.1900663224516988,-0.9371043970686208,0.0441862758161225
0.1900007328447701,-0.9367766600044414,0.0443657783699755
0.1899351432378414,-0.936448922940262,0.0445452809238285
0.1898695536309127,-0.9361211858760824,0.0447247834776815
0.189803964023984,-0.9357934488119032,0.0449042860315345
0.1897383744170553,-0.9354657117477236,0.0450837885853875
0.1896727848101265,-0.9351379746835442,0.0452632911392405
0.1896071952031978,-0.9348102376193648,0.0454427936930934
0.1895416055962691,-0.9344825005551852,0.0456222962469464
0.1894760159893404,-0.934154763491006,0.0458017988007994
0.1894104263824117,-0.9338270264268264,0.0459813013546524
0.189344836775483,-0.933499289362647,0.0461608039085054
0.1892792471685543,-0.9331715522984676,0.0463403064623584
0.1892136575616256,-0.9328438152342882,0.0465198090162114
0.1891480679546968,-0.9325160781701088,0.0466993115700644
0.1890824783477681,-0.9321883411059292,0.0468788141239173
0.1890168887408394,-0.93186060404175,0.0470583166777703
0.1889512991339107,-0.9315328669775704,0.0472378192316233
0.188885709526982,-0.931205129913391,0.0474173217854763
0.1888201199200533,-0.9308773928492116,0.0475968243393293
0.1887545303131245,-0.930549655785032,0.0477763268931823
0.1886889407061958,-0.9302219187208528,0.0479558294470353
0.1886233510992671,-0.9298941816566731,0.0481353320008882
0.1885577614923384,-0.9295664445924938,0.0483148345547412
0.1884921718854097,-0.9292387075283144,0.0484943371085942
0.188426582278481,-0.928910970464135,0.0486738396624472
0.1883609926715523,-0.9285832333999556,0.0488533422163002
0.1882954030646235,-0.928255496335776,0.0490328447701532
0.1882298134576948,-0.9279277592715968,0.0492123473240062
0.1881642238507661,-0.9276000222074172,0.0493918498778592
0.1880986342438374,-0.9272722851432378,0.0495713524317121
0.1880330446369087,-0.9269445480790584,0.0497508549855651
0.18796745502998,-0.9266168110148788,0.0499303575394181
0.1879018654230513,-0.9262890739506996,0.0501098600932711
0.1878362758161225,-0.92596133688652,0.0502893626471241
0.1877706862091938,-0.9256335998223406,0.0504688652009771
0.1877050966022651,-0.9253058627581612,0.0506483677548301
0.1876395069953364,-0.9249781256939816,0.0508278703086831
0.1875739173884077,-0.9246503886298024,0.051007372862536
0.187508327781479,-0.9243226515656228,0.051186875416389
0.1874427381745503,-0.9239949145014434,0.051366377970242
0.1873771485676215,-0.923667177437264,0.051545880524095
0.1873115589606928,-0.9233394403730846,0.051725383077948
0.1872459693537641,-0.9230117033089053,0.051904885631801
0.1871803797468354,-0.9226839662447256,0.052084388185654
0.1871147901399067,-0.9223562291805464,0.0522638907395069
0.187049200532978,-0.9220284921163668,0.0524433932933599
0.1869836109260493,-0.9217007550521874,0.0526228958472129
0.1869180213191205,-0.921373017988008,0.0528023984010659
0.1868524317121918,-0.9210452809238284,0.0529819009549189
0.1867868421052631,-0.920717543859649,0.0531614035087719
0.1867212524983344,-0.9203898067954696,0.0533409060626249
0.1866556628914057,-0.92006206973129,0.0535204086164779
0.186590073284477,-0.9197343326671108,0.0536999111703308
0.1865244836775483,-0.9194065956029313,0.0538794137241838
0.1864588940706195,-0.9190788585387518,0.0540589162780368
0.1863933044636908,-0.9187511214745724,0.0542384188318898
0.1863277148567621,-0.918423384410393,0.0544179213857428
0.1862621252498334,-0.9180956473462136,0.0545974239395958
0.1861965356429047,-0.917767910282034,0.0547769264934488
0.186130946035976,-0.9174401732178546,0.0549564290473017
0.1860653564290472,-0.9171124361536752,0.0551359316011547
0.1859997668221185,-0.9167846990894958,0.0553154341550077
0.1859341772151898,-0.9164569620253163,0.0554949367088607
0.1858685876082611,-0.9161292249611368,0.0556744392627137
0.1858029980013324,-0.9158014878969576,0.0558539418165667
0.1857374083944037,-0.915473750832778,0.0560334443704197
0.185671818787475,-0.9151460137685986,0.0562129469242727
0.1856062291805462,-0.9148182767044192,0.0563924494781256
0.1855406395736175,-0.9144905396402396,0.0565719520319786
0.1854750499666888,-0.9141628025760604,0.0567514545858316
0.1854094603597601,-0.9138350655118808,0.0569309571396846
0.1853438707528314,-0.9135073284477014,0.0571104596935376
0.1852782811459027,-0.913179591383522,0.0572899622473906
0.185212691538974,-0.9128518543193426,0.0574694648012436
0.1851471019320452,-0.9125241172551632,0.0576489673550966
0.1850815123251165,-0.9121963801909836,0.0578284699089495
0.1850159227181878,-0.9118686431268044,0.0580079724628025
0.1849503331112591,-0.9115409060626248,0.0581874750166555
0.1848847435043304,-0.9112131689984454,0.0583669775705085
0.1848191538974017,-0.910885431934266,0.0585464801243615
0.184753564290473,-0.9105576948700864,0.0587259826782145
0.1846879746835443,-0.9102299578059072,0.0589054852320675
0.1846223850766155,-0.9099022207417276,0.0590849877859205
0.1845567954696868,-0.9095744836775482,0.0592644903397734
0.1844912058627581,-0.9092467466133688,0.0594439928936264
0.1844256162558294,-0.9089190095491894,0.0596234954474794
0.1843600266489007,-0.90859127248501,0.0598029980013324
0.184294437041972,-0.9082635354208304,0.0599825005551854
0.1842288474350433,-0.9079357983566512,0.0601620031090384
0.1841632578281145,-0.9076080612924716,0.0603415056628914
0.1840976682211858,-0.9072803242282922,0.0605210082167443
0.1840320786142571,-0.9069525871641128,0.0607005107705973
0.1839664890073284,-0.9066248500999332,0.0608800133244503
0.1839008994003997,-0.906297113035754,0.0610595158783033
0.183835309793471,-0.9059693759715745,0.0612390184321563
0.1837697201865423,-0.905641638907395,0.0614185209860093
0.1837041305796135,-0.9053139018432156,0.0615980235398623
0.1836385409726848,-0.9049861647790362,0.0617775260937153
0.1835729513657561,-0.9046584277148568,0.0619570286475682
0.1835073617588274,-0.9043306906506772,0.0621365312014212
0.1834417721518987,-0.9040029535864978,0.0623160337552742
0.18337618254497,-0.9036752165223184,0.0624955363091272
0.1833105929380413,-0.903347479458139,0.0626750388629802
0.1832450033311125,-0.9030197423939595,0.0628545414168332
0.1831794137241838,-0.90269200532978,0.0630340439706862
0.1831138241172551,-0.9023642682656006,0.0632135465245392
0.1830482345103264,-0.9020365312014212,0.0633930490783921
0.1829826449033977,-0.9017087941372416,0.0635725516322451
0.182917055296469,-0.9013810570730624,0.0637520541860981
0.1828514656895403,-0.9010533200088828,0.0639315567399511
0.1827858760826116,-0.9007255829447034,0.0641110592938041
0.1827202864756828,-0.900397845880524,0.0642905618476571
0.1826546968687541,-0.9000701088163445,0.0644700644015101
0.1825891072618254,-0.8997423717521651,0.064649566955363
0.1825235176548967,-0.8994146346879857,0.064829069509216
0.182457928047968,-0.8990868976238062,0.065008572063069
0.1823923384410393,-0.8987591605596268,0.065188074616922
0.1823267488341106,-0.8984314234954474,0.065367577170775
0.1822611592271818,-0.8981036864312679,0.065547079724628
0.1821955696202531,-0.8977759493670885,0.065726582278481
0.1821299800133244,-0.897448212302909,0.065906084832334
0.1820643904063957,-0.8971204752387296,0.0660855873861869
0.181998800799467,-0.8967927381745502,0.0662650899400399
0.1819332111925383,-0.8964650011103708,0.0664445924938929
0.1818676215856096,-0.8961372640461913,0.0666240950477459
0.1818020319786808,-0.8958095269820119,0.0668035976015989
0.1817364423717521,-0.8954817899178324,0.0669831001554519
0.1816708527648234,-0.895154052853653,0.0671626027093049
0.1816052631578947,-0.8948263157894736,0.0673421052631579
0.181539673550966,-0.8944985787252941,0.0675216078170108
0.1814740839440373,-0.8941708416611147,0.0677011103708638
0.1814084943371086,-0.8938431045969353,0.0678806129247168
0.1813429047301798,-0.8935153675327558,0.0680601154785698
0.1812773151232511,-0.8931876304685764,0.0682396180324228
0.1812117255163224,-0.892859893404397,0.0684191205862758
0.1811461359093937,-0.8925321563402175,0.0685986231401288
0.181080546302465,-0.8922044192760381,0.0687781256939817
0.1810149566955363,-0.8918766822118587,0.0689576282478347
0.1809493670886076,-0.8915489451476792,0.0691371308016877
0.1808837774816789,-0.8912212080834998,0.0693166333555407
0.1808181878747501,-0.8908934710193204,0.0694961359093937
