-0.2721972409152086,-0.8972720726783312,0.0053954239569312
-0.2722498519515477,-0.8975411843876179,0.0051202422611035
-0.2723024629878869,-0.8978102960969045,0.0048450605652757
-0.2723550740242261,-0.8980794078061912,0.004569878869448
-0.2724076850605652,-0.8983485195154779,0.0042946971736204
-0.2724602960969044,-0.8986176312247646,0.0040195154777926
-0.2725129071332436,-0.8988867429340512,0.0037443337819649
-0.2725655181695827,-0.8991558546433379,0.0034691520861371
-0.2726181292059219,-0.8994249663526246,0.0031939703903094
-0.2726707402422611,-0.8996940780619113,0.0029187886944817
-0.2727233512786002,-0.8999631897711979,0.002643606998654
-0.2727759623149394,-0.9002323014804846,0.0023684253028263
-0.2728285733512786,-0.9005014131897713,0.0020932436069985
-0.2728811843876177,-0.900770524899058,0.0018180619111708
-0.2729337954239569,-0.9010396366083446,0.0015428802153431
-0.272986406460296,-0.9013087483176312,0.0012676985195153
-0.2730390174966353,-0.901577860026918,0.0009925168236876
-0.2730916285329744,-0.9018469717362048,0.0007173351278599
-0.2731442395693135,-0.9021160834454912,0.0004421534320322
-0.2731968506056527,-0.902385195154778,0.0001669717362045
-0.2732494616419919,-0.9026543068640648,-0.0001082099596232
-0.273302072678331,-0.9029234185733512,-0.0003833916554509
-0.2733546837146702,-0.903192530282638,-0.0006585733512787
-0.2734072947510094,-0.9034616419919248,-0.0009337550471064
-0.2734599057873486,-0.9037307537012114,-0.001208936742934
-0.2735125168236877,-0.903999865410498,-0.0014841184387618
-0.2735651278600269,-0.9042689771197848,-0.0017593001345895
-0.2736177388963661,-0.9045380888290714,-0.0020344818304173
-0.2736703499327052,-0.904807200538358,-0.002309663526245
-0.2737229609690443,-0.9050763122476448,-0.0025848452220728
-0.2737755720053835,-0.9053454239569314,-0.0028600269179005
-0.2738281830417227,-0.905614535666218,-0.0031352086137281
-0.2738807940780619,-0.9058836473755048,-0.0034103903095559
-0.273933405114401,-0.9061527590847914,-0.0036855720053836
-0.2739860161507402,-0.906421870794078,-0.0039607537012114
-0.2740386271870794,-0.9066909825033648,-0.0042359353970391
-0.2740912382234185,-0.9069600942126514,-0.0045111170928668
-0.2741438492597577,-0.907229205921938,-0.0047862987886945
-0.2741964602960969,-0.9074983176312248,-0.0050614804845222
-0.274249071332436,-0.9077674293405116,-0.00533666218035
-0.2743016823687752,-0.908036541049798,-0.0056118438761777
-0.2743542934051144,-0.9083056527590848,-0.0058870255720054
-0.2744069044414535,-0.9085747644683716,-0.0061622072678332
-0.2744595154777927,-0.9088438761776584,-0.0064373889636609
-0.2745121265141318,-0.909112987886945,-0.0067125706594886
-0.274564737550471,-0.9093820995962316,-0.0069877523553163
-0.2746173485868102,-0.9096512113055184,-0.007262934051144
-0.2746699596231494,-0.909920323014805,-0.0075381157469718
-0.2747225706594886,-0.9101894347240916,-0.0078132974427995
-0.2747751816958277,-0.9104585464333784,-0.0080884791386273
-0.2748277927321668,-0.910727658142665,-0.008363660834455
-0.274880403768506,-0.9109967698519515,-0.0086388425302826
-0.2749330148048452,-0.9112658815612384,-0.0089140242261104
-0.2749856258411843,-0.911534993270525,-0.0091892059219381
-0.2750382368775235,-0.9118041049798116,-0.0094643876177659
-0.2750908479138627,-0.9120732166890984,-0.0097395693135936
-0.2751434589502018,-0.912342328398385,-0.0100147510094213
-0.275196069986541,-0.9126114401076716,-0.010289932705249
-0.2752486810228802,-0.9128805518169584,-0.0105651144010767
-0.2753012920592194,-0.913149663526245,-0.0108402960969045
-0.2753539030955585,-0.9134187752355316,-0.0111154777927322
-0.2754065141318977,-0.9136878869448184,-0.0113906594885599
-0.2754591251682369,-0.9139569986541052,-0.0116658411843877
-0.275511736204576,-0.9142261103633916,-0.0119410228802154
-0.2755643472409151,-0.9144952220726784,-0.0122162045760431
-0.2756169582772543,-0.9147643337819652,-0.0124913862718708
-0.2756695693135935,-0.9150334454912518,-0.0127665679676985
-0.2757221803499327,-0.9153025572005384,-0.0130417496635263
-0.2757747913862718,-0.9155716689098252,-0.013316931359354
-0.275827402422611,-0.9158407806191118,-0.0135921130551818
-0.2758800134589502,-0.9161098923283983,-0.0138672947510095
-0.2759326244952893,-0.9163790040376852,-0.0141424764468371
-0.2759852355316285,-0.9166481157469718,-0.0144176581426649
-0.2760378465679677,-0.9169172274562584,-0.0146928398384926
-0.2760904576043068,-0.9171863391655452,-0.0149680215343204
-0.276143068640646,-0.9174554508748318,-0.0152432032301481
-0.2761956796769852,-0.9177245625841184,-0.0155183849259759
-0.2762482907133243,-0.9179936742934052,-0.0157935666218036
-0.2763009017496635,-0.9182627860026918,-0.0160687483176312
-0.2763535127860027,-0.9185318977119784,-0.016343930013459
-0.2764061238223418,-0.9188010094212652,-0.0166191117092867
-0.276458734858681,-0.919070121130552,-0.0168942934051145
-0.2765113458950201,-0.9193392328398384,-0.0171694751009422
-0.2765639569313593,-0.9196083445491252,-0.0174446567967699
-0.2766165679676985,-0.919877456258412,-0.0177198384925976
-0.2766691790040376,-0.9201465679676986,-0.0179950201884253
-0.2767217900403768,-0.9204156796769852,-0.0182702018842531
-0.276774401076716,-0.920684791386272,-0.0185453835800808
-0.2768270121130551,-0.9209539030955586,-0.0188205652759085
-0.2768796231493943,-0.9212230148048453,-0.0190957469717363
-0.2769322341857335,-0.921492126514132,-0.019370928667564
-0.2769848452220727,-0.9217612382234186,-0.0196461103633917
-0.2770374562584118,-0.9220303499327052,-0.0199212920592194
-0.277090067294751,-0.922299461641992,-0.0201964737550471
-0.2771426783310902,-0.9225685733512788,-0.0204716554508749
-0.2771952893674293,-0.9228376850605654,-0.0207468371467026
-0.2772479004037684,-0.923106796769852,-0.0210220188425304
-0.2773005114401076,-0.9233759084791388,-0.0212972005383581
-0.2773531224764468,-0.9236450201884254,-0.0215723822341857
-0.2774057335127859,-0.923914131897712,-0.0218475639300135
-0.2774583445491251,-0.9241832436069988,-0.0221227456258412
-0.2775109555854643,-0.9244523553162854,-0.022397927321669
-0.2775635666218035,-0.924721467025572,-0.0226731090174967
-0.2776161776581426,-0.9249905787348588,-0.0229482907133244
-0.2776687886944818,-0.9252596904441456,-0.0232234724091521
-0.277721399730821,-0.925528802153432,-0.0234986541049798
-0.2777740107671601,-0.9257979138627188,-0.0237738358008076
-0.2778266218034993,-0.9260670255720056,-0.0240490174966353
-0.2778792328398385,-0.9263361372812922,-0.024324199192463
-0.2779318438761776,-0.9266052489905788,-0.0245993808882908
-0.2779844549125168,-0.9268743606998656,-0.0248745625841185
-0.2780370659488559,-0.9271434724091522,-0.0251497442799462
-0.2780896769851951,-0.9274125841184389,-0.0254249259757739
-0.2781422880215343,-0.9276816958277256,-0.0257001076716016
-0.2781948990578735,-0.9279508075370122,-0.0259752893674294
-0.2782475100942126,-0.9282199192462988,-0.0262504710632571
-0.2783001211305518,-0.9284890309555855,-0.0265256527590849
-0.2783527321668909,-0.9287581426648722,-0.0268008344549126
-0.2784053432032301,-0.9290272543741588,-0.0270760161507402
-0.2784579542395693,-0.9292963660834456,-0.027351197846568
-0.2785105652759084,-0.9295654777927322,-0.0276263795423957
-0.2785631763122476,-0.9298345895020188,-0.0279015612382235
-0.2786157873485868,-0.9301037012113056,-0.0281767429340512
-0.2786683983849259,-0.9303728129205924,-0.028451924629879
-0.2787210094212651,-0.9306419246298788,-0.0287271063257067
-0.2787736204576043,-0.9309110363391656,-0.0290022880215343
-0.2788262314939435,-0.9311801480484524,-0.0292774697173621
-0.2788788425302826,-0.931449259757739,-0.0295526514131898
-0.2789314535666217,-0.9317183714670256,-0.0298278331090176
-0.278984064602961,-0.9319874831763124,-0.0301030148048453
-0.2790366756393001,-0.932256594885599,-0.030378196500673
-0.2790892866756392,-0.9325257065948857,-0.0306533781965007
-0.2791418977119784,-0.9327948183041724,-0.0309285598923284
-0.2791945087483176,-0.933063930013459,-0.0312037415881561
-0.2792471197846567,-0.9333330417227456,-0.0314789232839839
-0.2792997308209959,-0.9336021534320323,-0.0317541049798116
-0.2793523418573351,-0.933871265141319,-0.0320292866756394
-0.2794049528936743,-0.9341403768506056,-0.0323044683714671
-0.2794575639300134,-0.9344094885598924,-0.0325796500672947
-0.2795101749663526,-0.934678600269179,-0.0328548317631225
-0.2795627860026918,-0.9349477119784656,-0.0331300134589502
-0.2796153970390309,-0.9352168236877524,-0.033405195154778
-0.27966800807537,-0.9354859353970392,-0.0336803768506057
-0.2797206191117092,-0.9357550471063256,-0.0339555585464335
-0.2797732301480484,-0.9360241588156124,-0.0342307402422612
-0.2798258411843876,-0.9362932705248992,-0.0345059219380888
-0.2798784522207267,-0.936562382234186,-0.0347811036339166
-0.2799310632570659,-0.9368314939434724,-0.0350562853297443
-0.2799836742934051,-0.9371006056527592,-0.0353314670255721
-0.2800362853297442,-0.937369717362046,-0.0356066487213998
-0.2800888963660834,-0.9376388290713326,-0.0358818304172275
-0.2801415074024226,-0.9379079407806192,-0.0361570121130552
-0.2801941184387617,-0.938177052489906,-0.0364321938088829
-0.2802467294751009,-0.9384461641991926,-0.0367073755047107
-0.2802993405114401,-0.9387152759084793,-0.0369825572005384
-0.2803519515477792,-0.938984387617766,-0.0372577388963661
-0.2804045625841184,-0.9392534993270526,-0.0375329205921939
-0.2804571736204576,-0.9395226110363392,-0.0378081022880216
-0.2805097846567967,-0.939791722745626,-0.0380832839838493
-0.2805623956931359,-0.9400608344549126,-0.038358465679677
-0.2806150067294751,-0.9403299461641992,-0.0386336473755047
-0.2806676177658143,-0.940599057873486,-0.0389088290713325
-0.2807202288021534,-0.9408681695827726,-0.0391840107671602
-0.2807728398384925,-0.9411372812920592,-0.039459192462988
-0.2808254508748317,-0.941406393001346,-0.0397343741588157
-0.2808780619111709,-0.9416755047106328,-0.0400095558546433
-0.28093067294751,-0.9419446164199192,-0.0402847375504711
-0.2809832839838492,-0.942213728129206,-0.0405599192462988
-0.2810358950201884,-0.9424828398384928,-0.0408351009421266
-0.2810885060565276,-0.9427519515477794,-0.0411102826379542
-0.2811411170928667,-0.943021063257066,-0.0413854643337819
-0.2811937281292059,-0.9432901749663528,-0.0416606460296097
-0.2812463391655451,-0.9435592866756394,-0.0419358277254374
-0.2812989502018842,-0.943828398384926,-0.0422110094212652
-0.2813515612382234,-0.9440975100942128,-0.0424861911170929
-0.2814041722745626,-0.9443666218034994,-0.0427613728129206
-0.2814567833109017,-0.944635733512786,-0.0430365545087484
-0.2815093943472408,-0.9449048452220729,-0.0433117362045761
-0.28156200538358,-0.9451739569313594,-0.0435869179004039
-0.2816146164199192,-0.945443068640646,-0.0438620995962316
-0.2816672274562584,-0.9457121803499328,-0.0441372812920594
-0.2817198384925975,-0.9459812920592194,-0.0444124629878871
-0.2817724495289367,-0.946250403768506,-0.0446876446837146
-0.2818250605652759,-0.9465195154777928,-0.0449628263795424
-0.281877671601615,-0.9467886271870796,-0.0452380080753701
-0.2819302826379542,-0.947057738896366,-0.0455131897711978
-0.2819828936742934,-0.9473268506056528,-0.0457883714670256
-0.2820355047106325,-0.9475959623149396,-0.0460635531628533
-0.2820881157469717,-0.9478650740242262,-0.0463387348586811
-0.2821407267833109,-0.9481341857335128,-0.0466139165545088
-0.28219333781965,-0.9484032974427996,-0.0468890982503366
-0.2822459488559892,-0.9486724091520862,-0.0471642799461643
-0.2822985598923284,-0.9489415208613728,-0.047439461641992
-0.2823511709286675,-0.9492106325706596,-0.0477146433378198
-0.2824037819650067,-0.9494797442799462,-0.0479898250336475
-0.2824563930013458,-0.9497488559892328,-0.048265006729475
-0.282509004037685,-0.9500179676985196,-0.0485401884253028
-0.2825616150740242,-0.9502870794078064,-0.0488153701211305
-0.2826142261103633,-0.950556191117093,-0.0490905518169583
-0.2826668371467025,-0.9508253028263796,-0.049365733512786
-0.2827194481830417,-0.9510944145356665,-0.0496409152086138
-0.2827720592193808,-0.951363526244953,-0.0499160969044415
-0.28282467025572,-0.9516326379542396,-0.0501912786002692
-0.2828772812920592,-0.9519017496635264,-0.050466460296097
-0.2829298923283984,-0.952170861372813,-0.0507416419919247
-0.2829825033647375,-0.9524399730820996,-0.0510168236877525
-0.2830351144010767,-0.9527090847913864,-0.0512920053835802
-0.2830877254374159,-0.9529781965006732,-0.0515671870794079
-0.283140336473755,-0.9532473082099596,-0.0518423687752355
-0.2831929475100941,-0.9535164199192464,-0.0521175504710632
-0.2832455585464333,-0.9537855316285332,-0.052392732166891
-0.2832981695827725,-0.9540546433378198,-0.0526679138627187
-0.2833507806191117,-0.9543237550471064,-0.0529430955585464
-0.2834033916554508,-0.9545928667563932,-0.0532182772543742
-0.28345600269179,-0.9548619784656798,-0.0534934589502019
-0.2835086137281292,-0.9551310901749664,-0.0537686406460297
-0.2835612247644683,-0.9554002018842532,-0.0540438223418574
-0.2836138358008075,-0.9556693135935398,-0.0543190040376851
-0.2836664468371467,-0.9559384253028264,-0.0545941857335129
-0.2837190578734858,-0.9562075370121133,-0.0548693674293406
-0.283771668909825,-0.9564766487213998,-0.0551445491251684
-0.2838242799461642,-0.9567457604306864,-0.0554197308209961
-0.2838768909825033,-0.9570148721399732,-0.0556949125168236
-0.2839295020188425,-0.9572839838492598,-0.0559700942126514
-0.2839821130551817,-0.9575530955585464,-0.0562452759084791
-0.2840347240915208,-0.9578222072678332,-0.0565204576043069
-0.28408733512786,-0.95809131897712,-0.0567956393001346
-0.2841399461641992,-0.9583604306864064,-0.0570708209959623
-0.2841925572005384,-0.9586295423956932,-0.0573460026917901
-0.2842451682368775,-0.95889865410498,-0.0576211843876178
-0.2842977792732166,-0.9591677658142664,-0.0578963660834456
-0.2843503903095558,-0.9594368775235532,-0.0581715477792733
-0.284403001345895,-0.95970598923284,-0.0584467294751011
-0.2844556123822341,-0.9599751009421266,-0.0587219111709288
-0.2845082234185733,-0.9602442126514132,-0.0589970928667565
-0.2845608344549125,-0.9605133243607,-0.0592722745625841
-0.2846134454912516,-0.9607824360699866,-0.0595474562584118
-0.2846660565275908,-0.9610515477792732,-0.0598226379542395
-0.28471866756393,-0.96132065948856,-0.0600978196500673
-0.2847712786002692,-0.9615897711978466,-0.060373001345895
-0.2848238896366083,-0.9618588829071332,-0.0606481830417228
-0.2848765006729474,-0.96212799461642,-0.0609233647375505
-0.2849291117092867,-0.9623971063257066,-0.0611985464333783
-0.2849817227456258,-0.9626662180349932,-0.061473728129206
-0.2850343337819649,-0.96293532974428,-0.0617489098250337
-0.2850869448183041,-0.9632044414535668,-0.0620240915208615
-0.2851395558546433,-0.9634735531628532,-0.0622992732166892
-0.2851921668909825,-0.96374266487214,-0.062574454912517
-0.2852447779273216,-0.9640117765814268,-0.0628496366083447
-0.2852973889636608,-0.9642808882907136,-0.0631248183041722
-0.28535,-0.96455,-0.0634
-0.285281803499327,-0.9641841453566622,-0.0631239030955585
-0.2852136069986541,-0.9638182907133244,-0.062847806191117
-0.2851454104979811,-0.9634524360699864,-0.0625717092866756
-0.2850772139973082,-0.9630865814266488,-0.0622956123822341
-0.2850090174966352,-0.9627207267833108,-0.0620195154777927
-0.2849408209959623,-0.9623548721399732,-0.0617434185733512
-0.2848726244952894,-0.9619890174966352,-0.0614673216689098
-0.2848044279946164,-0.9616231628532974,-0.0611912247644683
-0.2847362314939434,-0.9612573082099596,-0.0609151278600269
-0.2846680349932705,-0.960891453566622,-0.0606390309555854
-0.2845998384925975,-0.960525598923284,-0.060362934051144
-0.2845316419919246,-0.9601597442799462,-0.0600868371467025
-0.2844634454912517,-0.9597938896366084,-0.0598107402422611
-0.2843952489905787,-0.9594280349932706,-0.0595346433378196
-0.2843270524899058,-0.9590621803499328,-0.0592585464333782
-0.2842588559892328,-0.9586963257065948,-0.0589824495289367
-0.2841906594885598,-0.9583304710632572,-0.0587063526244952
-0.2841224629878869,-0.9579646164199191,-0.0584302557200538
-0.284054266487214,-0.9575987617765814,-0.0581541588156123
-0.283986069986541,-0.9572329071332436,-0.0578780619111709
-0.2839178734858681,-0.9568670524899058,-0.0576019650067294
-0.2838496769851951,-0.956501197846568,-0.057325868102288
-0.2837814804845222,-0.95613534320323,-0.0570497711978465
-0.2837132839838492,-0.9557694885598924,-0.0567736742934051
-0.2836450874831763,-0.9554036339165544,-0.0564975773889636
-0.2835768909825034,-0.9550377792732168,-0.0562214804845222
-0.2835086944818304,-0.9546719246298788,-0.0559453835800807
-0.2834404979811574,-0.9543060699865412,-0.0556692866756393
-0.2833723014804845,-0.9539402153432032,-0.0553931897711978
-0.2833041049798115,-0.9535743606998656,-0.0551170928667563
-0.2832359084791386,-0.9532085060565276,-0.0548409959623149
-0.2831677119784657,-0.9528426514131898,-0.0545648990578734
-0.2830995154777927,-0.952476796769852,-0.054288802153432
-0.2830313189771197,-0.952110942126514,-0.0540127052489905
-0.2829631224764468,-0.9517450874831764,-0.0537366083445491
-0.2828949259757738,-0.9513792328398384,-0.0534605114401076
-0.2828267294751009,-0.9510133781965008,-0.0531844145356662
-0.282758532974428,-0.9506475235531628,-0.0529083176312247
-0.282690336473755,-0.950281668909825,-0.0526322207267833
-0.2826221399730821,-0.9499158142664872,-0.0523561238223418
-0.2825539434724091,-0.9495499596231494,-0.0520800269179004
-0.2824857469717362,-0.9491841049798116,-0.0518039300134589
-0.2824175504710632,-0.9488182503364738,-0.0515278331090175
-0.2823493539703903,-0.948452395693136,-0.051251736204576
-0.2822811574697174,-0.9480865410497982,-0.0509756393001345
-0.2822129609690444,-0.9477206864064605,-0.0506995423956931
-0.2821447644683714,-0.9473548317631224,-0.0504234454912516
-0.2820765679676985,-0.9469889771197848,-0.0501473485868102
-0.2820083714670255,-0.9466231224764468,-0.0498712516823687
-0.2819401749663526,-0.946257267833109,-0.0495951547779273
-0.2818719784656797,-0.9458914131897712,-0.0493190578734858
-0.2818037819650067,-0.9455255585464334,-0.0490429609690444
-0.2817355854643337,-0.9451597039030956,-0.0487668640646029
-0.2816673889636608,-0.9447938492597576,-0.0484907671601615
-0.2815991924629878,-0.94442799461642,-0.04821467025572
-0.2815309959623149,-0.944062139973082,-0.0479385733512786
-0.281462799461642,-0.9436962853297444,-0.0476624764468371
-0.281394602960969,-0.9433304306864064,-0.0473863795423956
-0.2813264064602961,-0.9429645760430688,-0.0471102826379542
-0.2812582099596231,-0.9425987213997308,-0.0468341857335127
-0.2811900134589501,-0.9422328667563932,-0.0465580888290713
-0.2811218169582772,-0.9418670121130552,-0.0462819919246298
-0.2810536204576043,-0.9415011574697174,-0.0460058950201884
-0.2809854239569314,-0.9411353028263796,-0.0457297981157469
-0.2809172274562584,-0.9407694481830418,-0.0454537012113055
-0.2808490309555854,-0.940403593539704,-0.045177604306864
-0.2807808344549125,-0.940037738896366,-0.0449015074024226
-0.2807126379542395,-0.9396718842530284,-0.0446254104979811
-0.2806444414535666,-0.9393060296096905,-0.0443493135935397
-0.2805762449528937,-0.9389401749663526,-0.0440732166890982
-0.2805080484522207,-0.9385743203230148,-0.0437971197846567
-0.2804398519515477,-0.938208465679677,-0.0435210228802153
-0.2803716554508748,-0.9378426110363391,-0.0432449259757738
-0.2803034589502018,-0.9374767563930012,-0.0429688290713324
-0.2802352624495289,-0.9371109017496636,-0.0426927321668909
-0.280167065948856,-0.9367450471063256,-0.0424166352624495
-0.280098869448183,-0.936379192462988,-0.042140538358008
-0.2800306729475101,-0.93601333781965,-0.0418644414535666
-0.2799624764468371,-0.9356474831763124,-0.0415883445491251
-0.2798942799461641,-0.9352816285329744,-0.0413122476446837
-0.2798260834454912,-0.9349157738896366,-0.0410361507402422
-0.2797578869448183,-0.9345499192462988,-0.0407600538358008
-0.2796896904441454,-0.934184064602961,-0.0404839569313593
-0.2796214939434724,-0.9338182099596232,-0.0402078600269178
-0.2795532974427994,-0.9334523553162852,-0.0399317631224764
-0.2794851009421265,-0.9330865006729476,-0.0396556662180349
-0.2794169044414535,-0.9327206460296096,-0.0393795693135935
-0.2793487079407806,-0.932354791386272,-0.039103472409152
-0.2792805114401077,-0.931988936742934,-0.0388273755047106
-0.2792123149394347,-0.9316230820995962,-0.0385512786002691
-0.2791441184387617,-0.9312572274562584,-0.0382751816958277
-0.2790759219380888,-0.9308913728129206,-0.0379990847913862
-0.2790077254374158,-0.9305255181695828,-0.0377229878869448
-0.2789395289367429,-0.930159663526245,-0.0374468909825033
-0.27887133243607,-0.9297938088829072,-0.0371707940780619
-0.278803135935397,-0.9294279542395694,-0.0368946971736204
-0.2787349394347241,-0.9290620995962316,-0.036618600269179
-0.2786667429340511,-0.9286962449528936,-0.0363425033647375
-0.2785985464333781,-0.928330390309556,-0.036066406460296
-0.2785303499327052,-0.927964535666218,-0.0357903095558546
-0.2784621534320323,-0.9275986810228802,-0.0355142126514131
-0.2783939569313593,-0.9272328263795424,-0.0352381157469717
-0.2783257604306864,-0.9268669717362046,-0.0349620188425302
-0.2782575639300134,-0.9265011170928668,-0.0346859219380888
-0.2781893674293405,-0.9261352624495288,-0.0344098250336473
-0.2781211709286675,-0.9257694078061912,-0.0341337281292059
-0.2780529744279946,-0.9254035531628532,-0.0338576312247644
-0.2779847779273217,-0.9250376985195156,-0.033581534320323
-0.2779165814266487,-0.9246718438761776,-0.0333054374158815
-0.2778483849259757,-0.9243059892328398,-0.0330293405114401
-0.2777801884253028,-0.923940134589502,-0.0327532436069986
-0.2777119919246298,-0.9235742799461644,-0.0324771467025572
-0.2776437954239569,-0.9232084253028264,-0.0322010497981157
-0.277575598923284,-0.9228425706594886,-0.0319249528936742
-0.277507402422611,-0.9224767160161508,-0.0316488559892328
-0.2774392059219381,-0.922110861372813,-0.0313727590847913
-0.2773710094212651,-0.9217450067294752,-0.0310966621803499
-0.2773028129205921,-0.9213791520861372,-0.0308205652759084
-0.2772346164199192,-0.9210132974427996,-0.030544468371467
-0.2771664199192463,-0.9206474427994616,-0.0302683714670255
-0.2770982234185733,-0.9202815881561238,-0.0299922745625841
-0.2770300269179004,-0.919915733512786,-0.0297161776581426
-0.2769618304172274,-0.9195498788694482,-0.0294400807537012
-0.2768936339165545,-0.9191840242261105,-0.0291639838492597
-0.2768254374158815,-0.9188181695827724,-0.0288878869448183
-0.2767572409152086,-0.9184523149394348,-0.0286117900403768
-0.2766890444145357,-0.918086460296097,-0.0283356931359353
-0.2766208479138627,-0.9177206056527591,-0.0280595962314939
-0.2765526514131897,-0.9173547510094212,-0.0277834993270524
-0.2764844549125168,-0.9169888963660836,-0.027507402422611
-0.2764162584118438,-0.9166230417227456,-0.0272313055181695
-0.2763480619111709,-0.9162571870794078,-0.0269552086137281
-0.276279865410498,-0.91589133243607,-0.0266791117092866
-0.276211668909825,-0.9155254777927322,-0.0264030148048452
-0.2761434724091521,-0.9151596231493944,-0.0261269179004037
-0.2760752759084791,-0.9147937685060564,-0.0258508209959623
-0.2760070794078061,-0.9144279138627188,-0.0255747240915208
-0.2759388829071332,-0.9140620592193808,-0.0252986271870794
-0.2758706864064603,-0.9136962045760432,-0.0250225302826379
-0.2758024899057873,-0.9133303499327052,-0.0247464333781965
-0.2757342934051144,-0.9129644952893674,-0.024470336473755
-0.2756660969044414,-0.9125986406460296,-0.0241942395693135
-0.2755979004037685,-0.9122327860026918,-0.0239181426648721
-0.2755297039030955,-0.911866931359354,-0.0236420457604306
-0.2754615074024226,-0.9115010767160162,-0.0233659488559892
-0.2753933109017497,-0.9111352220726784,-0.0230898519515477
-0.2753251144010767,-0.9107693674293406,-0.0228137550471063
-0.2752569179004037,-0.9104035127860028,-0.0225376581426648
-0.2751887213997308,-0.9100376581426648,-0.0222615612382234
-0.2751205248990578,-0.9096718034993272,-0.0219854643337819
-0.2750523283983849,-0.9093059488559893,-0.0217093674293405
-0.274984131897712,-0.9089400942126514,-0.021433270524899
-0.274915935397039,-0.9085742395693136,-0.0211571736204576
-0.2748477388963661,-0.9082083849259758,-0.0208810767160161
-0.2747795423956931,-0.907842530282638,-0.0206049798115746
-0.2747113458950201,-0.9074766756393,-0.0203288829071332
-0.2746431493943472,-0.9071108209959624,-0.0200527860026917
-0.2745749528936743,-0.9067449663526244,-0.0197766890982503
-0.2745067563930013,-0.9063791117092866,-0.0195005921938088
-0.2744385598923284,-0.9060132570659488,-0.0192244952893674
-0.2743703633916554,-0.9056474024226112,-0.0189483983849259
-0.2743021668909825,-0.9052815477792732,-0.0186723014804845
-0.2742339703903095,-0.9049156931359356,-0.018396204576043
-0.2741657738896366,-0.9045498384925976,-0.0181201076716016
-0.2740975773889637,-0.9041839838492598,-0.0178440107671601
-0.2740293808882907,-0.903818129205922,-0.0175679138627187
-0.2739611843876177,-0.903452274562584,-0.0172918169582772
-0.2738929878869448,-0.9030864199192464,-0.0170157200538357
-0.2738247913862718,-0.9027205652759084,-0.0167396231493943
-0.2737565948855989,-0.9023547106325708,-0.0164635262449528
-0.273688398384926,-0.9019888559892328,-0.0161874293405114
-0.273620201884253,-0.901623001345895,-0.0159113324360699
-0.2735520053835801,-0.9012571467025572,-0.0156352355316285
-0.2734838088829071,-0.9008912920592194,-0.015359138627187
-0.2734156123822341,-0.9005254374158815,-0.0150830417227456
-0.2733474158815612,-0.9001595827725437,-0.0148069448183041
-0.2732792193808883,-0.8997937281292059,-0.0145308479138627
-0.2732110228802153,-0.8994278734858681,-0.0142547510094212
-0.2731428263795424,-0.8990620188425303,-0.0139786541049798
-0.2730746298788694,-0.8986961641991925,-0.0137025572005383
-0.2730064333781965,-0.8983303095558547,-0.0134264602960969
-0.2729382368775235,-0.8979644549125169,-0.0131503633916554
-0.2728700403768506,-0.897598600269179,-0.0128742664872139
-0.2728018438761777,-0.8972327456258412,-0.0125981695827725
-0.2727336473755047,-0.8968668909825034,-0.012322072678331
-0.2726654508748317,-0.8965010363391656,-0.0120459757738896
-0.2725972543741588,-0.8961351816958277,-0.0117698788694481
-0.2725290578734858,-0.8957693270524899,-0.0114937819650067
-0.2724608613728129,-0.8954034724091521,-0.0112176850605652
-0.27239266487214,-0.8950376177658143,-0.0109415881561238
-0.272324468371467,-0.8946717631224764,-0.0106654912516823
-0.2722562718707941,-0.8943059084791386,-0.0103893943472409
-0.2721880753701211,-0.8939400538358008,-0.0101132974427994
-0.2721198788694481,-0.8935741991924631,-0.009837200538358
-0.2720516823687752,-0.8932083445491252,-0.0095611036339165
-0.2719834858681023,-0.8928424899057874,-0.009285006729475
-0.2719152893674293,-0.8924766352624496,-0.0090089098250336
-0.2718470928667564,-0.8921107806191118,-0.0087328129205921
-0.2717788963660834,-0.8917449259757739,-0.0084567160161507
-0.2717106998654105,-0.8913790713324361,-0.0081806191117092
-0.2716425033647375,-0.8910132166890983,-0.0079045222072678
-0.2715743068640646,-0.8906473620457604,-0.0076284253028263
-0.2715061103633917,-0.8902815074024226,-0.0073523283983849
-0.2714379138627187,-0.8899156527590848,-0.0070762314939434
-0.2713697173620457,-0.889549798115747,-0.006800134589502
-0.2713015208613728,-0.8891839434724091,-0.0065240376850605
-0.2712333243606998,-0.8888180888290713,-0.0062479407806191
-0.2711651278600269,-0.8884522341857335,-0.0059718438761776
-0.271096931359354,-0.8880863795423957,-0.0056957469717362
-0.271028734858681,-0.8877205248990578,-0.0054196500672947
-0.2709605383580081,-0.88735467025572,-0.0051435531628532
-0.2708923418573351,-0.8869888156123822,-0.0048674562584118
-0.2708241453566621,-0.8866229609690445,-0.0045913593539703
-0.2707559488559892,-0.8862571063257066,-0.0043152624495289
-0.2706877523553163,-0.8858912516823688,-0.0040391655450874
-0.2706195558546433,-0.885525397039031,-0.003763068640646
-0.2705513593539704,-0.8851595423956932,-0.0034869717362045
-0.2704831628532974,-0.8847936877523553,-0.0032108748317631
-0.2704149663526244,-0.8844278331090175,-0.0029347779273216
-0.2703467698519515,-0.8840619784656797,-0.0026586810228802
-0.2702785733512786,-0.8836961238223419,-0.0023825841184387
-0.2702103768506056,-0.883330269179004,-0.0021064872139973
-0.2701421803499327,-0.8829644145356662,-0.0018303903095558
-0.2700739838492597,-0.8825985598923284,-0.0015542934051143
-0.2700057873485868,-0.8822327052489906,-0.0012781965006729
-0.2699375908479138,-0.8818668506056527,-0.0010020995962314
-0.2698693943472409,-0.8815009959623149,-0.00072600269179
-0.269801197846568,-0.8811351413189772,-0.0004499057873485
-0.269733001345895,-0.8807692866756394,-0.0001738088829071
-0.269664804845222,-0.8804034320323015,0.0001022880215343
-0.2695966083445491,-0.8800375773889637,0.0003783849259757
-0.2695284118438761,-0.8796717227456259,0.0006544818304172
-0.2694602153432032,-0.8793058681022881,0.0009305787348586
-0.2693920188425303,-0.8789400134589502,0.0012066756393001
-0.2693238223418573,-0.8785741588156124,0.0014827725437415
-0.2692556258411844,-0.8782083041722746,0.001758869448183
-0.2691874293405114,-0.8778424495289368,0.0020349663526244
-0.2691192328398384,-0.8774765948855989,0.0023110632570659
-0.2690510363391655,-0.8771107402422611,0.0025871601615074
-0.2689828398384926,-0.8767448855989233,0.0028632570659488
-0.2689146433378196,-0.8763790309555854,0.0031393539703903
-0.2688464468371467,-0.8760131763122476,0.0034154508748317
-0.2687782503364737,-0.8756473216689098,0.0036915477792732
-0.2687100538358008,-0.875281467025572,0.0039676446837146
-0.2686418573351278,-0.8749156123822341,0.0042437415881561
-0.2685736608344549,-0.8745497577388963,0.0045198384925975
-0.268505464333782,-0.8741839030955586,0.004795935397039
-0.268437267833109,-0.8738180484522208,0.0050720323014804
-0.268369071332436,-0.873452193808883,0.0053481292059219
