0.006857730723132248,0.969703915301638,0.2176081502197363
0.006883499800239723,0.9697002996404315,0.21763531761885735
0.006909268877347191,0.9696966839792249,0.2176624850179784
0.006935037954454659,0.9696930683180184,0.21768965241709948
0.006960807031562134,0.9696894526568118,0.21771681981622054
0.006986576108669602,0.9696858369956053,0.21774398721534158
0.0070123451857770774,0.9696822213343987,0.21777115461446264
0.0070381142628845456,0.9696786056731922,0.21779832201358368
0.007063883339992021,0.9696749900119856,0.21782548941270474
0.007089652417099489,0.9696713743507791,0.2178526568118258
0.007115421494206957,0.9696677586895726,0.21787982421094687
0.007141190571314432,0.9696641430283659,0.2179069916100679
0.0071669596484219,0.9696605273671594,0.21793415900918897
0.007192728725529375,0.9696569117059528,0.21796132640831
0.007218497802636843,0.9696532960447463,0.21798849380743107
0.007244266879744311,0.9696496803835397,0.21801566120655214
0.007270035956851786,0.9696460647223332,0.2180428286056732
0.0072958050339592545,0.9696424490611266,0.21806999600479424
0.0073215741110667296,0.9696388333999201,0.2180971634039153
0.007347343188174198,0.9696352177387135,0.21812433080303634
0.007373112265281673,0.969631602077507,0.2181514982021574
0.007398881342389141,0.9696279864163004,0.21817866560127847
0.007424650419496609,0.9696243707550939,0.2182058330003995
0.007450419496604084,0.9696207550938873,0.21823300039952057
0.007476188573711552,0.9696171394326808,0.21826016779864163
0.007501957650819027,0.9696135237714743,0.21828733519776267
0.007527726727926495,0.9696099081102677,0.21831450259688373
0.00755349580503397,0.9696062924490612,0.2183416699960048
0.0075792648821414385,0.9696026767878546,0.21836883739512583
0.007605033959248907,0.9695990611266481,0.2183960047942469
0.007630803036356382,0.9695954454654415,0.21842317219336796
0.00765657211346385,0.9695918298042349,0.218450339592489
0.007682341190571325,0.9695882141430283,0.21847750699161006
0.007708110267678793,0.9695845984818218,0.21850467439073112
0.007733879344786261,0.9695809828206152,0.21853184178985216
0.007759648421893736,0.9695773671594087,0.21855900918897322
0.007785417499001204,0.9695737514982021,0.21858617658809426
0.007811186576108679,0.9695701358369956,0.21861334398721533
0.007836955653216147,0.969566520175789,0.2186405113863364
0.007862724730323623,0.9695629045145825,0.21866767878545745
0.00788849380743109,0.969559288853376,0.2186948461845785
0.007914262884538559,0.9695556731921694,0.21872201358369955
0.007940031961646034,0.9695520575309629,0.2187491809828206
0.007965801038753502,0.9695484418697563,0.21877634838194165
0.007991570115860977,0.9695448262085498,0.21880351578106272
0.008017339192968445,0.9695412105473432,0.21883068318018378
0.00804310827007592,0.9695375948861367,0.21885785057930482
0.008068877347183388,0.9695339792249301,0.21888501797842588
0.008094646424290856,0.9695303635637236,0.21891218537754692
0.008120415501398331,0.969526747902517,0.21893935277666798
0.0081461845785058,0.9695231322413104,0.21896652017578905
0.008171953655613275,0.9695195165801038,0.2189936875749101
0.008197722732720743,0.9695159009188973,0.21902085497403115
0.008223491809828211,0.9695122852576907,0.2190480223731522
0.008249260886935686,0.9695086695964842,0.21907518977227325
0.008275029964043154,0.9695050539352776,0.2191023571713943
0.008300799041150629,0.9695014382740711,0.21912952457051538
0.008326568118258097,0.9694978226128645,0.21915669196963644
0.008352337195365572,0.969494206951658,0.21918385936875748
0.00837810627247304,0.9694905912904515,0.21921102676787854
0.008403875349580509,0.9694869756292449,0.21923819416699958
0.008429644426687984,0.9694833599680384,0.21926536156612064
0.008455413503795452,0.9694797443068318,0.2192925289652417
0.008481182580902927,0.9694761286456253,0.21931969636436277
0.008506951658010395,0.9694725129844187,0.2193468637634838
0.00853272073511787,0.9694688973232122,0.21937403116260487
0.008558489812225338,0.9694652816620056,0.2194011985617259
0.008584258889332806,0.9694616660007991,0.21942836596084697
0.008610027966440281,0.9694580503395925,0.21945553335996804
0.00863579704354775,0.9694544346783859,0.2194827007590891
0.008661566120655224,0.9694508190171793,0.21950986815821014
0.008687335197762693,0.9694472033559728,0.2195370355573312
0.00871310427487016,0.9694435876947662,0.21956420295645224
0.008738873351977636,0.9694399720335597,0.2195913703555733
0.008764642429085104,0.9694363563723531,0.21961853775469437
0.008790411506192579,0.9694327407111466,0.21964570515381543
0.008816180583300047,0.96942912504994,0.21967287255293647
0.008841949660407522,0.9694255093887335,0.2197000399520575
0.00886771873751499,0.969421893727527,0.21972720735117857
0.008893487814622458,0.9694182780663204,0.21975437475029963
0.008919256891729933,0.9694146624051139,0.2197815421494207
0.008945025968837401,0.9694110467439073,0.21980870954854176
0.008970795045944877,0.9694074310827008,0.2198358769476628
0.008996564123052345,0.9694038154214942,0.21986304434678383
0.009022333200159813,0.9694001997602877,0.2198902117459049
0.009048102277267288,0.9693965840990811,0.21991737914502596
0.009073871354374756,0.9693929684378746,0.21994454654414702
0.009099640431482231,0.969389352776668,0.2199717139432681
0.009125409508589699,0.9693857371154614,0.21999888134238912
0.009151178585697174,0.9693821214542548,0.22002604874151016
0.009176947662804642,0.9693785057930483,0.22005321614063122
0.00920271673991211,0.9693748901318417,0.2200803835397523
0.009228485817019585,0.9693712744706352,0.22010755093887335
0.009254254894127054,0.9693676588094287,0.22013471833799442
0.009280023971234529,0.9693640431482221,0.22016188573711545
0.009305793048341997,0.9693604274870156,0.2201890531362365
0.009331562125449472,0.969356811825809,0.22021622053535755
0.00935733120255694,0.9693531961646025,0.22024338793447862
0.009383100279664408,0.9693495805033959,0.22027055533359968
0.009408869356771883,0.9693459648421894,0.22029772273272075
0.009434638433879351,0.9693423491809828,0.22032489013184178
0.009460407510986826,0.9693387335197763,0.22035205753096282
0.009486176588094294,0.9693351178585697,0.22037922493008388
0.009511945665201763,0.9693315021973632,0.22040639232920495
0.009537714742309238,0.9693278865361566,0.220433559728326
0.009563483819416706,0.9693242708749501,0.22046072712744705
0.00958925289652418,0.9693206552137436,0.2204878945265681
0.009615021973631649,0.9693170395525369,0.22051506192568915
0.009640791050739124,0.9693134238913304,0.2205422293248102
0.009666560127846592,0.9693098082301238,0.22056939672393128
0.00969232920495406,0.9693061925689173,0.22059656412305234
0.009718098282061535,0.9693025769077107,0.22062373152217338
0.009743867359169003,0.9692989612465042,0.22065089892129444
0.009769636436276478,0.9692953455852976,0.22067806632041548
0.009795405513383947,0.9692917299240911,0.22070523371953654
0.009821174590491422,0.9692881142628845,0.2207324011186576
0.00984694366759889,0.969284498601678,0.22075956851777867
0.009872712744706358,0.9692808829404714,0.2207867359168997
0.009898481821813833,0.9692772672792649,0.22081390331602077
0.009924250898921301,0.9692736516180583,0.2208410707151418
0.009950019976028776,0.9692700359568518,0.22086823811426287
0.009975789053136244,0.9692664202956452,0.22089540551338394
0.010001558130243712,0.9692628046344387,0.220922572912505
0.010027327207351187,0.9692591889732322,0.22094974031162604
0.010053096284458655,0.9692555733120256,0.2209769077107471
0.01007886536156613,0.9692519576508191,0.22100407510986814
0.010104634438673599,0.9692483419896124,0.2210312425089892
0.010130403515781074,0.9692447263284059,0.22105840990811026
0.010156172592888542,0.9692411106671993,0.22108557730723133
0.01018194166999601,0.9692374950059928,0.22111274470635237
0.010207710747103485,0.9692338793447862,0.22113991210547343
0.010233479824210953,0.9692302636835797,0.22116707950459447
0.010259248901318428,0.9692266480223731,0.22119424690371553
0.010285017978425896,0.9692230323611666,0.2212214143028366
0.010310787055533371,0.96921941669996,0.22124858170195766
0.01033655613264084,0.9692158010387535,0.2212757491010787
0.010362325209748308,0.9692121853775469,0.22130291650019973
0.010388094286855783,0.9692085697163404,0.2213300838993208
0.01041386336396325,0.9692049540551338,0.22135725129844186
0.010439632441070726,0.9692013383939273,0.22138441869756292
0.010465401518178194,0.9691977227327208,0.221411586096684
0.010491170595285662,0.9691941070715142,0.22143875349580502
0.010516939672393137,0.9691904914103077,0.22146592089492606
0.010542708749500605,0.9691868757491011,0.22149308829404712
0.01056847782660808,0.9691832600878946,0.2215202556931682
0.010594246903715548,0.969179644426688,0.22154742309228925
0.010620015980823024,0.9691760287654814,0.22157459049141032
0.010645785057930492,0.9691724131042748,0.22160175789053135
0.01067155413503796,0.9691687974430683,0.2216289252896524
0.010697323212145435,0.9691651817818617,0.22165609268877345
0.010723092289252903,0.9691615661206552,0.22168326008789452
0.010748861366360378,0.9691579504594486,0.22171042748701558
0.010774630443467846,0.9691543347982421,0.22173759488613665
0.010800399520575321,0.9691507191370355,0.22176476228525768
0.01082616859768279,0.969147103475829,0.22179192968437872
0.010851937674790257,0.9691434878146225,0.22181909708349978
0.010877706751897732,0.9691398721534159,0.22184626448262085
0.0109034758290052,0.9691362564922094,0.2218734318817419
0.010929244906112676,0.9691326408310028,0.22190059928086298
0.010955013983220144,0.9691290251697963,0.221927766679984
0.010980783060327612,0.9691254095085897,0.22195493407910505
0.011006552137435087,0.9691217938473832,0.2219821014782261
0.011032321214542555,0.9691181781861766,0.22200926887734718
0.01105809029165003,0.9691145625249701,0.22203643627646824
0.011083859368757498,0.9691109468637635,0.2220636036755893
0.011109628445864973,0.9691073312025569,0.22209077107471034
0.011135397522972441,0.9691037155413503,0.22211793847383138
0.01116116660007991,0.9691000998801438,0.22214510587295244
0.011186935677187385,0.9690964842189372,0.2221722732720735
0.011212704754294853,0.9690928685577307,0.22219944067119457
0.011238473831402328,0.9690892528965241,0.2222266080703156
0.011264242908509796,0.9690856372353176,0.22225377546943667
0.011290011985617264,0.969082021574111,0.2222809428685577
0.011315781062724739,0.9690784059129045,0.22230811026767877
0.011341550139832207,0.969074790251698,0.22233527766679984
0.011367319216939675,0.9690711745904914,0.2223624450659209
0.011393088294047157,0.9690675589292849,0.22238961246504194
0.011418857371154625,0.9690639432680783,0.222416779864163
0.011444626448262094,0.9690603276068718,0.22244394726328404
0.011470395525369562,0.9690567119456652,0.2224711146624051
0.01149616460247703,0.9690530962844587,0.22249828206152616
0.011521933679584512,0.9690494806232521,0.22252544946064723
0.01154770275669198,0.9690458649620456,0.22255261685976827
0.011573471833799448,0.969042249300839,0.22257978425888933
0.011599240910906916,0.9690386336396324,0.22260695165801037
0.011625009988014384,0.9690350179784258,0.22263411905713143
0.011650779065121866,0.9690314023172193,0.2226612864562525
0.011676548142229334,0.9690277866560127,0.22268845385537356
0.011702317219336802,0.9690241709948062,0.2227156212544946
0.01172808629644427,0.9690205553335997,0.22274278865361566
0.011753855373551753,0.9690169396723931,0.2227699560527367
0.01177962445065922,0.9690133240111866,0.22279712345185776
0.011805393527766689,0.96900970834998,0.22282429085097882
0.011831162604874157,0.9690060926887735,0.2228514582500999
0.011856931681981625,0.9690024770275669,0.22287862564922092
0.011882700759089107,0.9689988613663604,0.222905793048342
0.011908469836196575,0.9689952457051538,0.22293296044746302
0.011934238913304043,0.9689916300439473,0.2229601278465841
0.011960007990411511,0.9689880143827407,0.22298729524570515
0.01198577706751898,0.9689843987215342,0.22301446264482622
0.012011546144626462,0.9689807830603276,0.22304163004394725
0.01203731522173393,0.9689771673991211,0.2230687974430683
0.012063084298841398,0.9689735517379146,0.22309596484218935
0.012088853375948866,0.9689699360767079,0.22312313224131042
0.012114622453056334,0.9689663204155013,0.22315029964043148
0.012140391530163816,0.9689627047542948,0.22317746703955255
0.012166160607271284,0.9689590890930883,0.22320463443867358
0.012191929684378752,0.9689554734318817,0.22323180183779462
0.01221769876148622,0.9689518577706752,0.22325896923691568
0.012243467838593702,0.9689482421094686,0.22328613663603675
0.01226923691570117,0.9689446264482621,0.2233133040351578
0.012295005992808639,0.9689410107870555,0.22334047143427888
0.012320775069916107,0.968937395125849,0.2233676388333999
0.012346544147023575,0.9689337794646424,0.22339480623252095
0.012372313224131057,0.9689301638034359,0.223421973631642
0.012398082301238525,0.9689265481422293,0.22344914103076308
0.012423851378345993,0.9689229324810228,0.22347630842988414
0.012449620455453461,0.9689193168198162,0.2235034758290052
0.01247538953256093,0.9689157011586097,0.22353064322812624
0.012501158609668411,0.9689120854974032,0.22355781062724728
0.01252692768677588,0.9689084698361966,0.22358497802636834
0.012552696763883348,0.9689048541749901,0.2236121454254894
0.012578465840990816,0.9689012385137834,0.22363931282461047
0.012604234918098284,0.9688976228525769,0.22366648022373153
0.012630003995205766,0.9688940071913703,0.22369364762285257
0.012655773072313234,0.9688903915301638,0.2237208150219736
0.012681542149420702,0.9688867758689572,0.22374798242109467
0.01270731122652817,0.9688831602077507,0.22377514982021574
0.012733080303635652,0.9688795445465441,0.2238023172193368
0.01275884938074312,0.9688759288853376,0.22382948461845784
0.012784618457850588,0.968872313224131,0.2238566520175789
0.012810387534958056,0.9688686975629245,0.22388381941669994
0.012836156612065525,0.9688650819017179,0.223910986815821
0.012861925689173007,0.9688614662405114,0.22393815421494206
0.012887694766280475,0.9688578505793048,0.22396532161406313
0.012913463843387943,0.9688542349180983,0.22399248901318417
0.012939232920495411,0.9688506192568918,0.22401965641230523
0.012965001997602879,0.9688470035956852,0.22404682381142627
0.012990771074710361,0.9688433879344787,0.22407399121054733
0.01301654015181783,0.9688397722732721,0.2241011586096684
0.013042309228925297,0.9688361566120656,0.22412832600878946
0.013068078306032765,0.9688325409508589,0.2241554934079105
0.013093847383140234,0.9688289252896524,0.22418266080703156
0.013119616460247716,0.9688253096284458,0.2242098282061526
0.013145385537355184,0.9688216939672393,0.22423699560527366
0.013171154614462652,0.9688180783060327,0.22426416300439472
0.01319692369157012,0.9688144626448262,0.2242913304035158
0.013222692768677602,0.9688108469836196,0.22431849780263682
0.01324846184578507,0.9688072313224131,0.2243456652017579
0.013274230922892538,0.9688036156612065,0.22437283260087892
0.0133,0.9688,0.2244
0.013290211745904914,0.9688027966440271,0.2243977227327207
0.013280423491809827,0.9688055932880544,0.22439544546544146
0.013270635237714741,0.9688083899320815,0.22439316819816219
0.013260846983619656,0.9688111865761087,0.22439089093088294
0.01325105872952457,0.9688139832201358,0.22438861366360366
0.013241270475429483,0.968816779864163,0.2243863363963244
0.013231482221334398,0.9688195765081902,0.22438405912904513
0.013221693967239313,0.9688223731522173,0.22438178186176586
0.013211905713144225,0.9688251697962446,0.2243795045944866
0.01320211745904914,0.9688279664402717,0.22437722732720733
0.013192329204954055,0.9688307630842988,0.22437495005992808
0.01318254095085897,0.968833559728326,0.2243726727926488
0.013172752696763882,0.9688363563723532,0.22437039552536955
0.013162964442668797,0.9688391530163804,0.22436811825809028
0.013153176188573711,0.9688419496604075,0.22436584099081103
0.013143387934478624,0.9688447463044346,0.22436356372353175
0.013133599680383539,0.9688475429484619,0.22436128645625247
0.013123811426288453,0.968850339592489,0.22435900918897322
0.013114023172193368,0.9688531362365161,0.22435673192169395
0.01310423491809828,0.9688559328805434,0.2243544546544147
0.013094446664003195,0.9688587295245705,0.22435217738713542
0.01308465840990811,0.9688615261685977,0.22434990011985617
0.013074870155813025,0.9688643228126248,0.2243476228525769
0.013065081901717937,0.968867119456652,0.22434534558529762
0.013055293647622852,0.9688699161006792,0.22434306831801837
0.013045505393527767,0.9688727127447063,0.2243407910507391
0.01303571713943268,0.9688755093887336,0.22433851378345984
0.013025928885337594,0.9688783060327607,0.22433623651618056
0.013016140631242509,0.9688811026767878,0.22433395924890132
0.013006352377147423,0.968883899320815,0.22433168198162204
0.012996564123052336,0.9688866959648422,0.2243294047143428
0.01298677586895725,0.9688894926088694,0.2243271274470635
0.012976987614862165,0.9688922892528965,0.22432485017978424
0.012967199360767078,0.9688950858969236,0.22432257291250499
0.012957411106671993,0.9688978825409509,0.2243202956452257
0.012947622852576907,0.968900679184978,0.22431801837794646
0.012937834598481822,0.9689034758290052,0.22431574111066718
0.012928046344386735,0.9689062724730324,0.22431346384338793
0.01291825809029165,0.9689090691170595,0.22431118657610866
0.012908469836196564,0.9689118657610867,0.22430890930882938
0.012898681582101477,0.9689146624051138,0.22430663204155013
0.012888893328006391,0.9689174590491411,0.22430435477427085
0.012879105073911306,0.9689202556931682,0.2243020775069916
0.01286931681981622,0.9689230523371953,0.22429980023971233
0.012859528565721133,0.9689258489812226,0.22429752297243308
0.012849740311626048,0.9689286456252497,0.2242952457051538
0.012839952057530963,0.9689314422692769,0.22429296843787455
0.012830163803435875,0.968934238913304,0.22429069117059527
0.01282037554934079,0.9689370355573312,0.224288413903316
0.012810587295245705,0.9689398322013584,0.22428613663603675
0.01280079904115062,0.9689426288453855,0.22428385936875747
0.012791010787055532,0.9689454254894126,0.22428158210147822
0.012781222532960447,0.9689482221334399,0.22427930483419894
0.012771434278865361,0.968951018777467,0.2242770275669197
0.012761646024770274,0.9689538154214942,0.22427475029964042
0.012751857770675189,0.9689566120655214,0.22427247303236114
0.012742069516580103,0.9689594087095486,0.2242701957650819
0.012732281262485018,0.9689622053535757,0.22426791849780262
0.01272249300838993,0.9689650019976028,0.22426564123052337
0.012712704754294845,0.9689677986416301,0.2242633639632441
0.01270291650019976,0.9689705952856572,0.22426108669596484
0.012693128246104673,0.9689733919296843,0.22425880942868556
0.012683339992009587,0.9689761885737116,0.2242565321614063
0.012673551737914502,0.9689789852177387,0.22425425489412704
0.012663763483819417,0.9689817818617659,0.22425197762684776
0.01265397522972433,0.968984578505793,0.2242497003595685
0.012644186975629244,0.9689873751498203,0.22424742309228923
0.012634398721534159,0.9689901717938474,0.22424514582500998
0.012624610467439071,0.9689929684378745,0.2242428685577307
0.012614822213343986,0.9689957650819017,0.22424059129045146
0.0126050339592489,0.9689985617259289,0.22423831402317218
0.012595245705153815,0.969001358369956,0.2242360367558929
0.012585457451058728,0.9690041550139832,0.22423375948861365
0.012575669196963643,0.9690069516580104,0.22423148222133438
0.012565880942868557,0.9690097483020376,0.22422920495405513
0.012556092688773472,0.9690125449460647,0.22422692768677585
0.012546304434678385,0.9690153415900918,0.2242246504194966
0.0125365161805833,0.9690181382341191,0.22422237315221732
0.012526727926488214,0.9690209348781462,0.22422009588493808
0.012516939672393127,0.9690237315221734,0.2242178186176588
0.012507151418298041,0.9690265281662006,0.22421554135037952
0.012497363164202956,0.9690293248102277,0.22421326408310027
0.01248757491010787,0.9690321214542549,0.224210986815821
0.012477786656012783,0.969034918098282,0.22420870954854175
0.012467998401917698,0.9690377147423093,0.22420643228126247
0.012458210147822613,0.9690405113863364,0.22420415501398322
0.012448421893727525,0.9690433080303635,0.22420187774670394
0.01243863363963244,0.9690461046743907,0.22419960047942467
0.012428845385537355,0.9690489013184179,0.22419732321214542
0.01241905713144227,0.9690516979624451,0.22419504594486614
0.012409268877347182,0.9690544946064722,0.2241927686775869
0.012399480623252097,0.9690572912504994,0.2241904914103076
0.012389692369157011,0.9690600878945266,0.22418821414302836
0.012379904115061926,0.9690628845385537,0.2241859368757491
0.012370115860966839,0.9690656811825809,0.22418365960846984
0.012360327606871753,0.9690684778266081,0.22418138234119056
0.012350539352776668,0.9690712744706352,0.22417910507391128
0.01234075109868158,0.9690740711146624,0.22417682780663203
0.012330962844586495,0.9690768677586896,0.22417455053935276
0.01232117459049141,0.9690796644027168,0.2241722732720735
0.012311386336396325,0.9690824610467439,0.22416999600479423
0.012301598082301237,0.969085257690771,0.22416771873751498
0.012291809828206152,0.9690880543347983,0.2241654414702357
0.012282021574111067,0.9690908509788254,0.22416316420295643
0.01227223332001598,0.9690936476228525,0.22416088693567718
0.012262445065920894,0.9690964442668797,0.2241586096683979
0.012252656811825809,0.9690992409109069,0.22415633240111865
0.012242868557730723,0.9691020375549341,0.22415405513383937
0.012233080303635636,0.9691048341989612,0.22415177786656013
0.01222329204954055,0.9691076308429885,0.22414950059928085
0.012213503795445465,0.9691104274870156,0.2241472233320016
0.012203715541350378,0.9691132241310427,0.22414494606472232
0.012193927287255293,0.9691160207750699,0.22414266879744305
0.012184139033160207,0.9691188174190971,0.2241403915301638
0.012174350779065122,0.9691216140631242,0.22413811426288452
0.012164562524970035,0.9691244107071514,0.22413583699560527
0.01215477427087495,0.9691272073511786,0.224133559728326
0.012144986016779864,0.9691300039952058,0.22413128246104674
0.012135197762684777,0.9691328006392329,0.22412900519376747
0.012125409508589691,0.96913559728326,0.2241267279264882
0.012115621254494606,0.9691383939272873,0.22412445065920894
0.01210583300039952,0.9691411905713144,0.22412217339192966
0.012096044746304433,0.9691439872153416,0.22411989612465041
0.012086256492209348,0.9691467838593687,0.22411761885737114
0.012076468238114263,0.969149580503396,0.2241153415900919
0.012066679984019175,0.9691523771474231,0.2241130643228126
0.01205689172992409,0.9691551737914502,0.22411078705553336
0.012047103475829005,0.9691579704354775,0.22410850978825408
0.01203731522173392,0.9691607670795046,0.2241062325209748
0.012027526967638832,0.9691635637235317,0.22410395525369556
0.012017738713543747,0.9691663603675589,0.22410167798641628
0.012007950459448661,0.9691691570115861,0.22409940071913703
0.011998162205353574,0.9691719536556133,0.22409712345185775
0.011988373951258489,0.9691747502996404,0.2240948461845785
0.011978585697163403,0.9691775469436676,0.22409256891729923
0.011968797443068318,0.9691803435876948,0.22409029165001995
0.01195900918897323,0.9691831402317219,0.2240880143827407
0.011949220934878145,0.969185936875749,0.22408573711546143
0.01193943268078306,0.9691887335197763,0.22408345984818218
0.011929644426687973,0.9691915301638034,0.2240811825809029
0.011919856172592887,0.9691943268078306,0.22407890531362365
0.011910067918497802,0.9691971234518577,0.22407662804634437
0.011900279664402717,0.969199920095885,0.22407435077906512
0.01189049141030763,0.9692027167399121,0.22407207351178585
0.011880703156212544,0.9692055133839392,0.22406979624450657
0.011870914902117459,0.9692083100279665,0.22406751897722732
0.011861126648022371,0.9692111066719936,0.22406524170994804
0.011851338393927286,0.9692139033160208,0.2240629644426688
0.0118415501398322,0.9692166999600479,0.22406068717538952
0.011831761885737115,0.9692194966040751,0.22405840990811027
0.011821973631642028,0.9692222932481023,0.224056132640831
0.011812185377546943,0.9692250898921294,0.2240538553735517
0.011802397123451857,0.9692278865361567,0.22405157810627246
0.01179260886935677,0.9692306831801838,0.2240493008389932
0.011782820615261685,0.9692334798242109,0.22404702357171394
0.0117730323611666,0.9692362764682381,0.22404474630443466
0.011763244107071514,0.9692390731122653,0.2240424690371554
0.011753455852976427,0.9692418697562925,0.22404019176987613
0.011743667598881341,0.9692446664003196,0.22403791450259689
0.011733879344786256,0.9692474630443467,0.2240356372353176
0.011724091090691169,0.969250259688374,0.22403335996803833
0.011714302836596083,0.9692530563324011,0.22403108270075908
0.011704514582500998,0.9692558529764282,0.2240288054334798
0.011694726328405913,0.9692586496204555,0.22402652816620056
0.011684938074310825,0.9692614462644826,0.22402425089892128
0.01167514982021574,0.9692642429085098,0.22402197363164203
0.011665361566120655,0.9692670395525369,0.22401969636436275
0.01165557331202557,0.9692698361965641,0.22401741909708348
0.011645785057930482,0.9692726328405913,0.22401514182980423
0.011635996803835397,0.9692754294846184,0.22401286456252495
0.011626208549740311,0.9692782261286457,0.2240105872952457
0.011616420295645226,0.9692810227726728,0.22400831002796642
0.011606632041550139,0.9692838194166999,0.22400603276068717
0.011596843787455053,0.9692866160607271,0.2240037554934079
0.011587055533359968,0.9692894127047543,0.22400147822612865
0.01157726727926488,0.9692922093487815,0.22399920095884937
0.011567479025169795,0.9692950059928086,0.2239969236915701
0.01155769077107471,0.9692978026368357,0.22399464642429084
0.011547902516979625,0.969300599280863,0.22399236915701157
0.011538114262884537,0.9693033959248901,0.22399009188973232
0.011528326008789452,0.9693061925689173,0.22398781462245304
0.011518537754694367,0.9693089892129445,0.2239855373551738
0.01150874950059928,0.9693117858569716,0.22398326008789451
0.011498961246504194,0.9693145825009988,0.22398098282061524
0.011489172992409109,0.9693173791450259,0.223978705553336
0.011479384738314023,0.9693201757890532,0.2239764282860567
0.011469596484218936,0.9693229724330803,0.22397415101877746
0.01145980823012385,0.9693257690771074,0.22397187375149819
0.011450019976028765,0.9693285657211347,0.22396959648421894
0.011440231721933678,0.9693313623651618,0.22396731921693966
0.011430443467838593,0.969334159009189,0.2239650419496604
0.011420655213743507,0.9693369556532161,0.22396276468238113
0.011410866959648422,0.9693397522972433,0.22396048741510186
0.011401078705553335,0.9693425489412705,0.2239582101478226
0.01139129045145825,0.9693453455852976,0.22395593288054333
0.011381502197363164,0.9693481422293249,0.22395365561326408
0.011371713943268077,0.969350938873352,0.2239513783459848
0.011361925689172991,0.9693537355173791,0.22394910107870555
0.011352137435077906,0.9693565321614063,0.22394682381142628
0.01134234918098282,0.9693593288054335,0.223944546544147
0.011332560926887733,0.9693621254494607,0.22394226927686775
0.011322772672792648,0.9693649220934878,0.22393999200958847
0.011312984418697563,0.9693677187375149,0.22393771474230922
0.011303196164602475,0.9693705153815422,0.22393543747502995
0.01129340791050739,0.9693733120255693,0.2239331602077507
0.011283619656412305,0.9693761086695964,0.22393088294047142
0.01127383140231722,0.9693789053136237,0.22392860567319217
0.011264043148222132,0.9693817019576508,0.2239263284059129
0.011254254894127047,0.969384498601678,0.22392405113863362
0.011244466640031961,0.9693872952457051,0.22392177387135437
0.011234678385936874,0.9693900918897324,0.2239194966040751
0.011224890131841789,0.9693928885337595,0.22391721933679584
0.011215101877746703,0.9693956851777866,0.22391494206951656
0.011205313623651618,0.9693984818218139,0.22391266480223732
0.01119552536955653,0.969401278465841,0.22391038753495804
0.011185737115461445,0.9694040751098681,0.22390811026767876
0.01117594886136636,0.9694068717538953,0.2239058330003995
0.011166160607271273,0.9694096683979225,0.22390355573312024
0.011156372353176187,0.9694124650419497,0.22390127846584099
0.011146584099081102,0.9694152616859768,0.2238990011985617
0.011136795844986017,0.9694180583300039,0.22389672393128246
0.01112700759089093,0.9694208549740312,0.22389444666400318
0.011117219336795844,0.9694236516180583,0.22389216939672393
0.011107431082700759,0.9694264482620855,0.22388989212944466
0.011097642828605672,0.9694292449061127,0.22388761486216538
0.011087854574510586,0.9694320415501398,0.22388533759488613
0.0110780663204155,0.969434838194167,0.22388306032760685
0.011068278066320415,0.9694376348381941,0.2238807830603276
0.011058489812225328,0.9694404314822214,0.22387850579304833
0.011048701558130243,0.9694432281262485,0.22387622852576908
0.011038913304035157,0.9694460247702756,0.2238739512584898
0.01102912504994007,0.9694488214143029,0.22387167399121052
0.011019336795844985,0.96945161805833,0.22386939672393127
0.0110095485417499,0.9694544147023572,0.223867119456652
0.010999760287654814,0.9694572113463843,0.22386484218937275
0.010989972033559729,0.9694600079904115,0.22386256492209347
0.010980183779464641,0.9694628046344387,0.22386028765481422
0.010970395525369556,0.9694656012784658,0.22385801038753494
0.010960607271274469,0.969468397922493,0.2238557331202557
0.010950819017179383,0.9694711945665202,0.22385345585297642
0.010941030763084298,0.9694739912105473,0.22385117858569714
0.010931242508989213,0.9694767878545745,0.2238489013184179
0.010921454254894127,0.9694795844986017,0.22384662405113862
0.01091166600079904,0.9694823811426289,0.22384434678385937
0.010901877746703955,0.969485177786656,0.2238420695165801
0.010892089492608868,0.9694879744306831,0.22383979224930084
0.010882301238513782,0.9694907710747104,0.22383751498202156
0.010872512984418697,0.9694935677187375,0.22383523771474229
0.010862724730323611,0.9694963643627647,0.22383296044746304
