-5.175401376146789,1.0425050458715597,0.063732874617737
-5.19732752293578,1.0471509174311926,0.0687074923547399
-5.219253669724772,1.0517967889908255,0.073682110091743
-5.241179816513762,1.0564426605504589,0.078656727828746
-5.263105963302753,1.0610885321100918,0.0836313455657491
-5.285032110091743,1.0657344036697247,0.0886059633027522
-5.306958256880735,1.070380275229358,0.0935805810397552
-5.328884403669726,1.0750261467889908,0.0985551987767583
-5.350810550458716,1.079672018348624,0.1035298165137614
-5.372736697247706,1.0843178899082568,0.1085044342507643
-5.394662844036699,1.08896376146789,0.1134790519877675
-5.416588990825689,1.093609633027523,0.1184536697247704
-5.438515137614679,1.098255504587156,0.1234282874617735
-5.46044128440367,1.102901376146789,0.1284029051987767
-5.482367431192662,1.107547247706422,0.1333775229357796
-5.504293577981652,1.112193119266055,0.1383521406727828
-5.526219724770643,1.116838990825688,0.1433267584097859
-5.548145871559633,1.121484862385321,0.1483013761467888
-5.570072018348624,1.126130733944954,0.1532759938837919
-5.591998165137616,1.1307766055045871,0.1582506116207951
-5.613924311926606,1.13542247706422,0.163225229357798
-5.635850458715597,1.1400683486238532,0.1681998470948011
-5.657776605504587,1.144714220183486,0.1731744648318041
-5.679702752293579,1.1493600917431193,0.1781490825688072
-5.70162889908257,1.1540059633027522,0.1831237003058103
-5.72355504587156,1.158651834862385,0.1880983180428133
-5.745481192660551,1.1632977064220182,0.1930729357798164
-5.767407339449543,1.1679435779816514,0.1980475535168195
-5.789333486238533,1.1725894495412843,0.2030221712538225
-5.811259633027524,1.1772353211009174,0.2079967889908256
-5.833185779816514,1.1818811926605504,0.2129714067278285
-5.855111926605506,1.1865270642201835,0.2179460244648317
-5.8770380733944965,1.1911729357798164,0.2229206422018348
-5.898964220183487,1.1958188073394496,0.2278952599388377
-5.920890366972477,1.2004646788990825,0.2328698776758409
-5.942816513761468,1.2051105504587156,0.237844495412844
-5.96474266055046,1.2097564220183483,0.2428191131498469
-5.98666880733945,1.2144022935779817,0.24779373088685
-6.008594954128441,1.2190481651376146,0.252768348623853
-6.030521100917431,1.2236940366972475,0.2577429663608561
-6.052447247706423,1.2283399082568809,0.2627175840978593
-6.074373394495414,1.2329857798165138,0.2676922018348622
-6.096299541284404,1.2376316513761467,0.2726668195718653
-6.1182256880733945,1.24227752293578,0.2776414373088685
-6.140151834862387,1.2469233944954128,0.2826160550458714
-6.162077981651377,1.251569266055046,0.2875906727828745
-6.184004128440368,1.2562151376146788,0.2925652905198774
-6.205930275229358,1.260861009174312,0.2975399082568806
-6.22785642201835,1.265506880733945,0.3025145259938837
-6.2497825688073405,1.270152752293578,0.3074891437308866
-6.271708715596331,1.274798623853211,0.3124637614678898
-6.293634862385321,1.279444495412844,0.3174383792048929
-6.315561009174312,1.284090366972477,0.3224129969418958
-6.337487155963304,1.2887362385321102,0.327387614678899
-6.359413302752294,1.293382110091743,0.3323622324159021
-6.381339449541285,1.2980279816513762,0.337336850152905
-6.403265596330275,1.3026738532110091,0.3423114678899082
-6.425191743119267,1.3073197247706425,0.3472860856269111
-6.447117889908258,1.3119655963302752,0.3522607033639142
-6.469044036697248,1.316611467889908,0.3572353211009174
-6.490970183486239,1.3212573394495413,0.3622099388379203
-6.512896330275231,1.3259032110091742,0.3671845565749234
-6.534822477064221,1.330549082568807,0.3721591743119266
-6.556748623853212,1.3351949541284402,0.3771337920489295
-6.578674770642202,1.3398408256880734,0.3821084097859326
-6.600600917431194,1.3444866972477063,0.3870830275229355
-6.622527064220185,1.3491325688073394,0.3920576452599387
-6.644453211009175,1.3537784403669724,0.3970322629969418
-6.666379357798165,1.3584243119266055,0.4020068807339447
-6.688305504587158,1.3630701834862384,0.4069814984709479
-6.710231651376148,1.3677160550458716,0.411956116207951
-6.732157798165138,1.3723619266055045,0.4169307339449539
-6.754083944954129,1.3770077981651376,0.4219053516819571
-6.776010091743119,1.3816536697247706,0.42687996941896
-6.797936238532111,1.3862995412844037,0.4318545871559631
-6.819862385321102,1.3909454128440366,0.4368292048929663
-6.841788532110092,1.3955912844036698,0.4418038226299692
-6.863714678899083,1.400237155963303,0.4467784403669723
-6.885640825688075,1.4048830275229358,0.4517530581039755
-6.907566972477065,1.4095288990825687,0.4567276758409784
-6.929493119266056,1.414174770642202,0.4617022935779815
-6.951419266055046,1.4188206422018348,0.4666769113149847
-6.973345412844038,1.423466513761468,0.4716515290519876
-6.995271559633029,1.4281123853211009,0.4766261467889907
-7.017197706422019,1.432758256880734,0.4816007645259936
-7.039123853211009,1.437404128440367,0.4865753822629968
-7.06105,1.44205,0.49155
-7.045776146788991,1.4382249235474007,0.4841284403669724
-7.030502293577982,1.4343998470948012,0.4767068807339449
-7.015228440366973,1.4305747706422018,0.4692853211009174
-6.999954587155963,1.4267496941896023,0.4618637614678899
-6.984680733944954,1.4229246177370032,0.4544422018348624
-6.969406880733945,1.4190995412844036,0.4470206422018348
-6.954133027522936,1.4152744648318043,0.4395990825688073
-6.938859174311927,1.411449388379205,0.4321775229357798
-6.9235853211009175,1.4076243119266056,0.4247559633027523
-6.9083114678899085,1.403799235474006,0.4173344036697247
-6.8930376146788985,1.3999741590214068,0.4099128440366972
-6.8777637614678895,1.3961490825688074,0.4024912844036697
-6.86248990825688,1.392324006116208,0.3950697247706421
-6.847216055045871,1.3884989296636083,0.3876481651376147
-6.831942201834862,1.3846738532110092,0.3802266055045871
-6.816668348623853,1.38084877675841,0.3728050458715596
-6.801394495412844,1.3770237003058106,0.3653834862385321
-6.786120642201834,1.373198623853211,0.3579619266055046
-6.770846788990825,1.3693735474006117,0.350540366972477
-6.755572935779816,1.3655484709480123,0.3431188073394495
-6.740299082568807,1.3617233944954128,0.335697247706422
-6.725025229357798,1.3578983180428137,0.3282756880733944
-6.709751376146789,1.354073241590214,0.320854128440367
-6.694477522935779,1.3502481651376148,0.3134325688073394
-6.67920366972477,1.3464230886850153,0.3060110091743119
-6.663929816513761,1.342598012232416,0.2985894495412844
-6.648655963302752,1.3387729357798166,0.2911678899082568
-6.633382110091743,1.3349478593272173,0.2837463302752293
-6.618108256880734,1.3311227828746175,0.2763247706422018
-6.602834403669725,1.3272977064220184,0.2689032110091743
-6.587560550458715,1.323472629969419,0.2614816513761467
-6.572286697247706,1.3196475535168195,0.2540600917431193
-6.557012844036697,1.3158224770642202,0.2466385321100917
-6.541738990825688,1.3119974006116208,0.2392169724770642
-6.526465137614679,1.3081723241590215,0.2317954128440366
-6.51119128440367,1.304347247706422,0.2243738532110091
-6.495917431192661,1.3005221712538226,0.2169522935779816
-6.480643577981651,1.2966970948012233,0.209530733944954
-6.465369724770642,1.292872018348624,0.2021091743119266
-6.450095871559633,1.2890469418960244,0.194687614678899
-6.434822018348624,1.285221865443425,0.1872660550458715
-6.419548165137615,1.2813967889908258,0.179844495412844
-6.4042743119266055,1.2775717125382264,0.1724229357798165
-6.389000458715596,1.2737466360856269,0.1650013761467889
-6.3737266055045865,1.2699215596330276,0.1575798165137614
-6.358452752293577,1.2660964831804282,0.1501582568807339
-6.343178899082568,1.262271406727829,0.1427366972477063
-6.327905045871559,1.2584463302752291,0.1353151376146789
-6.31263119266055,1.25462125382263,0.1278935779816513
-6.297357339449541,1.250796177370031,0.1204720183486238
-6.282083486238532,1.2469711009174311,0.1130504587155963
-6.266809633027522,1.2431460244648318,0.1056288990825687
-6.251535779816513,1.2393209480122325,0.0982073394495412
-6.236261926605504,1.2354958715596331,0.0907857798165137
-6.220988073394495,1.2316707951070336,0.0833642201834862
-6.205714220183486,1.2278457186544345,0.0759426605504586
-6.190440366972477,1.224020642201835,0.0685211009174311
-6.175166513761468,1.2201955657492356,0.0610995412844036
-6.159892660550458,1.216370489296636,0.0536779816513761
-6.144618807339449,1.2125454128440367,0.0462564220183486
-6.12934495412844,1.2087203363914374,0.038834862385321
-6.114071100917431,1.204895259938838,0.0314133027522935
-6.098797247706422,1.2010701834862385,0.023991743119266
-6.083523394495413,1.1972451070336392,0.0165701834862385
-6.068249541284404,1.1934200305810398,0.0091486238532109
-6.052975688073394,1.1895949541284403,0.0017270642201834
-6.037701834862385,1.185769877675841,-0.005694495412844
-6.022427981651376,1.1819448012232416,-0.0131160550458716
-6.007154128440367,1.1781197247706423,-0.020537614678899
-5.991880275229358,1.174294648318043,-0.0279591743119266
-5.976606422018349,1.1704695718654434,-0.0353807339449541
-5.96133256880734,1.166644495412844,-0.0428022935779816
-5.94605871559633,1.1628194189602443,-0.0502238532110092
-5.9307848623853205,1.1589943425076452,-0.0576454128440367
-5.915511009174312,1.155169266055046,-0.0650669724770642
-5.9002371559633024,1.1513441896024466,-0.0724885321100918
-5.884963302752293,1.1475191131498472,-0.0799100917431193
-5.869689449541284,1.1436940366972477,-0.0873316513761467
-5.854415596330275,1.1398689602446483,-0.0947532110091743
-5.839141743119265,1.136043883792049,-0.1021747706422018
-5.823867889908256,1.1322188073394497,-0.1095963302752293
-5.808594036697247,1.12839373088685,-0.1170178899082569
-5.793320183486238,1.1245686544342508,-0.1244394495412844
-5.778046330275229,1.1207435779816517,-0.1318610091743119
-5.76277247706422,1.116918501529052,-0.1392825688073395
-5.747498623853211,1.1130934250764526,-0.146704128440367
-5.732224770642201,1.1092683486238533,-0.1541256880733945
-5.716950917431192,1.1054432721712537,-0.1615472477064221
-5.701677064220183,1.1016181957186544,-0.1689688073394495
-5.686403211009174,1.097793119266055,-0.176390366972477
-5.671129357798165,1.0939680428134555,-0.1838119266055046
-5.655855504587156,1.0901429663608564,-0.1912334862385321
-5.640581651376147,1.0863178899082568,-0.1986550458715596
-5.625307798165137,1.0824928134556575,-0.2060766055045872
-5.610033944954128,1.0786677370030582,-0.2134981651376147
-5.594760091743119,1.0748426605504586,-0.2209197247706422
-5.57948623853211,1.0710175840978593,-0.2283412844036698
-5.564212385321101,1.06719250764526,-0.2357628440366972
-5.548938532110092,1.0633674311926606,-0.2431844036697247
-5.533664678899083,1.0595423547400613,-0.2506059633027523
-5.518390825688073,1.0557172782874618,-0.2580275229357798
-5.503116972477064,1.0518922018348624,-0.2654490825688073
-5.487843119266055,1.048067125382263,-0.2728706422018349
-5.472569266055046,1.0442420489296635,-0.2802922018348624
-5.4572954128440365,1.0404169724770642,-0.2877137614678899
-5.442021559633028,1.0365918960244649,-0.2951353211009175
-5.426747706422018,1.0327668195718656,-0.302556880733945
-5.4114738532110085,1.028941743119266,-0.3099784403669725
-5.396199999999999,1.025116666666667,-0.3174
-5.38092614678899,1.0212915902140671,-0.3248215596330275
-5.365652293577981,1.0174665137614678,-0.332243119266055
-5.350378440366972,1.0136414373088685,-0.3396646788990826
-5.335104587155963,1.0098163608562691,-0.3470862385321101
-5.319830733944954,1.0059912844036698,-0.3545077981651376
-5.304556880733944,1.0021662079510705,-0.3619293577981652
-5.289283027522935,0.9983411314984708,-0.3693509174311927
-5.274009174311926,0.9945160550458716,-0.3767724770642202
-5.258735321100917,0.9906909785932724,-0.3841940366972478
-5.243461467889908,0.9868659021406728,-0.3916155963302752
-5.228187614678899,0.9830408256880734,-0.3990371559633027
-5.21291376146789,0.979215749235474,-0.4064587155963303
-5.19763990825688,0.9753906727828746,-0.4138802752293578
-5.182366055045871,0.9715655963302752,-0.4213018348623853
-5.167092201834862,0.9677405198776758,-0.4287233944954129
-5.151818348623853,0.9639154434250764,-0.4361449541284404
-5.136544495412844,0.9600903669724772,-0.4435665137614679
-5.121270642201835,0.9562652905198776,-0.4509880733944955
-5.105996788990826,0.9524402140672784,-0.4584096330275229
-5.090722935779816,0.948615137614679,-0.4658311926605504
-5.075449082568807,0.9447900611620796,-0.473252752293578
-5.060175229357798,0.94096498470948,-0.4806743119266055
-5.044901376146789,0.9371399082568808,-0.488095871559633
-5.02962752293578,0.9333148318042812,-0.4955174311926606
-5.01435366972477,0.929489755351682,-0.502938990825688
-4.9990798165137615,0.9256646788990824,-0.5103605504587156
-4.983805963302752,0.9218396024464832,-0.5177821100917432
-4.968532110091743,0.9180145259938838,-0.5252036697247708
-4.9532582568807335,0.9141894495412844,-0.5326252293577982
-4.9379844036697245,0.910364373088685,-0.5400467889908258
-4.922710550458715,0.9065392966360856,-0.5474683486238534
-4.9074366972477055,0.9027142201834862,-0.5548899082568808
-4.892162844036697,0.8988891437308869,-0.5623114678899084
-4.876888990825687,0.8950640672782875,-0.569733027522936
-4.861615137614678,0.8912389908256881,-0.5771545871559634
-4.846341284403669,0.8874139143730887,-0.584576146788991
-4.83106743119266,0.8835888379204893,-0.5919977064220185
-4.815793577981651,0.8797637614678899,-0.5994192660550459
-4.800519724770641,0.8759386850152905,-0.6068408256880735
-4.785245871559633,0.8721136085626912,-0.6142623853211011
-4.769972018348623,0.8682885321100917,-0.6216839449541285
-4.754698165137614,0.8644634556574924,-0.6291055045871561
-4.739424311926605,0.860638379204893,-0.6365270642201837
-4.724150458715596,0.8568133027522936,-0.643948623853211
-4.708876605504587,0.8529882262996942,-0.6513701834862387
-4.693602752293577,0.8491631498470948,-0.6587917431192662
-4.678328899082569,0.8453380733944954,-0.6662133027522936
-4.663055045871559,0.8415129969418961,-0.6736348623853212
-4.64778119266055,0.8376879204892966,-0.6810564220183488
-4.632507339449541,0.8338628440366973,-0.6884779816513762
-4.617233486238532,0.8300377675840979,-0.6958995412844038
-4.601959633027523,0.8262126911314984,-0.7033211009174314
-4.586685779816513,0.8223876146788991,-0.7107426605504588
-4.571411926605505,0.8185625382262997,-0.7181642201834864
-4.556138073394495,0.8147374617737003,-0.725585779816514
-4.540864220183486,0.8109123853211009,-0.7330073394495413
-4.525590366972477,0.8070873088685016,-0.7404288990825689
-4.510316513761468,0.8032622324159021,-0.7478504587155965
-4.4950426605504585,0.7994371559633028,-0.7552720183486239
-4.479768807339449,0.7956120795107033,-0.7626935779816515
-4.46449495412844,0.791787003058104,-0.7701151376146791
-4.449221100917431,0.7879619266055046,-0.7775366972477065
-4.4339472477064215,0.7841368501529052,-0.7849582568807341
-4.418673394495412,0.7803117737003058,-0.7923798165137617
-4.403399541284403,0.7764866972477065,-0.799801376146789
-4.388125688073394,0.772661620795107,-0.8072229357798166
-4.372851834862384,0.7688365443425076,-0.8146444954128442
-4.357577981651376,0.7650114678899083,-0.8220660550458716
-4.342304128440366,0.7611863914373088,-0.8294876146788992
-4.327030275229357,0.7573613149847095,-0.8369091743119268
-4.311756422018348,0.75353623853211,-0.8443307339449542
-4.296482568807339,0.7497111620795107,-0.8517522935779818
-4.28120871559633,0.7458860856269113,-0.8591738532110094
-4.26593486238532,0.742061009174312,-0.8665954128440367
-4.250661009174312,0.7382359327217125,-0.8740169724770643
-4.235387155963302,0.7344108562691132,-0.8814385321100919
-4.220113302752293,0.7305857798165137,-0.8888600917431193
-4.204839449541284,0.7267607033639144,-0.8962816513761469
-4.189565596330275,0.722935626911315,-0.9037032110091744
-4.174291743119266,0.7191105504587156,-0.911124770642202
-4.159017889908256,0.7152854740061162,-0.9185463302752296
-4.143744036697248,0.7114603975535169,-0.9259678899082572
-4.128470183486238,0.7076353211009174,-0.9333894495412844
-4.113196330275229,0.703810244648318,-0.940811009174312
-4.09792247706422,0.6999851681957187,-0.9482325688073396
-4.082648623853211,0.6961600917431192,-0.955654128440367
-4.067374770642202,0.6923350152905199,-0.9630756880733946
-4.052100917431192,0.6885099388379204,-0.9704972477064222
-4.036827064220184,0.6846848623853211,-0.9779188073394496
-4.021553211009174,0.6808597859327217,-0.9853403669724772
-4.006279357798165,0.6770347094801223,-0.9927619266055048
-3.991005504587156,0.6732096330275229,-1.000183486238532
-3.9757316513761465,0.6693845565749236,-1.0076050458715595
-3.960457798165137,0.6655594801223241,-1.0150266055045871
-3.945183944954128,0.6617344036697248,-1.0224481651376147
-3.929910091743119,0.6579093272171254,-1.0298697247706423
-3.914636238532109,0.654084250764526,-1.03729128440367
-3.899362385321101,0.6502591743119266,-1.0447128440366973
-3.8840885321100913,0.6464340978593273,-1.0521344036697249
-3.868814678899082,0.6426090214067278,-1.0595559633027525
-3.8535408256880728,0.6387839449541284,-1.06697752293578
-3.838266972477064,0.634958868501529,-1.0743990825688077
-3.822993119266055,0.6311337920489296,-1.081820642201835
-3.807719266055045,0.6273087155963303,-1.0892422018348624
-3.792445412844036,0.6234836391437308,-1.09666376146789
-3.777171559633027,0.6196585626911315,-1.1040853211009176
-3.761897706422018,0.6158334862385321,-1.111506880733945
-3.746623853211009,0.6120084097859327,-1.1189284403669726
-3.73135,0.6081833333333333,-1.1263500000000002
-3.7160761467889913,0.604358256880734,-1.1337715596330276
-3.700802293577981,0.6005331804281345,-1.1411931192660552
-3.685528440366972,0.5967081039755352,-1.1486146788990828
-3.670254587155963,0.5928830275229358,-1.15603623853211
-3.654980733944954,0.5890579510703364,-1.1634577981651375
-3.639706880733944,0.585232874617737,-1.170879357798165
-3.6244330275229353,0.5814077981651375,-1.1783009174311927
-3.6091591743119262,0.5775827217125382,-1.1857224770642203
-3.5938853211009167,0.5737576452599388,-1.193144036697248
-3.578611467889908,0.5699325688073394,-1.2005655963302753
-3.563337614678898,0.56610749235474,-1.2079871559633029
-3.5480637614678896,0.5622824159021407,-1.2154087155963305
-3.53278990825688,0.5584573394495412,-1.2228302752293578
-3.517516055045871,0.5546322629969419,-1.2302518348623854
-3.502242201834862,0.5508071865443425,-1.237673394495413
-3.4869683486238525,0.5469821100917431,-1.2450949541284404
-3.4716944954128435,0.5431570336391437,-1.252516513761468
-3.4564206422018344,0.5393319571865444,-1.2599380733944956
-3.441146788990825,0.5355068807339449,-1.267359633027523
-3.425872935779816,0.5316818042813456,-1.2747811926605506
-3.410599082568807,0.5278567278287462,-1.2822027522935782
-3.395325229357798,0.5240316513761467,-1.2896243119266055
-3.3800513761467883,0.5202065749235474,-1.2970458715596331
-3.3647775229357797,0.5163814984709479,-1.3044674311926607
-3.34950366972477,0.5125564220183486,-1.311888990825688
-3.3342298165137607,0.5087313455657492,-1.3193105504587157
-3.318955963302752,0.5049062691131498,-1.3267321100917433
-3.3036821100917426,0.5010811926605504,-1.334153669724771
-3.2884082568807336,0.497256116207951,-1.3415752293577985
-3.273134403669724,0.4934310397553516,-1.348996788990826
-3.257860550458715,0.4896059633027523,-1.3564183486238532
-3.242586697247706,0.4857808868501528,-1.3638399082568808
-3.2273128440366965,0.4819558103975535,-1.3712614678899084
-3.2120389908256874,0.4781307339449541,-1.3786830275229358
-3.1967651376146784,0.4743056574923547,-1.3861045871559634
-3.1814912844036694,0.4704805810397553,-1.393526146788991
-3.16621743119266,0.466655504587156,-1.4009477064220184
-3.150943577981651,0.4628304281345565,-1.408369266055046
-3.1356697247706418,0.4590053516819571,-1.4157908256880736
-3.1203958715596323,0.4551802752293578,-1.423212385321101
-3.1051220183486232,0.4513551987767583,-1.4306339449541283
-3.089848165137614,0.447530122324159,-1.438055504587156
-3.074574311926605,0.4437050458715595,-1.4454770642201835
-3.059300458715596,0.4398799694189601,-1.4528986238532111
-3.0440266055045866,0.4360548929663608,-1.4603201834862387
-3.028752752293577,0.4322298165137614,-1.467741743119266
-3.0134788990825685,0.4284047400611621,-1.4751633027522937
-2.9982050458715594,0.4245796636085626,-1.4825848623853213
-2.982931192660549,0.4207545871559632,-1.4900064220183489
-2.9676573394495405,0.4169295107033639,-1.4974279816513762
-2.9523834862385314,0.4131044342507646,-1.5048495412844038
-2.9371096330275224,0.409279357798165,-1.5122711009174312
-2.9218357798165133,0.4054542813455657,-1.519692660550459
-2.9065619266055043,0.4016292048929664,-1.5271142201834864
-2.8912880733944952,0.3978041284403668,-1.5345357798165138
-2.8760142201834853,0.3939790519877675,-1.5419573394495416
-2.860740366972476,0.3901539755351682,-1.549378899082569
-2.845466513761467,0.3863288990825688,-1.5568004587155964
-2.830192660550458,0.3825038226299693,-1.5642220183486242
-2.814918807339449,0.3786787461773699,-1.5716435779816516
-2.79964495412844,0.3748536697247706,-1.579065137614679
-2.784371100917431,0.3710285932721713,-1.5864866972477067
-2.769097247706421,0.3672035168195717,-1.593908256880734
-2.753823394495412,0.3633784403669724,-1.6013298165137615
-2.738549541284403,0.3595533639143731,-1.608751376146789
-2.723275688073394,0.3557282874617737,-1.616172935779817
-2.708001834862385,0.3519032110091742,-1.623594495412844
-2.692727981651376,0.3480781345565749,-1.631016055045872
-2.677454128440367,0.3442530581039755,-1.6384376146788993
-2.662180275229357,0.3404279816513762,-1.6458591743119266
-2.646906422018348,0.3366029051987766,-1.6532807339449545
-2.6316325688073388,0.3327778287461773,-1.6607022935779818
-2.6163587155963297,0.328952752293578,-1.6681238532110092
-2.6010848623853207,0.3251276758409784,-1.675545412844037
-2.585811009174312,0.3213025993883791,-1.6829669724770644
-2.5705371559633026,0.3174775229357798,-1.6903885321100918
-2.5552633027522926,0.3136524464831804,-1.6978100917431196
-2.539989449541284,0.3098273700305809,-1.705231651376147
-2.5247155963302745,0.3060022935779816,-1.7126532110091743
-2.509441743119265,0.3021772171253822,-1.7200747706422022
-2.4941678899082564,0.2983521406727829,-1.7274963302752295
-2.4788940366972474,0.2945270642201834,-1.734917889908257
-2.463620183486237,0.290701987767584,-1.7423394495412847
-2.4483463302752284,0.2868769113149847,-1.749761009174312
-2.43307247706422,0.2830518348623854,-1.7571825688073397
-2.4177986238532103,0.2792267584097858,-1.7646041284403673
-2.4025247706422013,0.2754016819571865,-1.772025688073395
-2.387250917431192,0.2715766055045872,-1.779447247706422
-2.371977064220183,0.2677515290519876,-1.78686880733945
-2.356703211009173,0.2639264525993883,-1.7942903669724772
-2.341429357798164,0.2601013761467889,-1.8017119266055048
-2.326155504587155,0.2562762996941896,-1.8091334862385324
-2.310881651376146,0.2524512232415901,-1.81655504587156
-2.295607798165137,0.2486261467889907,-1.8239766055045872
-2.280333944954128,0.2448010703363914,-1.831398165137615
-2.265060091743119,0.2409759938837921,-1.8388197247706424
-2.249786238532109,0.2371509174311925,-1.8462412844036695
-2.2345123853211,0.2333258409785932,-1.8536628440366976
-2.219238532110091,0.2295007645259938,-1.861084403669725
-2.203964678899082,0.2256756880733945,-1.8685059633027523
-2.188690825688073,0.221850611620795,-1.87592752293578
-2.173416972477064,0.2180255351681956,-1.8833490825688075
-2.1581431192660547,0.2142004587155963,-1.8907706422018349
-2.142869266055045,0.2103753822629968,-1.8981922018348627
-2.127595412844036,0.2065503058103974,-1.90561376146789
-2.1123215596330267,0.2027252293577981,-1.9130353211009172
-2.0970477064220177,0.1989001529051988,-1.9204568807339453
-2.0817738532110086,0.1950750764525992,-1.9278784403669729
-2.0665,0.19125,-1.9353
-2.056193577981652,0.1880981651376146,-1.9271729357798164
-2.0458871559633027,0.1849463302752293,-1.9190458715596328
-2.035580733944954,0.181794495412844,-1.9109188073394492
-2.025274311926605,0.1786426605504587,-1.9027917431192656
-2.014967889908257,0.1754908256880734,-1.8946646788990824
-2.004661467889908,0.172338990825688,-1.8865376146788988
-1.9943550458715595,0.1691871559633027,-1.8784105504587156
-1.984048623853211,0.1660353211009174,-1.870283486238532
-1.9737422018348625,0.1628834862385321,-1.8621564220183484
-1.9634357798165136,0.1597316513761467,-1.854029357798165
-1.9531293577981648,0.1565798165137614,-1.8459022935779812
-1.9428229357798168,0.1534279816513761,-1.837775229357798
-1.932516513761468,0.1502761467889908,-1.8296481651376144
-1.9222100917431195,0.1471243119266055,-1.821521100917431
-1.9119036697247709,0.1439724770642201,-1.8133940366972476
-1.901597247706422,0.1408206422018348,-1.805266972477064
-1.8912908256880732,0.1376688073394495,-1.7971399082568804
-1.8809844036697247,0.1345169724770642,-1.789012844036697
-1.870677981651376,0.1313651376146788,-1.7808857798165136
-1.8603715596330277,0.1282133027522936,-1.77275871559633
-1.8500651376146788,0.1250614678899082,-1.7646316513761466
-1.8397587155963304,0.1219096330275229,-1.756504587155963
-1.8294522935779816,0.1187577981651376,-1.7483775229357796
-1.8191458715596327,0.1156059633027523,-1.7402504587155962
-1.8088394495412845,0.1124541284403669,-1.7321233944954126
-1.798533027522936,0.1093022935779816,-1.7239963302752292
-1.7882266055045872,0.1061504587155963,-1.7158692660550456
-1.7779201834862386,0.102998623853211,-1.7077422018348625
-1.76761376146789,0.0998467889908256,-1.6996151376146786
-1.757307339449541,0.0966949541284403,-1.6914880733944953
-1.747000917431193,0.093543119266055,-1.6833610091743116
-1.736694495412844,0.0903912844036697,-1.6752339449541285
-1.7263880733944954,0.0872394495412844,-1.6671068807339449
-1.7160816513761468,0.084087614678899,-1.6589798165137613
-1.705775229357798,0.0809357798165137,-1.650852752293578
-1.6954688073394495,0.0777839449541284,-1.6427256880733945
-1.6851623853211009,0.0746321100917431,-1.6345986238532109
-1.6748559633027522,0.0714802752293577,-1.6264715596330277
-1.6645495412844036,0.0683284403669724,-1.618344495412844
-1.654243119266055,0.0651766055045871,-1.6102174311926605
-1.6439366972477063,0.0620247706422018,-1.6020903669724769
-1.6336302752293577,0.0588729357798165,-1.5939633027522937
-1.6233238532110092,0.0557211009174311,-1.58583623853211
-1.6130174311926606,0.0525692660550458,-1.5777091743119265
-1.602711009174312,0.0494174311926605,-1.5695821100917429
-1.5924045871559631,0.0462655963302752,-1.5614550458715597
-1.5820981651376147,0.0431137614678898,-1.553327981651376
-1.571791743119266,0.0399619266055046,-1.5452009174311925
-1.5614853211009174,0.0368100917431192,-1.5370738532110089
-1.5511788990825688,0.0336582568807339,-1.5289467889908257
-1.54087247706422,0.0305064220183486,-1.520819724770642
-1.5305660550458715,0.0273545871559633,-1.5126926605504585
-1.520259633027523,0.0242027522935779,-1.504565596330275
-1.5099532110091745,0.0210509174311926,-1.4964385321100917
-1.4996467889908258,0.0178990825688073,-1.488311467889908
-1.4893403669724772,0.014747247706422,-1.4801844036697247
-1.4790339449541283,0.0115954128440367,-1.472057339449541
-1.46872752293578,0.0084435779816513,-1.4639302752293577
-1.4584211009174313,0.005291743119266,-1.455803211009174
-1.4481146788990826,0.0021399082568807,-1.4476761467889907
-1.437808256880734,-0.0010119266055045,-1.439549082568807
-1.4275018348623854,-0.0041637614678899,-1.4314220183486237
-1.4171954128440367,-0.0073155963302752,-1.42329495412844
-1.406888990825688,-0.0104674311926605,-1.4151678899082567
-1.3965825688073394,-0.0136192660550458,-1.407040825688073
-1.3862761467889908,-0.0167711009174311,-1.3989137614678897
-1.3759697247706422,-0.0199229357798165,-1.390786697247706
-1.3656633027522935,-0.0230747706422018,-1.3826596330275227
-1.355356880733945,-0.0262266055045871,-1.374532568807339
-1.3450504587155965,-0.0293784403669724,-1.366405504587156
-1.3347440366972476,-0.0325302752293578,-1.3582784403669723
-1.324437614678899,-0.0356821100917431,-1.3501513761467887
-1.3141311926605503,-0.0388339449541284,-1.342024311926605
-1.3038247706422017,-0.0419857798165137,-1.333897247706422
-1.293518348623853,-0.045137614678899,-1.3257701834862383
-1.2832119266055046,-0.0482894495412844,-1.317643119266055
-1.272905504587156,-0.0514412844036697,-1.309516055045871
-1.2625990825688074,-0.054593119266055,-1.301388990825688
-1.2522926605504587,-0.0577449541284403,-1.2932619266055043
-1.24198623853211,-0.0608967889908257,-1.285134862385321
-1.2316798165137617,-0.064048623853211,-1.277007798165137
-1.2213733944954128,-0.0672004587155963,-1.268880733944954
-1.2110669724770642,-0.0703522935779816,-1.2607536697247703
-1.2007605504587155,-0.073504128440367,-1.252626605504587
-1.1904541284403671,-0.0766559633027522,-1.2444995412844035
-1.1801477064220185,-0.0798077981651376,-1.23637247706422
