0.003978231613235041,-0.047976757243271044,0.9112598534201954
0.003977018686782101,-0.04797875021429796,0.9112451140065146
0.003975805760329161,-0.04798074318532487,0.9112303745928338
0.003974592833876221,-0.04798273615635179,0.911215635179153
0.003973379907423281,-0.04798472912737871,0.9112008957654723
0.003972166980970341,-0.047986722098405626,0.9111861563517915
0.003970954054517401,-0.047988715069432544,0.9111714169381107
0.003969741128064461,-0.047990708040459455,0.91115667752443
0.003968528201611521,-0.04799270101148637,0.9111419381107492
0.00396731527515858,-0.047994693982513284,0.9111271986970684
0.00396610234870564,-0.0479966869535402,0.9111124592833876
0.0039648894222527,-0.04799867992456712,0.9110977198697068
0.00396367649579976,-0.04800067289559404,0.911082980456026
0.003962463569346819,-0.04800266586662095,0.9110682410423452
0.003961250642893879,-0.048004658837647866,0.9110535016286645
0.003960037716440939,-0.048006651808674784,0.9110387622149837
0.003958824789987999,-0.048008644779701695,0.9110240228013029
0.003957611863535059,-0.04801063775072861,0.9110092833876221
0.003956398937082118,-0.04801263072175553,0.9109945439739413
0.003955186010629178,-0.04801462369278245,0.9109798045602605
0.003953973084176238,-0.04801661666380936,0.9109650651465797
0.0039527601577232984,-0.04801860963483628,0.910950325732899
0.003951547231270358,-0.048020602605863195,0.9109355863192182
0.003950334304817418,-0.048022595576890106,0.9109208469055374
0.003949121378364478,-0.048024588547917024,0.9109061074918566
0.003947908451911538,-0.04802658151894394,0.9108913680781758
0.003946695525458598,-0.04802857448997086,0.910876628664495
0.003945482599005657,-0.04803056746099777,0.9108618892508142
0.003944269672552717,-0.04803256043202469,0.9108471498371336
0.003943056746099777,-0.04803455340305161,0.9108324104234528
0.003941843819646837,-0.04803654637407852,0.910817671009772
0.003940630893193896,-0.048038539345105435,0.9108029315960912
0.003939417966740956,-0.04804053231613235,0.9107881921824104
0.003938205040288016,-0.04804252528715927,0.9107734527687296
0.003936992113835076,-0.04804451825818618,0.9107587133550488
0.003935779187382136,-0.0480465112292131,0.9107439739413681
0.003934566260929195,-0.04804850420024001,0.9107292345276873
0.003933353334476255,-0.04805049717126693,0.9107144951140065
0.003932140408023315,-0.04805249014229385,0.9106997557003257
0.0039309274815703754,-0.048054483113320764,0.9106850162866449
0.003929714555117435,-0.04805647608434768,0.9106702768729641
0.003928501628664495,-0.04805846905537459,0.9106555374592833
0.003927288702211555,-0.04806046202640151,0.9106407980456026
0.003926075775758615,-0.04806245499742842,0.9106260586319218
0.003924862849305674,-0.04806444796845534,0.910611319218241
0.003923649922852734,-0.04806644093948226,0.9105965798045602
0.003922436996399794,-0.048068433910509176,0.9105818403908794
0.003921224069946854,-0.04807042688153609,0.9105671009771986
0.003920011143493914,-0.048072419852563004,0.9105523615635178
0.003918798217040973,-0.04807441282358992,0.9105376221498371
0.003917585290588033,-0.04807640579461683,0.9105228827361563
0.003916372364135093,-0.04807839876564375,0.9105081433224755
0.003915159437682153,-0.04808039173667067,0.9104934039087947
0.003913946511229212,-0.04808238470769759,0.9104786644951139
0.003912733584776272,-0.0480843776787245,0.9104639250814331
0.003911520658323332,-0.048086370649751416,0.9104491856677523
0.003910307731870392,-0.048088363620778334,0.9104344462540717
0.0039090948054174525,-0.048090356591805244,0.9104197068403909
0.003907881878964512,-0.04809234956283216,0.9104049674267101
0.003906668952511572,-0.04809434253385908,0.9103902280130293
0.0039054560260586317,-0.048096335504886,0.9103754885993485
0.0039042430996056917,-0.04809832847591291,0.9103607491856677
0.003903030173152751,-0.04810032144693983,0.9103460097719869
0.003901817246699811,-0.048102314417966745,0.9103312703583062
0.003900604320246871,-0.048104307388993656,0.9103165309446254
0.003899391393793931,-0.048106300360020574,0.9103017915309446
0.003898178467340991,-0.04810829333104749,0.9102870521172638
0.00389696554088805,-0.04811028630207441,0.910272312703583
0.00389575261443511,-0.04811227927310132,0.9102575732899022
0.00389453968798217,-0.04811427224412824,0.9102428338762214
0.00389332676152923,-0.04811626521515515,0.9102280944625407
0.0038921138350762894,-0.04811825818618207,0.9102133550488599
0.0038909009086233494,-0.048120251157208985,0.9101986156351791
0.0038896879821704094,-0.0481222441282359,0.9101838762214983
0.0038884750557174694,-0.04812423709926282,0.9101691368078175
0.0038872621292645295,-0.04812623007028973,0.9101543973941367
0.0038860492028115886,-0.04812822304131665,0.9101396579804559
0.0038848362763586487,-0.04813021601234356,0.9101249185667752
0.0038836233499057087,-0.04813220898337048,0.9101101791530944
0.0038824104234527687,-0.048134201954397396,0.9100954397394136
0.003881197496999828,-0.048136194925424314,0.9100807003257328
0.003879984570546888,-0.048138187896451225,0.910065960912052
0.003878771644093948,-0.04814018086747814,0.9100512214983713
0.003877558717641008,-0.04814217383850506,0.9100364820846905
0.003876345791188068,-0.04814416680953197,0.9100217426710098
0.003875132864735127,-0.04814615978055889,0.910007003257329
0.003873919938282187,-0.04814815275158581,0.9099922638436482
0.003872707011829247,-0.048150145722612725,0.9099775244299674
0.003871494085376307,-0.048152138693639636,0.9099627850162866
0.0038702811589233664,-0.048154131664666554,0.9099480456026058
0.0038690682324704264,-0.04815612463569347,0.909933306188925
0.0038678553060174864,-0.04815811760672038,0.9099185667752443
0.0038666423795645465,-0.0481601105777473,0.9099038273615635
0.0038654294531116065,-0.04816210354877422,0.9098890879478827
0.0038642165266586656,-0.048164096519801136,0.9098743485342019
0.0038630036002057257,-0.04816608949082805,0.9098596091205211
0.0038617906737527857,-0.048168082461854965,0.9098448697068403
0.0038605777472998457,-0.048170075432881876,0.9098301302931595
0.003859364820846905,-0.048172068403908794,0.9098153908794788
0.003858151894393965,-0.04817406137493571,0.909800651465798
0.003856938967941025,-0.04817605434596263,0.9097859120521172
0.003855726041488085,-0.04817804731698955,0.9097711726384364
0.003854513115035144,-0.04818004028801646,0.9097564332247556
0.003853300188582204,-0.048182033259043376,0.9097416938110748
0.003852087262129264,-0.04818402623007029,0.909726954397394
0.003850874335676324,-0.048186019201097205,0.9097122149837134
0.0038496614092233842,-0.04818801217212412,0.9096974755700326
0.0038484484827704434,-0.04819000514315104,0.9096827361563518
0.0038472355563175034,-0.04819199811417796,0.909667996742671
0.0038460226298645634,-0.04819399108520487,0.9096532573289902
0.0038448097034116235,-0.04819598405623179,0.9096385179153094
0.0038435967769586826,-0.0481979770272587,0.9096237785016286
0.0038423838505057427,-0.048199969998285616,0.9096090390879479
0.0038411709240528027,-0.048201962969312534,0.9095942996742671
0.0038399579975998627,-0.04820395594033945,0.9095795602605863
0.0038387450711469227,-0.04820594891136636,0.9095648208469055
0.003837532144693982,-0.04820794188239328,0.9095500814332247
0.003836319218241042,-0.0482099348534202,0.9095353420195439
0.003835106291788102,-0.04821192782444711,0.9095206026058631
0.003833893365335162,-0.04821392079547403,0.9095058631921824
0.003832680438882221,-0.048215913766500945,0.9094911237785016
0.003831467512429281,-0.04821790673752786,0.9094763843648208
0.003830254585976341,-0.048219899708554774,0.90946164495114
0.003829041659523401,-0.04822189267958169,0.9094469055374592
0.0038278287330704612,-0.04822388565060861,0.9094321661237784
0.0038266158066175204,-0.04822587862163552,0.9094174267100976
0.0038254028801645804,-0.04822787159266244,0.9094026872964169
0.0038241899537116405,-0.048229864563689356,0.9093879478827361
0.0038229770272587005,-0.048231857534716274,0.9093732084690553
0.0038217641008057596,-0.048233850505743185,0.9093584690553745
0.0038205511743528197,-0.0482358434767701,0.9093437296416937
0.0038193382478998797,-0.048237836447797014,0.909328990228013
0.0038181253214469397,-0.04823982941882393,0.9093142508143321
0.0038169123949939997,-0.04824182238985085,0.9092995114006515
0.003815699468541059,-0.04824381536087777,0.9092847719869707
0.003814486542088119,-0.048245808331904685,0.9092700325732899
0.003813273615635179,-0.048247801302931596,0.9092552931596091
0.003812060689182239,-0.048249794273958514,0.9092405537459283
0.003810847762729298,-0.048251787244985425,0.9092258143322475
0.003809634836276358,-0.04825378021601234,0.9092110749185667
0.003808421909823418,-0.04825577318703926,0.909196335504886
0.0038072089833704782,-0.04825776615806618,0.9091815960912052
0.0038059960569175382,-0.04825975912909309,0.9091668566775244
0.0038047831304645974,-0.04826175210012001,0.9091521172638436
0.0038035702040116574,-0.048263745071146925,0.9091373778501628
0.0038023572775587175,-0.048265738042173836,0.909122638436482
0.0038011443511057775,-0.048267731013200754,0.9091078990228012
0.0037999314246528366,-0.04826972398422767,0.9090931596091205
0.0037987184981998967,-0.04827171695525459,0.9090784201954397
0.0037975055717469567,-0.0482737099262815,0.9090636807817589
0.0037962926452940167,-0.04827570289730842,0.9090489413680781
0.003795079718841076,-0.04827769586833534,0.9090342019543973
0.003793866792388136,-0.04827968883936225,0.9090194625407165
0.003792653865935196,-0.048281681810389165,0.9090047231270357
0.003791440939482256,-0.04828367478141608,0.908989983713355
0.003790228013029316,-0.048285667752443,0.9089752442996742
0.003789015086576375,-0.04828766072346991,0.9089605048859934
0.003787802160123435,-0.04828965369449683,0.9089457654723127
0.003786589233670495,-0.04829164666552375,0.9089310260586319
0.0037853763072175552,-0.04829363963655066,0.908916286644951
0.0037841633807646144,-0.04829563260757758,0.9089015472312703
0.0037829504543116744,-0.048297625578604494,0.9088868078175896
0.0037817375278587344,-0.04829961854963141,0.9088720684039088
0.0037805246014057945,-0.04830161152065832,0.908857328990228
0.0037793116749528545,-0.04830360449168524,0.9088425895765472
0.0037780987484999137,-0.04830559746271215,0.9088278501628664
0.0037768858220469737,-0.04830759043373907,0.9088131107491856
0.0037756728955940337,-0.04830958340476599,0.9087983713355048
0.0037744599691410937,-0.048311576375792906,0.9087836319218241
0.003773247042688153,-0.048313569346819824,0.9087688925081433
0.003772034116235213,-0.048315562317846734,0.9087541530944625
0.003770821189782273,-0.04831755528887365,0.9087394136807817
0.003769608263329333,-0.04831954825990056,0.9087246742671009
0.003768395336876393,-0.04832154123092748,0.9087099348534201
0.003767182410423452,-0.0483235342019544,0.9086951954397394
0.003765969483970512,-0.04832552717298132,0.9086804560260586
0.0037647565575175722,-0.04832752014400823,0.9086657166123778
0.0037635436310646322,-0.048329513115035146,0.908650977198697
0.0037623307046116914,-0.048331506086062063,0.9086362377850162
0.0037611177781587514,-0.048333499057088974,0.9086214983713354
0.0037599048517058115,-0.04833549202811589,0.9086067589576546
0.0037586919252528715,-0.04833748499914281,0.908592019543974
0.0037574789987999315,-0.04833947797016973,0.9085772801302932
0.0037562660723469907,-0.04834147094119664,0.9085625407166124
0.0037550531458940507,-0.04834346391222356,0.9085478013029316
0.0037538402194411107,-0.048345456883250475,0.9085330618892508
0.0037526272929881707,-0.048347449854277386,0.90851832247557
0.00375141436653523,-0.048349442825304303,0.9085035830618892
0.00375020144008229,-0.04835143579633122,0.9084888436482085
0.00374898851362935,-0.04835342876735814,0.9084741042345277
0.00374777558717641,-0.04835542173838505,0.9084593648208469
0.00374656266072347,-0.04835741470941197,0.9084446254071661
0.003745349734270529,-0.048359407680438886,0.9084298859934853
0.003744136807817589,-0.0483614006514658,0.9084151465798045
0.0037429238813646492,-0.048363393622492715,0.9084004071661237
0.0037417109549117093,-0.04836538659351963,0.908385667752443
0.0037404980284587684,-0.04836737956454655,0.9083709283387622
0.0037392851020058284,-0.04836937253557346,0.9083561889250814
0.0037380721755528885,-0.04837136550660038,0.9083414495114006
0.0037368592490999485,-0.04837335847762729,0.9083267100977198
0.0037356463226470077,-0.04837535144865421,0.908311970684039
0.0037344333961940677,-0.048377344419681126,0.9082972312703583
0.0037332204697411277,-0.048379337390708044,0.9082824918566775
0.0037320075432881877,-0.04838133036173496,0.9082677524429967
0.0037307946168352478,-0.04838332333276187,0.9082530130293159
0.003729581690382307,-0.04838531630378879,0.9082382736156351
0.003728368763929367,-0.0483873092748157,0.9082235342019543
0.003727155837476427,-0.04838930224584262,0.9082087947882735
0.003725942911023487,-0.04839129521686954,0.9081940553745929
0.003724729984570546,-0.048393288187896455,0.9081793159609121
0.003723517058117606,-0.048395281158923366,0.9081645765472313
0.003722304131664666,-0.048397274129950284,0.9081498371335505
0.0037210912052117262,-0.0483992671009772,0.9081350977198697
0.0037198782787587863,-0.04840126007200411,0.9081203583061889
0.0037186653523058454,-0.04840325304303103,0.9081056188925081
0.0037174524258529055,-0.04840524601405795,0.9080908794788274
0.0037162394993999655,-0.048407238985084866,0.9080761400651466
0.0037150265729470255,-0.04840923195611178,0.9080614006514658
0.0037138136464940847,-0.048411224927138695,0.908046661237785
0.0037126007200411447,-0.04841321789816561,0.9080319218241042
0.0037113877935882047,-0.048415210869192524,0.9080171824104234
0.0037101748671352647,-0.04841720384021944,0.9080024429967426
0.0037089619406823248,-0.04841919681124636,0.9079877035830619
0.003707749014229384,-0.04842118978227328,0.9079729641693811
0.003706536087776444,-0.04842318275330019,0.9079582247557003
0.003705323161323504,-0.048425175724327106,0.9079434853420195
0.003704110234870564,-0.048427168695354024,0.9079287459283387
0.003702897308417623,-0.048429161666380935,0.9079140065146579
0.003701684381964683,-0.04843115463740785,0.9078992671009771
0.0037004714555117432,-0.04843314760843477,0.9078845276872964
0.0036992585290588033,-0.04843514057946169,0.9078697882736156
0.0036980456026058633,-0.0484371335504886,0.9078550488599348
0.0036968326761529224,-0.04843912652151552,0.907840309446254
0.0036956197496999825,-0.04844111949254243,0.9078255700325732
0.0036944068232470425,-0.048443112463569346,0.9078108306188925
0.0036931938967941025,-0.048445105434596264,0.9077960912052117
0.0036919809703411617,-0.04844709840562318,0.907781351791531
0.0036907680438882217,-0.0484490913766501,0.9077666123778502
0.0036895551174352817,-0.04845108434767701,0.9077518729641694
0.0036883421909823418,-0.04845307731870393,0.9077371335504886
0.0036871292645294018,-0.04845507028973084,0.9077223941368078
0.003685916338076461,-0.04845706326075776,0.907707654723127
0.003684703411623521,-0.048459056231784675,0.9076929153094462
0.003683490485170581,-0.04846104920281159,0.9076781758957655
0.003682277558717641,-0.048463042173838504,0.9076634364820847
0.0036810646322647,-0.04846503514486542,0.9076486970684039
0.00367985170581176,-0.04846702811589234,0.9076339576547231
0.0036786387793588202,-0.04846902108691925,0.9076192182410423
0.0036774258529058803,-0.04847101405794617,0.9076044788273615
0.0036762129264529403,-0.048473007028973086,0.9075897394136807
0.0036749999999999994,-0.048475000000000004,0.907575
0.0036737870735470595,-0.048476992971026915,0.9075602605863192
0.0036725741470941195,-0.04847898594205383,0.9075455211726384
0.0036713612206411795,-0.04848097891308075,0.9075307817589576
0.0036701482941882387,-0.04848297188410766,0.9075160423452768
0.0036689353677352987,-0.04848496485513458,0.907501302931596
0.0036677224412823587,-0.0484869578261615,0.9074865635179152
0.0036665095148294188,-0.048488950797188415,0.9074718241042345
0.003665296588376478,-0.048490943768215326,0.9074570846905538
0.003664083661923538,-0.048492936739242244,0.907442345276873
0.003662870735470598,-0.048494929710269155,0.9074276058631922
0.003661657809017658,-0.04849692268129607,0.9074128664495114
0.003660444882564718,-0.04849891565232299,0.9073981270358306
0.003659231956111777,-0.04850090862334991,0.9073833876221498
0.0036580190296588372,-0.04850290159437683,0.9073686482084691
0.0036568061032058972,-0.04850489456540374,0.9073539087947883
0.0036555931767529573,-0.048506887536430655,0.9073391693811075
0.0036543802503000164,-0.048508880507457566,0.9073244299674267
0.0036531673238470765,-0.048510873478484484,0.9073096905537459
0.0036519543973941365,-0.0485128664495114,0.9072949511400651
0.0036507414709411965,-0.04851485942053832,0.9072802117263843
0.0036495285444882565,-0.04851685239156524,0.9072654723127036
0.0036483156180353157,-0.04851884536259215,0.9072507328990228
0.0036471026915823757,-0.04852083833361907,0.907235993485342
0.0036458897651294358,-0.04852283130464598,0.9072212540716612
0.0036446768386764958,-0.048524824275672895,0.9072065146579804
0.003643463912223555,-0.04852681724669981,0.9071917752442996
0.003642250985770615,-0.04852881021772673,0.9071770358306188
0.003641038059317675,-0.04853080318875364,0.9071622964169381
0.003639825132864735,-0.04853279615978056,0.9071475570032573
0.003638612206411795,-0.04853478913080748,0.9071328175895765
0.003637399279958854,-0.04853678210183439,0.9071180781758957
0.0036361863535059142,-0.04853877507286131,0.9071033387622149
0.0036349734270529743,-0.048540768043888224,0.9070885993485341
0.0036337605006000343,-0.04854276101491514,0.9070738599348533
0.0036325475741470934,-0.04854475398594205,0.9070591205211727
0.0036313346476941535,-0.04854674695696897,0.9070443811074919
0.0036301217212412135,-0.04854873992799589,0.9070296416938111
0.0036289087947882735,-0.0485507328990228,0.9070149022801303
0.0036276958683353335,-0.04855272587004972,0.9070001628664495
0.0036264829418823927,-0.048554718841076636,0.9069854234527687
0.0036252700154294527,-0.048556711812103553,0.9069706840390879
0.0036240570889765128,-0.048558704783130464,0.9069559446254072
0.003622844162523573,-0.04856069775415738,0.9069412052117264
0.003621631236070632,-0.04856269072518429,0.9069264657980456
0.003620418309617692,-0.04856468369621121,0.9069117263843648
0.003619205383164752,-0.04856667666723813,0.906896986970684
0.003617992456711812,-0.04856866963826505,0.9068822475570032
0.003616779530258872,-0.048570662609291965,0.9068675081433224
0.003615566603805931,-0.048572655580318876,0.9068527687296417
0.0036143536773529912,-0.04857464855134579,0.9068380293159609
0.0036131407509000513,-0.048576641522372704,0.9068232899022801
0.0036119278244471113,-0.04857863449339962,0.9068085504885993
0.0036107148979941705,-0.04858062746442654,0.9067938110749185
0.0036095019715412305,-0.04858262043545346,0.9067790716612377
0.0036082890450882905,-0.048584613406480376,0.9067643322475569
0.0036070761186353505,-0.04858660637750729,0.9067495928338762
0.0036058631921824097,-0.048588599348534205,0.9067348534201954
0.0036046502657294697,-0.048590592319561116,0.9067201140065146
0.0036034373392765297,-0.04859258529058803,0.9067053745928338
0.0036022244128235898,-0.04859457826161495,0.906690635179153
0.00360101148637065,-0.04859657123264187,0.9066758957654723
0.003599798559917709,-0.04859856420366878,0.9066611563517915
0.003598585633464769,-0.0486005571746957,0.9066464169381108
0.003597372707011829,-0.048602550145722616,0.90663167752443
0.003596159780558889,-0.04860454311674953,0.9066169381107492
0.003594946854105948,-0.048606536087776445,0.9066021986970684
0.0035937339276530082,-0.04860852905880336,0.9065874592833876
0.0035925210012000683,-0.04861052202983028,0.9065727198697068
0.0035913080747471283,-0.04861251500085719,0.906557980456026
0.0035900951482941883,-0.04861450797188411,0.9065432410423453
0.0035888822218412475,-0.04861650094291103,0.9065285016286645
0.0035876692953883075,-0.04861849391393794,0.9065137622149837
0.0035864563689353675,-0.048620486884964856,0.9064990228013029
0.0035852434424824275,-0.048622479855991774,0.9064842833876221
0.0035840305160294867,-0.04862447282701869,0.9064695439739413
0.0035828175895765467,-0.0486264657980456,0.9064548045602605
0.0035816046631236068,-0.04862845876907252,0.9064400651465798
0.003580391736670667,-0.04863045174009943,0.906425325732899
0.003579178810217727,-0.04863244471112635,0.9064105863192182
0.003577965883764786,-0.04863443768215327,0.9063958469055374
0.003576752957311846,-0.048636430653180185,0.9063811074918566
0.003575540030858906,-0.0486384236242071,0.9063663680781758
0.003574327104405966,-0.048640416595234014,0.906351628664495
0.003573114177953025,-0.04864240956626093,0.9063368892508143
0.0035719012515000852,-0.04864440253728784,0.9063221498371336
0.0035706883250471453,-0.04864639550831476,0.9063074104234528
0.0035694753985942053,-0.04864838847934168,0.906292671009772
0.0035682624721412653,-0.048650381450368596,0.9062779315960912
0.0035670495456883245,-0.04865237442139551,0.9062631921824104
0.0035658366192353845,-0.048654367392422425,0.9062484527687296
0.0035646236927824445,-0.04865636036344934,0.9062337133550489
0.0035634107663295046,-0.048658353334476254,0.9062189739413681
0.0035621978398765637,-0.04866034630550317,0.9062042345276873
0.0035609849134236237,-0.04866233927653009,0.9061894951140065
0.0035597719869706838,-0.04866433224755701,0.9061747557003257
0.003558559060517744,-0.04866632521858392,0.9061600162866449
0.003557346134064804,-0.048668318189610836,0.9061452768729641
0.003556133207611863,-0.048670311160637754,0.9061305374592834
0.003554920281158923,-0.048672304131664665,0.9061157980456026
0.003553707354705983,-0.04867429710269158,0.9061010586319218
0.003552494428253043,-0.0486762900737185,0.906086319218241
0.0035512815018001022,-0.04867828304474542,0.9060715798045602
0.0035500685753471622,-0.04868027601577233,0.9060568403908794
0.0035488556488942223,-0.04868226898679925,0.9060421009771986
0.0035476427224412823,-0.048684261957826165,0.9060273615635179
0.0035464297959883415,-0.048686254928853076,0.9060126221498371
0.0035452168695354015,-0.048688247899879994,0.9059978827361563
0.0035440039430824615,-0.04869024087090691,0.9059831433224755
0.0035427910166295215,-0.04869223384193383,0.9059684039087947
0.0035415780901765816,-0.04869422681296074,0.9059536644951139
0.0035403651637236407,-0.04869621978398766,0.9059389250814331
0.0035391522372707008,-0.04869821275501457,0.9059241856677525
0.0035379393108177608,-0.04870020572604149,0.9059094462540717
0.003536726384364821,-0.048702198697068405,0.9058947068403909
0.00353551345791188,-0.04870419166809532,0.9058799674267101
0.00353430053145894,-0.04870618463912224,0.9058652280130293
0.003533087605006,-0.04870817761014915,0.9058504885993485
0.00353187467855306,-0.04871017058117607,0.9058357491856677
0.00353066175210012,-0.04871216355220298,0.905821009771987
0.0035294488256471792,-0.0487141565232299,0.9058062703583062
0.0035282358991942393,-0.048716149494256816,0.9057915309446254
0.0035270229727412993,-0.048718142465283734,0.9057767915309446
0.0035258100462883593,-0.048720135436310645,0.9057620521172638
0.0035245971198354185,-0.04872212840733756,0.905747312703583
0.0035233841933824785,-0.04872412137836448,0.9057325732899022
0.0035221712669295385,-0.04872611434939139,0.9057178338762215
0.0035209583404765986,-0.04872810732041831,0.9057030944625407
0.0035197454140236586,-0.04873010029144523,0.9056883550488599
0.0035185324875707177,-0.048732093262472145,0.9056736156351791
0.0035173195611177778,-0.048734086233499056,0.9056588762214983
0.003516106634664838,-0.048736079204525974,0.9056441368078175
0.003514893708211898,-0.04873807217555289,0.9056293973941367
0.003513680781758957,-0.0487400651465798,0.905614657980456
0.003512467855306017,-0.04874205811760672,0.9055999185667752
0.003511254928853077,-0.04874405108863364,0.9055851791530944
0.003510042002400137,-0.04874604405966056,0.9055704397394136
0.003508829075947197,-0.04874803703068747,0.9055557003257328
0.0035076161494942562,-0.048750030001714385,0.905540960912052
0.0035064032230413163,-0.0487520229727413,0.9055262214983713
0.0035051902965883763,-0.048754015943768214,0.9055114820846906
0.0035039773701354363,-0.04875600891479513,0.9054967426710098
0.0035027644436824955,-0.04875800188582205,0.905482003257329
0.0035015515172295555,-0.04875999485684897,0.9054672638436482
0.0035003385907766155,-0.04876198782787588,0.9054525244299674
0.0034991256643236756,-0.048763980798902797,0.9054377850162866
0.0034979127378707356,-0.04876597376992971,0.9054230456026058
0.0034966998114177947,-0.048767966740956625,0.9054083061889251
0.0034954868849648548,-0.04876995971198354,0.9053935667752443
0.003494273958511915,-0.04877195268301046,0.9053788273615635
0.003493061032058975,-0.04877394565403738,0.9053640879478827
0.003491848105606034,-0.04877593862506429,0.9053493485342019
0.003490635179153094,-0.04877793159609121,0.9053346091205211
0.003489422252700154,-0.04877992456711812,0.9053198697068403
0.003488209326247214,-0.048781917538145037,0.9053051302931596
0.003486996399794274,-0.048783910509171954,0.9052903908794788
0.0034857834733413333,-0.04878590348019887,0.905275651465798
0.0034845705468883933,-0.04878789645122578,0.9052609120521172
0.0034833576204354533,-0.0487898894222527,0.9052461726384364
0.0034821446939825133,-0.04879188239327962,0.9052314332247556
0.0034809317675295725,-0.04879387536430653,0.9052166938110748
0.0034797188410766325,-0.04879586833533345,0.9052019543973941
0.0034785059146236925,-0.048797861306360366,0.9051872149837134
0.0034772929881707526,-0.04879985427738728,0.9051724755700326
0.0034760800617178117,-0.048801847248414194,0.9051577361563518
0.0034748671352648718,-0.04880384021944111,0.905142996742671
0.003473654208811932,-0.04880583319046803,0.9051282573289902
0.003472441282358992,-0.04880782616149494,0.9051135179153094
0.003471228355906052,-0.04880981913252186,0.9050987785016287
0.003470015429453111,-0.04881181210354878,0.9050840390879479
0.003468802503000171,-0.048813805074575695,0.9050692996742671
0.003467589576547231,-0.048815798045602606,0.9050545602605863
0.003466376650094291,-0.04881779101662952,0.9050398208469055
0.0034651637236413502,-0.04881978398765644,0.9050250814332247
0.0034639507971884103,-0.04882177695868335,0.9050103420195439
0.0034627378707354703,-0.04882376992971027,0.9049956026058632
0.0034615249442825303,-0.04882576290073719,0.9049808631921824
0.0034603120178295903,-0.048827755871764106,0.9049661237785016
0.0034590990913766495,-0.04882974884279102,0.9049513843648208
0.0034578861649237095,-0.048831741813817935,0.90493664495114
0.0034566732384707696,-0.048833734784844846,0.9049219055374592
0.0034554603120178296,-0.04883572775587176,0.9049071661237784
0.0034542473855648887,-0.04883772072689868,0.9048924267100977
0.0034530344591119488,-0.0488397136979256,0.9048776872964169
0.003451821532659009,-0.04884170666895252,0.9048629478827361
0.003450608606206069,-0.04884369963997943,0.9048482084690553
0.003449395679753129,-0.048845692611006346,0.9048334690553745
0.003448182753300188,-0.04884768558203326,0.9048187296416937
0.003446969826847248,-0.048849678553060175,0.9048039902280129
0.003445756900394308,-0.04885167152408709,0.9047892508143323
0.003444543973941368,-0.04885366449511401,0.9047745114006515
0.0034433310474884272,-0.04885565746614092,0.9047597719869707
0.0034421181210354873,-0.04885765043716784,0.9047450325732899
0.0034409051945825473,-0.04885964340819476,0.9047302931596091
0.0034396922681296073,-0.04886163637922167,0.9047155537459283
0.0034384793416766674,-0.048863629350248586,0.9047008143322475
0.0034372664152237265,-0.048865622321275504,0.9046860749185668
0.0034360534887707865,-0.04886761529230242,0.904671335504886
0.0034348405623178466,-0.04886960826332933,0.9046565960912052
0.0034336276358649066,-0.04887160123435625,0.9046418566775244
0.0034324147094119658,-0.04887359420538317,0.9046271172638436
0.0034312017829590258,-0.04887558717641008,0.9046123778501628
0.003429988856506086,-0.048877580147437,0.904597638436482
0.003428775930053146,-0.048879573118463915,0.9045828990228013
0.003427563003600206,-0.04888156608949083,0.9045681596091205
0.003426350077147265,-0.048883559060517744,0.9045534201954397
0.003425137150694325,-0.04888555203154466,0.9045386807817589
0.003423924224241385,-0.04888754500257157,0.9045239413680781
0.003422711297788445,-0.04888953797359849,0.9045092019543973
0.0034214983713355043,-0.04889153094462541,0.9044944625407165
0.0034202854448825643,-0.048893523915652326,0.9044797231270358
0.0034190725184296243,-0.048895516886679244,0.904464983713355
0.0034178595919766843,-0.048897509857706155,0.9044502442996742
0.0034166466655237435,-0.04889950282873307,0.9044355048859934
0.0034154337390708035,-0.048901495799759984,0.9044207654723126
0.0034142208126178636,-0.0489034887707869,0.9044060260586319
0.0034130078861649236,-0.04890548174181382,0.904391286644951
0.0034117949597119836,-0.04890747471284074,0.9043765472312704
0.0034105820332590428,-0.048909467683867655,0.9043618078175896
0.003409369106806103,-0.048911460654894566,0.9043470684039088
0.003408156180353163,-0.048913453625921484,0.904332328990228
0.003406943253900223,-0.048915446596948395,0.9043175895765472
0.003405730327447282,-0.04891743956797531,0.9043028501628664
0.003404517400994342,-0.04891943253900223,0.9042881107491856
0.003403304474541402,-0.04892142551002915,0.9042733713355049
0.003402091548088462,-0.04892341848105606,0.9042586319218241
0.003400878621635522,-0.04892541145208298,0.9042438925081433
0.0033996656951825813,-0.048927404423109895,0.9042291530944625
0.0033984527687296413,-0.048929397394136806,0.9042144136807817
0.0033972398422767013,-0.048931390365163724,0.9041996742671009
0.0033960269158237614,-0.04893338333619064,0.9041849348534201
0.0033948139893708205,-0.04893537630721756,0.9041701954397394
0.0033936010629178805,-0.04893736927824447,0.9041554560260586
0.0033923881364649406,-0.04893936224927139,0.9041407166123778
0.0033911752100120006,-0.048941355220298306,0.904125977198697
0.0033899622835590606,-0.04894334819132522,0.9041112377850162
0.0033887493571061198,-0.048945341162352135,0.9040964983713354
0.00338753643065318,-0.04894733413337905,0.9040817589576546
0.00338632350420024,-0.04894932710440597,0.904067019543974
0.0033851105777473,-0.04895132007543288,0.9040522801302932
0.003383897651294359,-0.0489533130464598,0.9040375407166124
0.003382684724841419,-0.04895530601748671,0.9040228013029316
0.003381471798388479,-0.04895729898851363,0.9040080618892508
0.003380258871935539,-0.048959291959540546,0.90399332247557
0.003379045945482599,-0.048961284930567464,0.9039785830618892
0.0033778330190296583,-0.04896327790159438,0.9039638436482085
0.0033766200925767183,-0.04896527087262129,0.9039491042345277
0.0033754071661237783,-0.04896726384364821,0.9039343648208469
0.0033741942396708384,-0.04896925681467512,0.9039196254071661
0.0033729813132178975,-0.04897124978570204,0.9039048859934853
