-0.106103411900445,0.1054032717982528,0.9605129882973464
-0.106097486401846,0.1054061644964562,0.960513136640844
-0.106091560903247,0.1054090571946596,0.9605132849843416
-0.1060856354046481,0.105411949892863,0.9605134333278392
-0.1060797099060491,0.1054148425910664,0.9605135816713368
-0.1060737844074501,0.1054177352892698,0.9605137300148344
-0.1060678589088511,0.1054206279874732,0.960513878358332
-0.1060619334102521,0.1054235206856766,0.9605140267018296
-0.1060560079116532,0.10542641338388,0.9605141750453272
-0.1060500824130542,0.1054293060820834,0.9605143233888248
-0.1060441569144552,0.1054321987802868,0.9605144717323224
-0.1060382314158562,0.1054350914784901,0.96051462007582
-0.1060323059172572,0.1054379841766935,0.9605147684193176
-0.1060263804186583,0.1054408768748969,0.9605149167628152
-0.1060204549200593,0.1054437695731003,0.9605150651063128
-0.1060145294214603,0.1054466622713037,0.9605152134498104
-0.1060086039228613,0.1054495549695071,0.960515361793308
-0.1060026784242624,0.1054524476677105,0.9605155101368056
-0.1059967529256634,0.1054553403659139,0.9605156584803032
-0.1059908274270644,0.1054582330641173,0.9605158068238008
-0.1059849019284654,0.1054611257623207,0.9605159551672984
-0.1059789764298664,0.1054640184605241,0.960516103510796
-0.1059730509312675,0.1054669111587275,0.9605162518542936
-0.1059671254326685,0.1054698038569309,0.9605164001977914
-0.1059611999340695,0.1054726965551343,0.960516548541289
-0.1059552744354705,0.1054755892533377,0.9605166968847866
-0.1059493489368716,0.1054784819515411,0.9605168452282842
-0.1059434234382726,0.1054813746497445,0.9605169935717818
-0.1059374979396736,0.1054842673479479,0.9605171419152794
-0.1059315724410746,0.1054871600461513,0.960517290258777
-0.1059256469424756,0.1054900527443547,0.9605174386022746
-0.1059197214438767,0.105492945442558,0.9605175869457724
-0.1059137959452777,0.1054958381407615,0.96051773528927
-0.1059078704466787,0.1054987308389648,0.9605178836327676
-0.1059019449480797,0.1055016235371682,0.9605180319762652
-0.1058960194494808,0.1055045162353716,0.9605181803197628
-0.1058900939508818,0.105507408933575,0.9605183286632604
-0.1058841684522828,0.1055103016317784,0.960518477006758
-0.1058782429536838,0.1055131943299818,0.9605186253502556
-0.1058723174550849,0.1055160870281852,0.960518773693753
-0.1058663919564859,0.1055189797263886,0.9605189220372508
-0.1058604664578869,0.105521872424592,0.9605190703807484
-0.1058545409592879,0.1055247651227954,0.960519218724246
-0.1058486154606889,0.1055276578209988,0.9605193670677435
-0.10584268996209,0.1055305505192022,0.9605195154112413
-0.105836764463491,0.1055334432174056,0.9605196637547389
-0.105830838964892,0.105536335915609,0.9605198120982364
-0.105824913466293,0.1055392286138124,0.960519960441734
-0.1058189879676941,0.1055421213120158,0.9605201087852316
-0.1058130624690951,0.1055450140102192,0.9605202571287292
-0.1058071369704961,0.1055479067084226,0.9605204054722268
-0.1058012114718971,0.105550799406626,0.9605205538157244
-0.1057952859732981,0.1055536921048294,0.960520702159222
-0.1057893604746992,0.1055565848030328,0.9605208505027196
-0.1057834349761002,0.1055594775012361,0.9605209988462172
-0.1057775094775012,0.1055623701994395,0.9605211471897148
-0.1057715839789022,0.1055652628976429,0.9605212955332124
-0.1057656584803032,0.1055681555958463,0.96052144387671
-0.1057597329817043,0.1055710482940497,0.9605215922202076
-0.1057538074831053,0.1055739409922531,0.9605217405637052
-0.1057478819845063,0.1055768336904565,0.9605218889072028
-0.1057419564859073,0.1055797263886599,0.9605220372507004
-0.1057360309873084,0.1055826190868633,0.960522185594198
-0.1057301054887094,0.1055855117850667,0.9605223339376956
-0.1057241799901104,0.1055884044832701,0.9605224822811932
-0.1057182544915114,0.1055912971814735,0.960522630624691
-0.1057123289929124,0.1055941898796769,0.9605227789681886
-0.1057064034943135,0.1055970825778803,0.9605229273116862
-0.1057004779957145,0.1055999752760837,0.9605230756551838
-0.1056945524971155,0.1056028679742871,0.9605232239986814
-0.1056886269985165,0.1056057606724905,0.960523372342179
-0.1056827014999176,0.1056086533706939,0.9605235206856766
-0.1056767760013186,0.1056115460688973,0.9605236690291742
-0.1056708505027196,0.1056144387671007,0.960523817372672
-0.1056649250041206,0.1056173314653041,0.9605239657161696
-0.1056589995055216,0.1056202241635075,0.9605241140596672
-0.1056530740069227,0.1056231168617108,0.9605242624031648
-0.1056471485083237,0.1056260095599142,0.9605244107466624
-0.1056412230097247,0.1056289022581176,0.96052455909016
-0.1056352975111257,0.105631794956321,0.9605247074336576
-0.1056293720125267,0.1056346876545244,0.9605248557771552
-0.1056234465139278,0.1056375803527278,0.9605250041206528
-0.1056175210153288,0.1056404730509312,0.9605251524641504
-0.1056115955167298,0.1056433657491346,0.960525300807648
-0.1056056700181308,0.105646258447338,0.9605254491511456
-0.1055997445195319,0.1056491511455414,0.9605255974946432
-0.1055938190209329,0.1056520438437448,0.9605257458381408
-0.1055878935223339,0.1056549365419482,0.9605258941816384
-0.1055819680237349,0.1056578292401516,0.960526042525136
-0.1055760425251359,0.105660721938355,0.9605261908686336
-0.105570117026537,0.1056636146365584,0.9605263392121312
-0.105564191527938,0.1056665073347618,0.9605264875556287
-0.105558266029339,0.1056694000329652,0.9605266358991263
-0.10555234053074,0.1056722927311686,0.960526784242624
-0.1055464150321411,0.105675185429372,0.9605269325861217
-0.1055404895335421,0.1056780781275754,0.9605270809296192
-0.1055345640349431,0.1056809708257788,0.9605272292731168
-0.1055286385363441,0.1056838635239822,0.9605273776166144
-0.1055227130377451,0.1056867562221856,0.960527525960112
-0.1055167875391462,0.1056896489203889,0.9605276743036096
-0.1055108620405472,0.1056925416185923,0.9605278226471072
-0.1055049365419482,0.1056954343167957,0.9605279709906048
-0.1054990110433492,0.1056983270149991,0.9605281193341024
-0.1054930855447502,0.1057012197132025,0.9605282676776
-0.1054871600461513,0.1057041124114059,0.9605284160210976
-0.1054812345475523,0.1057070051096093,0.9605285643645952
-0.1054753090489533,0.1057098978078127,0.9605287127080928
-0.1054693835503543,0.1057127905060161,0.9605288610515906
-0.1054634580517554,0.1057156832042195,0.9605290093950882
-0.1054575325531564,0.1057185759024229,0.9605291577385858
-0.1054516070545574,0.1057214686006263,0.9605293060820834
-0.1054456815559584,0.1057243612988297,0.960529454425581
-0.1054397560573594,0.1057272539970331,0.9605296027690786
-0.1054338305587605,0.1057301466952365,0.9605297511125762
-0.1054279050601615,0.1057330393934399,0.9605298994560738
-0.1054219795615625,0.1057359320916433,0.9605300477995716
-0.1054160540629635,0.1057388247898467,0.9605301961430692
-0.1054101285643646,0.1057417174880501,0.9605303444865668
-0.1054042030657656,0.1057446101862535,0.9605304928300644
-0.1053982775671666,0.1057475028844568,0.960530641173562
-0.1053923520685676,0.1057503955826602,0.9605307895170596
-0.1053864265699686,0.1057532882808636,0.9605309378605572
-0.1053805010713697,0.105756180979067,0.9605310862040548
-0.1053745755727707,0.1057590736772704,0.9605312345475524
-0.1053686500741717,0.1057619663754738,0.96053138289105
-0.1053627245755727,0.1057648590736772,0.9605315312345476
-0.1053567990769737,0.1057677517718806,0.9605316795780452
-0.1053508735783748,0.105770644470084,0.9605318279215428
-0.1053449480797758,0.1057735371682874,0.9605319762650404
-0.1053390225811768,0.1057764298664908,0.960532124608538
-0.1053330970825778,0.1057793225646942,0.9605322729520356
-0.1053271715839789,0.1057822152628976,0.9605324212955332
-0.1053212460853799,0.105785107961101,0.9605325696390308
-0.1053153205867809,0.1057880006593044,0.9605327179825284
-0.1053093950881819,0.1057908933575078,0.960532866326026
-0.1053034695895829,0.1057937860557112,0.9605330146695236
-0.105297544090984,0.1057966787539146,0.9605331630130212
-0.105291618592385,0.105799571452118,0.9605333113565188
-0.105285693093786,0.1058024641503214,0.9605334597000164
-0.105279767595187,0.1058053568485248,0.960533608043514
-0.1052738420965881,0.1058082495467282,0.9605337563870116
-0.1052679165979891,0.1058111422449316,0.9605339047305094
-0.1052619910993901,0.1058140349431349,0.960534053074007
-0.1052560656007911,0.1058169276413383,0.9605342014175046
-0.1052501401021921,0.1058198203395417,0.9605343497610022
-0.1052442146035932,0.1058227130377451,0.9605344981044998
-0.1052382891049942,0.1058256057359485,0.9605346464479974
-0.1052323636063952,0.1058284984341519,0.960534794791495
-0.1052264381077962,0.1058313911323553,0.9605349431349924
-0.1052205126091973,0.1058342838305587,0.9605350914784904
-0.1052145871105983,0.1058371765287621,0.960535239821988
-0.1052086616119993,0.1058400692269655,0.9605353881654854
-0.1052027361134003,0.1058429619251689,0.960535536508983
-0.1051968106148013,0.1058458546233723,0.9605356848524806
-0.1051908851162024,0.1058487473215757,0.9605358331959782
-0.1051849596176034,0.1058516400197791,0.9605359815394758
-0.1051790341190044,0.1058545327179825,0.9605361298829734
-0.1051731086204054,0.1058574254161859,0.9605362782264713
-0.1051671831218064,0.1058603181143893,0.9605364265699688
-0.1051612576232075,0.1058632108125927,0.9605365749134664
-0.1051553321246085,0.1058661035107961,0.960536723256964
-0.1051494066260095,0.1058689962089995,0.9605368716004616
-0.1051434811274105,0.1058718889072029,0.9605370199439592
-0.1051375556288116,0.1058747816054063,0.9605371682874568
-0.1051316301302126,0.1058776743036096,0.9605373166309544
-0.1051257046316136,0.105880567001813,0.960537464974452
-0.1051197791330146,0.1058834597000164,0.9605376133179496
-0.1051138536344157,0.1058863523982198,0.9605377616614472
-0.1051079281358167,0.1058892450964232,0.9605379100049448
-0.1051020026372177,0.1058921377946266,0.9605380583484424
-0.1050960771386187,0.10589503049283,0.96053820669194
-0.1050901516400197,0.1058979231910334,0.9605383550354376
-0.1050842261414208,0.1059008158892368,0.9605385033789352
-0.1050783006428218,0.1059037085874402,0.9605386517224328
-0.1050723751442228,0.1059066012856436,0.9605388000659304
-0.1050664496456238,0.105909493983847,0.960538948409428
-0.1050605241470249,0.1059123866820504,0.9605390967529256
-0.1050545986484259,0.1059152793802538,0.9605392450964232
-0.1050486731498269,0.1059181720784572,0.9605393934399208
-0.1050427476512279,0.1059210647766606,0.9605395417834184
-0.1050368221526289,0.105923957474864,0.960539690126916
-0.10503089665403,0.1059268501730674,0.9605398384704136
-0.105024971155431,0.1059297428712708,0.9605399868139112
-0.105019045656832,0.1059326355694742,0.960540135157409
-0.105013120158233,0.1059355282676776,0.9605402835009066
-0.1050071946596341,0.1059384209658809,0.9605404318444042
-0.1050012691610351,0.1059413136640843,0.9605405801879018
-0.1049953436624361,0.1059442063622877,0.9605407285313994
-0.1049894181638371,0.1059470990604911,0.960540876874897
-0.1049834926652381,0.1059499917586945,0.9605410252183946
-0.1049775671666392,0.1059528844568979,0.9605411735618922
-0.1049716416680402,0.1059557771551013,0.96054132190539
-0.1049657161694412,0.1059586698533047,0.9605414702488876
-0.1049597906708422,0.1059615625515081,0.9605416185923852
-0.1049538651722432,0.1059644552497115,0.9605417669358828
-0.1049479396736443,0.1059673479479149,0.9605419152793804
-0.1049420141750453,0.1059702406461183,0.960542063622878
-0.1049360886764463,0.1059731333443217,0.9605422119663756
-0.1049301631778473,0.1059760260425251,0.9605423603098732
-0.1049242376792484,0.1059789187407285,0.9605425086533708
-0.1049183121806494,0.1059818114389319,0.9605426569968684
-0.1049123866820504,0.1059847041371353,0.960542805340366
-0.1049064611834514,0.1059875968353387,0.9605429536838636
-0.1049005356848524,0.1059904895335421,0.9605431020273612
-0.1048946101862535,0.1059933822317455,0.9605432503708587
-0.1048886846876545,0.1059962749299489,0.9605433987143563
-0.1048827591890555,0.1059991676281523,0.960543547057854
-0.1048768336904565,0.1060020603263556,0.9605436954013516
-0.1048709081918576,0.106004953024559,0.9605438437448492
-0.1048649826932586,0.1060078457227624,0.9605439920883468
-0.1048590571946596,0.1060107384209658,0.9605441404318444
-0.1048531316960606,0.1060136311191692,0.960544288775342
-0.1048472061974616,0.1060165238173726,0.9605444371188396
-0.1048412806988627,0.106019416515576,0.9605445854623372
-0.1048353552002637,0.1060223092137794,0.9605447338058348
-0.1048294297016647,0.1060252019119828,0.9605448821493324
-0.1048235042030657,0.1060280946101862,0.96054503049283
-0.1048175787044667,0.1060309873083896,0.9605451788363276
-0.1048116532058678,0.106033880006593,0.9605453271798252
-0.1048057277072688,0.1060367727047964,0.9605454755233228
-0.1047998022086698,0.1060396654029998,0.9605456238668204
-0.1047938767100708,0.1060425581012032,0.960545772210318
-0.1047879512114719,0.1060454507994066,0.9605459205538156
-0.1047820257128729,0.10604834349761,0.9605460688973132
-0.1047761002142739,0.1060512361958134,0.9605462172408108
-0.1047701747156749,0.1060541288940168,0.9605463655843086
-0.1047642492170759,0.1060570215922202,0.9605465139278062
-0.104758323718477,0.1060599142904236,0.9605466622713038
-0.104752398219878,0.106062806988627,0.9605468106148014
-0.104746472721279,0.1060656996868303,0.960546958958299
-0.10474054722268,0.1060685923850337,0.9605471073017966
-0.1047346217240811,0.1060714850832371,0.9605472556452942
-0.1047286962254821,0.1060743777814405,0.9605474039887918
-0.1047227707268831,0.1060772704796439,0.9605475523322896
-0.1047168452282841,0.1060801631778473,0.9605477006757872
-0.1047109197296851,0.1060830558760507,0.9605478490192848
-0.1047049942310862,0.1060859485742541,0.9605479973627824
-0.1046990687324872,0.1060888412724575,0.96054814570628
-0.1046931432338882,0.1060917339706609,0.9605482940497776
-0.1046872177352892,0.1060946266688643,0.9605484423932752
-0.1046812922366902,0.1060975193670677,0.9605485907367728
-0.1046753667380913,0.1061004120652711,0.9605487390802704
-0.1046694412394923,0.1061033047634745,0.960548887423768
-0.1046635157408933,0.1061061974616779,0.9605490357672656
-0.1046575902422943,0.1061090901598813,0.9605491841107632
-0.1046516647436954,0.1061119828580847,0.9605493324542608
-0.1046457392450964,0.1061148755562881,0.9605494807977584
-0.1046398137464974,0.1061177682544915,0.960549629141256
-0.1046338882478984,0.1061206609526949,0.9605497774847536
-0.1046279627492994,0.1061235536508983,0.9605499258282512
-0.1046220372507005,0.1061264463491016,0.9605500741717488
-0.1046161117521015,0.1061293390473051,0.9605502225152464
-0.1046101862535025,0.1061322317455084,0.960550370858744
-0.1046042607549035,0.1061351244437118,0.9605505192022415
-0.1045983352563046,0.1061380171419152,0.9605506675457391
-0.1045924097577056,0.1061409098401186,0.9605508158892369
-0.1045864842591066,0.106143802538322,0.9605509642327344
-0.1045805587605076,0.1061466952365254,0.960551112576232
-0.1045746332619086,0.1061495879347288,0.9605512609197298
-0.1045687077633097,0.1061524806329322,0.9605514092632274
-0.1045627822647107,0.1061553733311356,0.960551557606725
-0.1045568567661117,0.106158266029339,0.9605517059502224
-0.1045509312675127,0.1061611587275424,0.96055185429372
-0.1045450057689138,0.1061640514257458,0.9605520026372176
-0.1045390802703148,0.1061669441239492,0.9605521509807152
-0.1045331547717158,0.1061698368221526,0.9605522993242128
-0.1045272292731168,0.106172729520356,0.9605524476677104
-0.1045213037745178,0.1061756222185594,0.9605525960112082
-0.1045153782759189,0.1061785149167628,0.9605527443547058
-0.1045094527773199,0.1061814076149662,0.9605528926982034
-0.1045035272787209,0.1061843003131696,0.960553041041701
-0.1044976017801219,0.106187193011373,0.9605531893851986
-0.104491676281523,0.1061900857095763,0.9605533377286962
-0.104485750782924,0.1061929784077797,0.9605534860721938
-0.104479825284325,0.1061958711059831,0.9605536344156914
-0.104473899785726,0.1061987638041865,0.9605537827591892
-0.104467974287127,0.1062016565023899,0.9605539311026868
-0.1044620487885281,0.1062045492005933,0.9605540794461844
-0.1044561232899291,0.1062074418987967,0.960554227789682
-0.1044501977913301,0.1062103345970001,0.9605543761331796
-0.1044442722927311,0.1062132272952035,0.9605545244766772
-0.1044383467941321,0.1062161199934069,0.9605546728201748
-0.1044324212955332,0.1062190126916103,0.9605548211636724
-0.1044264957969342,0.1062219053898137,0.96055496950717
-0.1044205702983352,0.1062247980880171,0.9605551178506676
-0.1044146447997362,0.1062276907862205,0.9605552661941652
-0.1044087193011373,0.1062305834844239,0.9605554145376628
-0.1044027938025383,0.1062334761826273,0.9605555628811604
-0.1043968683039393,0.1062363688808307,0.960555711224658
-0.1043909428053403,0.1062392615790341,0.9605558595681556
-0.1043850173067413,0.1062421542772375,0.9605560079116532
-0.1043790918081424,0.1062450469754409,0.9605561562551508
-0.1043731663095434,0.1062479396736443,0.9605563045986484
-0.1043672408109444,0.1062508323718477,0.960556452942146
-0.1043613153123454,0.1062537250700511,0.9605566012856436
-0.1043553898137465,0.1062566177682544,0.9605567496291412
-0.1043494643151475,0.1062595104664578,0.9605568979726388
-0.1043435388165485,0.1062624031646612,0.9605570463161364
-0.1043376133179495,0.1062652958628646,0.960557194659634
-0.1043316878193506,0.106268188561068,0.9605573430031316
-0.1043257623207516,0.1062710812592714,0.9605574913466294
-0.1043198368221526,0.1062739739574748,0.960557639690127
-0.1043139113235536,0.1062768666556782,0.9605577880336246
-0.1043079858249546,0.1062797593538816,0.9605579363771222
-0.1043020603263557,0.106282652052085,0.9605580847206198
-0.1042961348277567,0.1062855447502884,0.9605582330641174
-0.1042902093291577,0.1062884374484918,0.960558381407615
-0.1042842838305587,0.1062913301466952,0.9605585297511126
-0.1042783583319597,0.1062942228448986,0.9605586780946102
-0.1042724328333608,0.106297115543102,0.960558826438108
-0.1042665073347618,0.1063000082413054,0.9605589747816056
-0.1042605818361628,0.1063029009395088,0.960559123125103
-0.1042546563375638,0.1063057936377122,0.9605592714686008
-0.1042487308389649,0.1063086863359156,0.9605594198120982
-0.1042428053403659,0.106311579034119,0.9605595681555958
-0.1042368798417669,0.1063144717323223,0.9605597164990934
-0.1042309543431679,0.1063173644305258,0.960559864842591
-0.1042250288445689,0.1063202571287291,0.9605600131860887
-0.10421910334597,0.1063231498269325,0.9605601615295865
-0.104213177847371,0.1063260425251359,0.960560309873084
-0.104207252348772,0.1063289352233393,0.9605604582165816
-0.104201326850173,0.1063318279215427,0.9605606065600792
-0.1041954013515741,0.1063347206197461,0.9605607549035768
-0.1041894758529751,0.1063376133179495,0.9605609032470744
-0.1041835503543761,0.1063405060161529,0.960561051590572
-0.1041776248557771,0.1063433987143563,0.9605611999340696
-0.1041716993571781,0.1063462914125597,0.9605613482775672
-0.1041657738585792,0.1063491841107631,0.9605614966210648
-0.1041598483599802,0.1063520768089665,0.9605616449645624
-0.1041539228613812,0.1063549695071699,0.96056179330806
-0.1041479973627822,0.1063578622053733,0.9605619416515576
-0.1041420718641832,0.1063607549035767,0.9605620899950552
-0.1041361463655843,0.1063636476017801,0.9605622383385528
-0.1041302208669853,0.1063665402999835,0.9605623866820504
-0.1041242953683863,0.1063694329981869,0.960562535025548
-0.1041183698697873,0.1063723256963903,0.9605626833690456
-0.1041124443711884,0.1063752183945937,0.9605628317125432
-0.1041065188725894,0.1063781110927971,0.9605629800560408
-0.1041005933739904,0.1063810037910004,0.9605631283995384
-0.1040946678753914,0.1063838964892038,0.960563276743036
-0.1040887423767924,0.1063867891874072,0.9605634250865336
-0.1040828168781935,0.1063896818856106,0.9605635734300312
-0.1040768913795945,0.106392574583814,0.9605637217735288
-0.1040709658809955,0.1063954672820174,0.9605638701170266
-0.1040650403823965,0.1063983599802208,0.9605640184605242
-0.1040591148837976,0.1064012526784242,0.9605641668040218
-0.1040531893851986,0.1064041453766276,0.9605643151475194
-0.1040472638865996,0.106407038074831,0.960564463491017
-0.1040413383880006,0.1064099307730344,0.9605646118345146
-0.1040354128894016,0.1064128234712378,0.9605647601780122
-0.1040294873908027,0.1064157161694412,0.9605649085215098
-0.1040235618922037,0.1064186088676446,0.9605650568650076
-0.1040176363936047,0.106421501565848,0.9605652052085052
-0.1040117108950057,0.1064243942640514,0.9605653535520028
-0.1040057853964068,0.1064272869622548,0.9605655018955004
-0.1039998598978078,0.1064301796604582,0.960565650238998
-0.1039939343992088,0.1064330723586616,0.9605657985824956
-0.1039880089006098,0.106435965056865,0.9605659469259932
-0.1039820834020108,0.1064388577550684,0.9605660952694908
-0.1039761579034119,0.1064417504532718,0.9605662436129884
-0.1039702324048129,0.1064446431514751,0.960566391956486
-0.1039643069062139,0.1064475358496785,0.9605665402999836
-0.1039583814076149,0.1064504285478819,0.9605666886434812
-0.103952455909016,0.1064533212460853,0.9605668369869788
-0.103946530410417,0.1064562139442887,0.9605669853304764
-0.103940604911818,0.1064591066424921,0.960567133673974
-0.103934679413219,0.1064619993406955,0.9605672820174715
-0.10392875391462,0.1064648920388989,0.9605674303609693
-0.1039228284160211,0.1064677847371023,0.9605675787044669
-0.1039169029174221,0.1064706774353057,0.9605677270479644
-0.1039109774188231,0.1064735701335091,0.960567875391462
-0.1039050519202241,0.1064764628317125,0.9605680237349596
-0.1038991264216251,0.1064793555299159,0.9605681720784572
-0.1038932009230262,0.1064822482281193,0.9605683204219548
-0.1038872754244272,0.1064851409263227,0.9605684687654524
-0.1038813499258282,0.1064880336245261,0.96056861710895
-0.1038754244272292,0.1064909263227295,0.9605687654524476
-0.1038694989286303,0.1064938190209329,0.9605689137959452
-0.1038635734300313,0.1064967117191363,0.9605690621394428
-0.1038576479314323,0.1064996044173397,0.9605692104829404
-0.1038517224328333,0.1065024971155431,0.960569358826438
-0.1038457969342343,0.1065053898137464,0.9605695071699356
-0.1038398714356354,0.1065082825119499,0.9605696555134332
-0.1038339459370364,0.1065111752101532,0.9605698038569308
-0.1038280204384374,0.1065140679083566,0.9605699522004284
-0.1038220949398384,0.10651696060656,0.9605701005439262
-0.1038161694412395,0.1065198533047634,0.9605702488874238
-0.1038102439426405,0.1065227460029668,0.9605703972309214
-0.1038043184440415,0.1065256387011702,0.960570545574419
-0.1037983929454425,0.1065285313993736,0.9605706939179166
-0.1037924674468435,0.106531424097577,0.9605708422614142
-0.1037865419482446,0.1065343167957804,0.9605709906049118
-0.1037806164496456,0.1065372094939838,0.9605711389484094
-0.1037746909510466,0.1065401021921872,0.9605712872919072
-0.1037687654524476,0.1065429948903906,0.9605714356354048
-0.1037628399538486,0.106545887588594,0.9605715839789024
-0.1037569144552497,0.1065487802867974,0.9605717323224
-0.1037509889566507,0.1065516729850008,0.9605718806658976
-0.1037450634580517,0.1065545656832042,0.9605720290093952
-0.1037391379594527,0.1065574583814076,0.9605721773528928
-0.1037332124608538,0.106560351079611,0.9605723256963904
-0.1037272869622548,0.1065632437778144,0.960572474039888
-0.1037213614636558,0.1065661364760178,0.9605726223833856
-0.1037154359650568,0.1065690291742211,0.9605727707268832
-0.1037095104664578,0.1065719218724245,0.9605729190703808
-0.1037035849678589,0.1065748145706279,0.9605730674138784
-0.1036976594692599,0.1065777072688313,0.960573215757376
-0.1036917339706609,0.1065805999670347,0.9605733641008736
-0.1036858084720619,0.1065834926652381,0.9605735124443712
-0.103679882973463,0.1065863853634415,0.9605736607878688
-0.103673957474864,0.1065892780616449,0.9605738091313664
-0.103668031976265,0.1065921707598483,0.960573957474864
-0.103662106477666,0.1065950634580517,0.9605741058183616
-0.103656180979067,0.1065979561562551,0.9605742541618592
-0.1036502554804681,0.1066008488544585,0.9605744025053568
-0.1036443299818691,0.1066037415526619,0.9605745508488543
-0.1036384044832701,0.1066066342508653,0.960574699192352
-0.1036324789846711,0.1066095269490687,0.9605748475358497
-0.1036265534860721,0.1066124196472721,0.9605749958793474
-0.1036206279874732,0.1066153123454755,0.960575144222845
-0.1036147024888742,0.1066182050436789,0.9605752925663426
-0.1036087769902752,0.1066210977418823,0.9605754409098402
-0.1036028514916762,0.1066239904400857,0.9605755892533376
-0.1035969259930773,0.1066268831382891,0.9605757375968352
-0.1035910004944783,0.1066297758364925,0.9605758859403328
-0.1035850749958793,0.1066326685346959,0.9605760342838304
-0.1035791494972803,0.1066355612328992,0.960576182627328
-0.1035732239986814,0.1066384539311026,0.9605763309708258
-0.1035672985000824,0.106641346629306,0.9605764793143234
-0.1035613730014834,0.1066442393275094,0.960576627657821
-0.1035554475028844,0.1066471320257128,0.9605767760013186
-0.1035495220042854,0.1066500247239162,0.9605769243448162
-0.1035435965056865,0.1066529174221196,0.9605770726883138
-0.1035376710070875,0.106655810120323,0.9605772210318114
-0.1035317455084885,0.1066587028185264,0.960577369375309
-0.1035258200098895,0.1066615955167298,0.9605775177188068
-0.1035198945112906,0.1066644882149332,0.9605776660623044
-0.1035139690126916,0.1066673809131366,0.960577814405802
-0.1035080435140926,0.10667027361134,0.9605779627492996
-0.1035021180154936,0.1066731663095434,0.9605781110927972
-0.1034961925168946,0.1066760590077468,0.9605782594362948
-0.1034902670182957,0.1066789517059502,0.9605784077797924
-0.1034843415196967,0.1066818444041536,0.96057855612329
-0.1034784160210977,0.106684737102357,0.9605787044667876
-0.1034724905224987,0.1066876298005604,0.9605788528102852
-0.1034665650238997,0.1066905224987638,0.9605790011537828
-0.1034606395253008,0.1066934151969671,0.9605791494972804
-0.1034547140267018,0.1066963078951706,0.960579297840778
-0.1034487885281028,0.1066992005933739,0.9605794461842756
-0.1034428630295038,0.1067020932915773,0.9605795945277732
-0.1034369375309049,0.1067049859897807,0.9605797428712708
-0.1034310120323059,0.1067078786879841,0.9605798912147684
-0.1034250865337069,0.1067107713861875,0.960580039558266
-0.1034191610351079,0.1067136640843909,0.9605801879017636
-0.1034132355365089,0.1067165567825943,0.9605803362452612
-0.10340731003791,0.1067194494807977,0.9605804845887588
-0.103401384539311,0.1067223421790011,0.9605806329322564
-0.103395459040712,0.1067252348772045,0.960580781275754
-0.103389533542113,0.1067281275754079,0.9605809296192516
-0.1033836080435141,0.1067310202736113,0.9605810779627492
-0.1033776825449151,0.1067339129718147,0.960581226306247
-0.1033717570463161,0.1067368056700181,0.9605813746497446
-0.1033658315477171,0.1067396983682215,0.9605815229932422
-0.1033599060491181,0.1067425910664249,0.9605816713367398
-0.1033539805505192,0.1067454837646283,0.9605818196802374
-0.1033480550519202,0.1067483764628317,0.960581968023735
-0.1033421295533212,0.1067512691610351,0.9605821163672326
-0.1033362040547222,0.1067541618592385,0.9605822647107302
-0.1033302785561233,0.1067570545574418,0.9605824130542278
-0.1033243530575243,0.1067599472556452,0.9605825613977256
-0.1033184275589253,0.1067628399538486,0.9605827097412232
-0.1033125020603263,0.106765732652052,0.9605828580847208
-0.1033065765617273,0.1067686253502554,0.9605830064282184
-0.1033006510631284,0.1067715180484588,0.960583154771716
-0.1032947255645294,0.1067744107466622,0.9605833031152134
-0.1032888000659304,0.1067773034448656,0.960583451458711
-0.1032828745673314,0.106780196143069,0.9605835998022086
-0.1032769490687325,0.1067830888412724,0.9605837481457064
-0.1032710235701335,0.1067859815394758,0.960583896489204
-0.1032650980715345,0.1067888742376792,0.9605840448327015
-0.1032591725729355,0.1067917669358826,0.9605841931761993
-0.1032532470743365,0.106794659634086,0.9605843415196968
-0.1032473215757376,0.1067975523322894,0.9605844898631944
-0.1032413960771386,0.1068004450304928,0.960584638206692
-0.1032354705785396,0.1068033377286962,0.9605847865501896
-0.1032295450799406,0.1068062304268996,0.9605849348936872
-0.1032236195813416,0.106809123125103,0.9605850832371848
-0.1032176940827427,0.1068120158233064,0.9605852315806824
-0.1032117685841437,0.1068149085215098,0.96058537992418
-0.1032058430855447,0.1068178012197132,0.9605855282676776
-0.1031999175869457,0.1068206939179166,0.9605856766111752
-0.1031939920883468,0.1068235866161199,0.9605858249546728
-0.1031880665897478,0.1068264793143233,0.9605859732981704
-0.1031821410911488,0.1068293720125267,0.960586121641668
-0.1031762155925498,0.1068322647107301,0.9605862699851656
-0.1031702900939508,0.1068351574089335,0.9605864183286632
-0.1031643645953519,0.1068380501071369,0.9605865666721608
-0.1031584390967529,0.1068409428053403,0.9605867150156584
-0.1031525135981539,0.1068438355035437,0.960586863359156
-0.1031465880995549,0.1068467282017471,0.9605870117026536
