0.1004931818181818,-0.1908693181818181,-0.3587306818181818
0.100503409090909,-0.1910553409090909,-0.3590186590909091
0.1005136363636363,-0.1912413636363636,-0.3593066363636363
0.1005238636363636,-0.1914273863636363,-0.3595946136363637
0.1005340909090909,-0.1916134090909091,-0.3598825909090909
0.1005443181818181,-0.1917994318181818,-0.3601705681818182
0.1005545454545454,-0.1919854545454545,-0.3604585454545455
0.1005647727272727,-0.1921714772727272,-0.3607465227272727
0.100575,-0.1923575,-0.3610345
0.1005852272727272,-0.1925435227272727,-0.3613224772727272
0.1005954545454545,-0.1927295454545454,-0.3616104545454546
0.1006056818181818,-0.1929155681818181,-0.3618984318181818
0.100615909090909,-0.1931015909090909,-0.3621864090909091
0.1006261363636363,-0.1932876136363636,-0.3624743863636364
0.1006363636363636,-0.1934736363636363,-0.3627623636363636
0.1006465909090909,-0.1936596590909091,-0.3630503409090909
0.1006568181818181,-0.1938456818181818,-0.3633383181818181
0.1006670454545454,-0.1940317045454545,-0.3636262954545455
0.1006772727272727,-0.1942177272727272,-0.3639142727272727
0.1006875,-0.19440375,-0.36420225
0.1006977272727272,-0.1945897727272727,-0.3644902272727273
0.1007079545454545,-0.1947757954545454,-0.3647782045454545
0.1007181818181818,-0.1949618181818181,-0.3650661818181818
0.100728409090909,-0.1951478409090909,-0.3653541590909091
0.1007386363636363,-0.1953338636363636,-0.3656421363636364
0.1007488636363636,-0.1955198863636363,-0.3659301136363636
0.1007590909090909,-0.1957059090909091,-0.3662180909090909
0.1007693181818181,-0.1958919318181818,-0.3665060681818182
0.1007795454545454,-0.1960779545454545,-0.3667940454545454
0.1007897727272727,-0.1962639772727272,-0.3670820227272727
0.1008,-0.19645,-0.36737
0.1008102272727272,-0.1966360227272727,-0.3676579772727273
0.1008204545454545,-0.1968220454545454,-0.3679459545454546
0.1008306818181818,-0.1970080681818181,-0.3682339318181818
0.100840909090909,-0.1971940909090909,-0.3685219090909091
0.1008511363636363,-0.1973801136363636,-0.3688098863636364
0.1008613636363636,-0.1975661363636363,-0.3690978636363636
0.1008715909090909,-0.1977521590909091,-0.3693858409090909
0.1008818181818181,-0.1979381818181818,-0.3696738181818182
0.1008920454545454,-0.1981242045454545,-0.3699617954545455
0.1009022727272727,-0.1983102272727272,-0.3702497727272728
0.1009124999999999,-0.19849625,-0.37053775
0.1009227272727272,-0.1986822727272727,-0.3708257272727273
0.1009329545454545,-0.1988682954545454,-0.3711137045454545
0.1009431818181818,-0.1990543181818181,-0.3714016818181818
0.100953409090909,-0.1992403409090909,-0.3716896590909091
0.1009636363636363,-0.1994263636363636,-0.3719776363636364
0.1009738636363636,-0.1996123863636363,-0.3722656136363637
0.1009840909090909,-0.1997984090909091,-0.3725535909090909
0.1009943181818181,-0.1999844318181818,-0.3728415681818182
0.1010045454545454,-0.2001704545454545,-0.3731295454545454
0.1010147727272727,-0.2003564772727272,-0.3734175227272727
0.1010249999999999,-0.2005425,-0.3737055
0.1010352272727272,-0.2007285227272727,-0.3739934772727273
0.1010454545454545,-0.2009145454545454,-0.3742814545454546
0.1010556818181818,-0.2011005681818181,-0.3745694318181818
0.101065909090909,-0.2012865909090909,-0.3748574090909091
0.1010761363636363,-0.2014726136363636,-0.3751453863636363
0.1010863636363636,-0.2016586363636363,-0.3754333636363636
0.1010965909090909,-0.2018446590909091,-0.3757213409090909
0.1011068181818181,-0.2020306818181818,-0.3760093181818182
0.1011170454545454,-0.2022167045454545,-0.3762972954545455
0.1011272727272727,-0.2024027272727272,-0.3765852727272727
0.1011374999999999,-0.20258875,-0.37687325
0.1011477272727272,-0.2027747727272727,-0.3771612272727273
0.1011579545454545,-0.2029607954545454,-0.3774492045454545
0.1011681818181818,-0.2031468181818181,-0.3777371818181818
0.101178409090909,-0.2033328409090909,-0.3780251590909091
0.1011886363636363,-0.2035188636363636,-0.3783131363636364
0.1011988636363636,-0.2037048863636363,-0.3786011136363637
0.1012090909090909,-0.2038909090909091,-0.3788890909090909
0.1012193181818181,-0.2040769318181818,-0.3791770681818182
0.1012295454545454,-0.2042629545454545,-0.3794650454545454
0.1012397727272727,-0.2044489772727272,-0.3797530227272727
0.1012499999999999,-0.204635,-0.380041
0.1012602272727272,-0.2048210227272727,-0.3803289772727273
0.1012704545454545,-0.2050070454545454,-0.3806169545454546
0.1012806818181818,-0.2051930681818181,-0.3809049318181818
0.101290909090909,-0.2053790909090909,-0.3811929090909091
0.1013011363636363,-0.2055651136363636,-0.3814808863636363
0.1013113636363636,-0.2057511363636363,-0.3817688636363636
0.1013215909090909,-0.2059371590909091,-0.3820568409090909
0.1013318181818181,-0.2061231818181818,-0.3823448181818182
0.1013420454545454,-0.2063092045454545,-0.3826327954545455
0.1013522727272727,-0.2064952272727272,-0.3829207727272727
0.1013625,-0.20668125,-0.38320875
0.1013727272727272,-0.2068672727272727,-0.3834967272727273
0.1013829545454545,-0.2070532954545454,-0.3837847045454545
0.1013931818181818,-0.2072393181818181,-0.3840726818181818
0.101403409090909,-0.2074253409090909,-0.3843606590909091
0.1014136363636363,-0.2076113636363636,-0.3846486363636364
0.1014238636363636,-0.2077973863636363,-0.3849366136363636
0.1014340909090909,-0.2079834090909091,-0.3852245909090909
0.1014443181818181,-0.2081694318181818,-0.3855125681818182
0.1014545454545454,-0.2083554545454545,-0.3858005454545454
0.1014647727272727,-0.2085414772727272,-0.3860885227272727
0.101475,-0.2087275,-0.3863765
0.1014852272727272,-0.2089135227272727,-0.3866644772727273
0.1014954545454545,-0.2090995454545454,-0.3869524545454545
0.1015056818181818,-0.2092855681818181,-0.3872404318181818
0.101515909090909,-0.2094715909090909,-0.3875284090909091
0.1015261363636363,-0.2096576136363636,-0.3878163863636364
0.1015363636363636,-0.2098436363636363,-0.3881043636363636
0.1015465909090909,-0.2100296590909091,-0.3883923409090909
0.1015568181818181,-0.2102156818181818,-0.3886803181818182
0.1015670454545454,-0.2104017045454545,-0.3889682954545455
0.1015772727272727,-0.2105877272727273,-0.3892562727272727
0.1015875,-0.21077375,-0.38954425
0.1015977272727272,-0.2109597727272727,-0.3898322272727273
0.1016079545454545,-0.2111457954545454,-0.3901202045454546
0.1016181818181818,-0.2113318181818181,-0.3904081818181818
0.101628409090909,-0.2115178409090909,-0.3906961590909091
0.1016386363636363,-0.2117038636363636,-0.3909841363636364
0.1016488636363636,-0.2118898863636363,-0.3912721136363636
0.1016590909090909,-0.2120759090909091,-0.3915600909090909
0.1016693181818181,-0.2122619318181818,-0.3918480681818182
0.1016795454545454,-0.2124479545454545,-0.3921360454545455
0.1016897727272727,-0.2126339772727273,-0.3924240227272727
0.1017,-0.21282,-0.392712
0.1017102272727272,-0.2130060227272727,-0.3929999772727273
0.1017204545454545,-0.2131920454545454,-0.3932879545454545
0.1017306818181818,-0.2133780681818181,-0.3935759318181818
0.101740909090909,-0.2135640909090909,-0.3938639090909091
0.1017511363636363,-0.2137501136363636,-0.3941518863636364
0.1017613636363636,-0.2139361363636363,-0.3944398636363637
0.1017715909090909,-0.2141221590909091,-0.3947278409090909
0.1017818181818181,-0.2143081818181818,-0.3950158181818182
0.1017920454545454,-0.2144942045454545,-0.3953037954545454
0.1018022727272727,-0.2146802272727273,-0.3955917727272727
0.1018125,-0.21486625,-0.39587975
0.1018227272727272,-0.2150522727272727,-0.3961677272727273
0.1018329545454545,-0.2152382954545454,-0.3964557045454546
0.1018431818181818,-0.2154243181818181,-0.3967436818181818
0.101853409090909,-0.2156103409090909,-0.3970316590909091
0.1018636363636363,-0.2157963636363636,-0.3973196363636364
0.1018738636363636,-0.2159823863636363,-0.3976076136363636
0.1018840909090909,-0.2161684090909091,-0.3978955909090909
0.1018943181818181,-0.2163544318181818,-0.3981835681818182
0.1019045454545454,-0.2165404545454545,-0.3984715454545455
0.1019147727272727,-0.2167264772727272,-0.3987595227272728
0.101925,-0.2169125,-0.3990475
0.1019352272727272,-0.2170985227272727,-0.3993354772727273
0.1019454545454545,-0.2172845454545454,-0.3996234545454545
0.1019556818181818,-0.2174705681818181,-0.3999114318181818
0.101965909090909,-0.2176565909090909,-0.4001994090909091
0.1019761363636363,-0.2178426136363636,-0.4004873863636364
0.1019863636363636,-0.2180286363636363,-0.4007753636363637
0.1019965909090909,-0.2182146590909091,-0.4010633409090909
0.1020068181818181,-0.2184006818181818,-0.4013513181818182
0.1020170454545454,-0.2185867045454545,-0.4016392954545454
0.1020272727272727,-0.2187727272727272,-0.4019272727272727
0.1020375,-0.21895875,-0.40221525
0.1020477272727272,-0.2191447727272727,-0.4025032272727273
0.1020579545454545,-0.2193307954545454,-0.4027912045454546
0.1020681818181818,-0.2195168181818181,-0.4030791818181818
0.102078409090909,-0.2197028409090909,-0.4033671590909091
0.1020886363636363,-0.2198888636363636,-0.4036551363636363
0.1020988636363636,-0.2200748863636363,-0.4039431136363636
0.1021090909090909,-0.2202609090909091,-0.4042310909090909
0.1021193181818181,-0.2204469318181818,-0.4045190681818182
0.1021295454545454,-0.2206329545454545,-0.4048070454545455
0.1021397727272727,-0.2208189772727272,-0.4050950227272727
0.1021499999999999,-0.221005,-0.405383
0.1021602272727272,-0.2211910227272727,-0.4056709772727273
0.1021704545454545,-0.2213770454545454,-0.4059589545454545
0.1021806818181818,-0.2215630681818181,-0.4062469318181818
0.102190909090909,-0.2217490909090909,-0.4065349090909091
0.1022011363636363,-0.2219351136363636,-0.4068228863636364
0.1022113636363636,-0.2221211363636363,-0.4071108636363637
0.1022215909090909,-0.2223071590909091,-0.4073988409090909
0.1022318181818181,-0.2224931818181818,-0.4076868181818182
0.1022420454545454,-0.2226792045454545,-0.4079747954545454
0.1022522727272727,-0.2228652272727272,-0.4082627727272727
0.1022624999999999,-0.22305125,-0.40855075
0.1022727272727272,-0.2232372727272727,-0.4088387272727273
0.1022829545454545,-0.2234232954545454,-0.4091267045454546
0.1022931818181818,-0.2236093181818181,-0.4094146818181818
0.102303409090909,-0.2237953409090909,-0.4097026590909091
0.1023136363636363,-0.2239813636363636,-0.4099906363636363
0.1023238636363636,-0.2241673863636363,-0.4102786136363636
0.1023340909090909,-0.2243534090909091,-0.4105665909090909
0.1023443181818181,-0.2245394318181818,-0.4108545681818182
0.1023545454545454,-0.2247254545454545,-0.4111425454545455
0.1023647727272727,-0.2249114772727272,-0.4114305227272727
0.102375,-0.2250975,-0.4117185
0.1023852272727272,-0.2252835227272727,-0.4120064772727273
0.1023954545454545,-0.2254695454545454,-0.4122944545454545
0.1024056818181818,-0.2256555681818181,-0.4125824318181818
0.102415909090909,-0.2258415909090909,-0.4128704090909091
0.1024261363636363,-0.2260276136363636,-0.4131583863636364
0.1024363636363636,-0.2262136363636363,-0.4134463636363636
0.1024465909090909,-0.2263996590909091,-0.4137343409090909
0.1024568181818181,-0.2265856818181818,-0.4140223181818182
0.1024670454545454,-0.2267717045454545,-0.4143102954545455
0.1024772727272727,-0.2269577272727272,-0.4145982727272727
0.1024875,-0.22714375,-0.41488625
0.1024977272727272,-0.2273297727272727,-0.4151742272727273
0.1025079545454545,-0.2275157954545454,-0.4154622045454545
0.1025181818181818,-0.2277018181818181,-0.4157501818181818
0.102528409090909,-0.2278878409090909,-0.4160381590909091
0.1025386363636363,-0.2280738636363636,-0.4163261363636364
0.1025488636363636,-0.2282598863636363,-0.4166141136363636
0.1025590909090909,-0.2284459090909091,-0.4169020909090909
0.1025693181818181,-0.2286319318181818,-0.4171900681818182
0.1025795454545454,-0.2288179545454545,-0.4174780454545455
0.1025897727272727,-0.2290039772727272,-0.4177660227272727
0.1026,-0.22919,-0.418054
0.1026102272727272,-0.2293760227272727,-0.4183419772727273
0.1026204545454545,-0.2295620454545454,-0.4186299545454546
0.1026306818181818,-0.2297480681818181,-0.4189179318181818
0.102640909090909,-0.2299340909090909,-0.4192059090909091
0.1026511363636363,-0.2301201136363636,-0.4194938863636364
0.1026613636363636,-0.2303061363636363,-0.4197818636363636
0.1026715909090909,-0.2304921590909091,-0.4200698409090909
0.1026818181818181,-0.2306781818181818,-0.4203578181818182
0.1026920454545454,-0.2308642045454545,-0.4206457954545455
0.1027022727272727,-0.2310502272727272,-0.4209337727272728
0.1027125,-0.23123625,-0.42122175
0.1027227272727272,-0.2314222727272727,-0.4215097272727273
0.1027329545454545,-0.2316082954545454,-0.4217977045454545
0.1027431818181818,-0.2317943181818181,-0.4220856818181818
0.102753409090909,-0.2319803409090909,-0.4223736590909091
0.1027636363636363,-0.2321663636363636,-0.4226616363636364
0.1027738636363636,-0.2323523863636363,-0.4229496136363637
0.1027840909090909,-0.2325384090909091,-0.4232375909090909
0.1027943181818181,-0.2327244318181818,-0.4235255681818182
0.1028045454545454,-0.2329104545454545,-0.4238135454545454
0.1028147727272727,-0.2330964772727272,-0.4241015227272727
0.102825,-0.2332825,-0.4243895
0.1028352272727272,-0.2334685227272727,-0.4246774772727273
0.1028454545454545,-0.2336545454545454,-0.4249654545454546
0.1028556818181818,-0.2338405681818181,-0.4252534318181818
0.102865909090909,-0.2340265909090909,-0.4255414090909091
0.1028761363636363,-0.2342126136363636,-0.4258293863636364
0.1028863636363636,-0.2343986363636363,-0.4261173636363636
0.1028965909090909,-0.2345846590909091,-0.4264053409090909
0.1029068181818181,-0.2347706818181818,-0.4266933181818182
0.1029170454545454,-0.2349567045454545,-0.4269812954545455
0.1029272727272727,-0.2351427272727272,-0.4272692727272728
0.1029375,-0.23532875,-0.42755725
0.1029477272727272,-0.2355147727272727,-0.4278452272727273
0.1029579545454545,-0.2357007954545454,-0.4281332045454545
0.1029681818181818,-0.2358868181818181,-0.4284211818181818
0.102978409090909,-0.2360728409090909,-0.4287091590909091
0.1029886363636363,-0.2362588636363636,-0.4289971363636364
0.1029988636363636,-0.2364448863636363,-0.4292851136363637
0.1030090909090909,-0.2366309090909091,-0.4295730909090909
0.1030193181818181,-0.2368169318181818,-0.4298610681818182
0.1030295454545454,-0.2370029545454545,-0.4301490454545454
0.1030397727272727,-0.2371889772727272,-0.4304370227272727
0.10305,-0.237375,-0.430725
0.1030602272727272,-0.2375610227272727,-0.4310129772727273
0.1030704545454545,-0.2377470454545454,-0.4313009545454546
0.1030806818181818,-0.2379330681818182,-0.4315889318181818
0.1030909090909091,-0.2381190909090909,-0.4318769090909091
0.1031011363636363,-0.2383051136363636,-0.4321648863636363
0.1031113636363636,-0.2384911363636363,-0.4324528636363636
0.1031215909090909,-0.238677159090909,-0.4327408409090909
0.1031318181818181,-0.2388631818181818,-0.4330288181818182
0.1031420454545454,-0.2390492045454545,-0.4333167954545455
0.1031522727272727,-0.2392352272727272,-0.4336047727272727
0.1031624999999999,-0.23942125,-0.43389275
0.1031727272727272,-0.2396072727272727,-0.4341807272727273
0.1031829545454545,-0.2397932954545454,-0.4344687045454545
0.1031931818181818,-0.2399793181818182,-0.4347566818181818
0.103203409090909,-0.2401653409090909,-0.4350446590909091
0.1032136363636363,-0.2403513636363636,-0.4353326363636364
0.1032238636363636,-0.2405373863636363,-0.4356206136363637
0.1032340909090909,-0.240723409090909,-0.4359085909090909
0.1032443181818181,-0.2409094318181818,-0.4361965681818182
0.1032545454545454,-0.2410954545454545,-0.4364845454545454
0.1032647727272727,-0.2412814772727272,-0.4367725227272727
0.1032749999999999,-0.2414675,-0.4370605
0.1032852272727272,-0.2416535227272727,-0.4373484772727273
0.1032954545454545,-0.2418395454545454,-0.4376364545454546
0.1033056818181818,-0.2420255681818182,-0.4379244318181818
0.103315909090909,-0.2422115909090909,-0.4382124090909091
0.1033261363636363,-0.2423976136363636,-0.4385003863636364
0.1033363636363636,-0.2425836363636363,-0.4387883636363636
0.1033465909090909,-0.242769659090909,-0.4390763409090909
0.1033568181818181,-0.2429556818181818,-0.4393643181818182
0.1033670454545454,-0.2431417045454545,-0.4396522954545455
0.1033772727272727,-0.2433277272727272,-0.4399402727272727
0.1033875,-0.24351375,-0.44022825
0.1033977272727272,-0.2436997727272727,-0.4405162272727273
0.1034079545454545,-0.2438857954545454,-0.4408042045454545
0.1034181818181818,-0.2440718181818182,-0.4410921818181818
0.103428409090909,-0.2442578409090909,-0.4413801590909091
0.1034386363636363,-0.2444438636363636,-0.4416681363636364
0.1034488636363636,-0.2446298863636363,-0.4419561136363636
0.1034590909090909,-0.244815909090909,-0.4422440909090909
0.1034693181818181,-0.2450019318181818,-0.4425320681818182
0.1034795454545454,-0.2451879545454545,-0.4428200454545455
0.1034897727272727,-0.2453739772727272,-0.4431080227272727
0.1035,-0.24556,-0.443396
0.1035102272727272,-0.2457460227272727,-0.4436839772727273
0.1035204545454545,-0.2459320454545454,-0.4439719545454546
0.1035306818181818,-0.2461180681818182,-0.4442599318181818
0.103540909090909,-0.2463040909090909,-0.4445479090909091
0.1035511363636363,-0.2464901136363636,-0.4448358863636364
0.1035613636363636,-0.2466761363636363,-0.4451238636363637
0.1035715909090909,-0.246862159090909,-0.4454118409090909
0.1035818181818181,-0.2470481818181818,-0.4456998181818182
0.1035920454545454,-0.2472342045454545,-0.4459877954545455
0.1036022727272727,-0.2474202272727272,-0.4462757727272727
0.1036125,-0.24760625,-0.44656375
0.1036227272727272,-0.2477922727272727,-0.4468517272727273
0.1036329545454545,-0.2479782954545454,-0.4471397045454546
0.1036431818181818,-0.2481643181818182,-0.4474276818181818
0.103653409090909,-0.2483503409090909,-0.4477156590909091
0.1036636363636363,-0.2485363636363636,-0.4480036363636364
0.1036738636363636,-0.2487223863636363,-0.4482916136363636
0.1036840909090909,-0.248908409090909,-0.4485795909090909
0.1036943181818181,-0.2490944318181818,-0.4488675681818182
0.1037045454545454,-0.2492804545454545,-0.4491555454545455
0.1037147727272727,-0.2494664772727272,-0.4494435227272728
0.103725,-0.2496525,-0.4497315
0.1037352272727272,-0.2498385227272727,-0.4500194772727273
0.1037454545454545,-0.2500245454545454,-0.4503074545454545
0.1037556818181818,-0.2502105681818182,-0.4505954318181818
0.103765909090909,-0.2503965909090909,-0.4508834090909091
0.1037761363636363,-0.2505826136363636,-0.4511713863636364
0.1037863636363636,-0.2507686363636363,-0.4514593636363637
0.1037965909090909,-0.2509546590909091,-0.4517473409090909
0.1038068181818181,-0.2511406818181818,-0.4520353181818182
0.1038170454545454,-0.2513267045454546,-0.4523232954545454
0.1038272727272727,-0.2515127272727273,-0.4526112727272727
0.1038375,-0.2516987499999999,-0.45289925
0.1038477272727272,-0.2518847727272727,-0.4531872272727273
0.1038579545454545,-0.2520707954545454,-0.4534752045454546
0.1038681818181818,-0.2522568181818182,-0.4537631818181818
0.103878409090909,-0.2524428409090909,-0.4540511590909091
0.1038886363636363,-0.2526288636363636,-0.4543391363636364
0.1038988636363636,-0.2528148863636363,-0.4546271136363636
0.1039090909090909,-0.2530009090909091,-0.4549150909090909
0.1039193181818181,-0.2531869318181818,-0.4552030681818182
0.1039295454545454,-0.2533729545454545,-0.4554910454545455
0.1039397727272727,-0.2535589772727272,-0.4557790227272728
0.10395,-0.253745,-0.456067
0.1039602272727272,-0.2539310227272727,-0.4563549772727273
0.1039704545454545,-0.2541170454545454,-0.4566429545454545
0.1039806818181818,-0.2543030681818182,-0.4569309318181818
0.103990909090909,-0.2544890909090909,-0.4572189090909091
0.1040011363636363,-0.2546751136363636,-0.4575068863636364
0.1040113636363636,-0.2548611363636364,-0.4577948636363637
0.1040215909090909,-0.2550471590909091,-0.4580828409090909
0.1040318181818181,-0.2552331818181818,-0.4583708181818182
0.1040420454545454,-0.2554192045454545,-0.4586587954545454
0.1040522727272727,-0.2556052272727273,-0.4589467727272727
0.1040625,-0.25579125,-0.45923475
0.1040727272727272,-0.2559772727272727,-0.4595227272727273
0.1040829545454545,-0.2561632954545454,-0.4598107045454546
0.1040931818181818,-0.2563493181818181,-0.4600986818181818
0.1041034090909091,-0.2565353409090909,-0.4603866590909091
0.1041136363636363,-0.2567213636363636,-0.4606746363636363
0.1041238636363636,-0.2569073863636363,-0.4609626136363636
0.1041340909090909,-0.257093409090909,-0.4612505909090909
0.1041443181818181,-0.2572794318181818,-0.4615385681818182
0.1041545454545454,-0.2574654545454545,-0.4618265454545455
0.1041647727272727,-0.2576514772727273,-0.4621145227272727
0.1041749999999999,-0.2578375,-0.4624025
0.1041852272727272,-0.2580235227272727,-0.4626904772727273
0.1041954545454545,-0.2582095454545454,-0.4629784545454545
0.1042056818181818,-0.2583955681818182,-0.4632664318181818
0.104215909090909,-0.2585815909090909,-0.4635544090909091
0.1042261363636363,-0.2587676136363636,-0.4638423863636364
0.1042363636363636,-0.2589536363636363,-0.4641303636363637
0.1042465909090909,-0.2591396590909091,-0.4644183409090909
0.1042568181818181,-0.2593256818181818,-0.4647063181818182
0.1042670454545454,-0.2595117045454546,-0.4649942954545454
0.1042772727272727,-0.2596977272727273,-0.4652822727272727
0.1042874999999999,-0.2598837499999999,-0.46557025
0.1042977272727272,-0.2600697727272727,-0.4658582272727273
0.1043079545454545,-0.2602557954545454,-0.4661462045454546
0.1043181818181818,-0.2604418181818182,-0.4664341818181818
0.104328409090909,-0.2606278409090909,-0.4667221590909091
0.1043386363636363,-0.2608138636363636,-0.4670101363636364
0.1043488636363636,-0.2609998863636363,-0.4672981136363636
0.1043590909090909,-0.2611859090909091,-0.4675860909090909
0.1043693181818181,-0.2613719318181818,-0.4678740681818182
0.1043795454545454,-0.2615579545454545,-0.4681620454545455
0.1043897727272727,-0.2617439772727272,-0.4684500227272727
0.1043999999999999,-0.26193,-0.468738
0.1044102272727272,-0.2621160227272727,-0.4690259772727273
0.1044204545454545,-0.2623020454545455,-0.4693139545454546
0.1044306818181818,-0.2624880681818182,-0.4696019318181818
0.104440909090909,-0.2626740909090909,-0.4698899090909091
0.1044511363636363,-0.2628601136363636,-0.4701778863636364
0.1044613636363636,-0.2630461363636364,-0.4704658636363636
0.1044715909090909,-0.2632321590909091,-0.4707538409090909
0.1044818181818181,-0.2634181818181818,-0.4710418181818182
0.1044920454545454,-0.2636042045454545,-0.4713297954545455
0.1045022727272727,-0.2637902272727273,-0.4716177727272727
0.1045125,-0.26397625,-0.47190575
0.1045227272727272,-0.2641622727272727,-0.4721937272727273
0.1045329545454545,-0.2643482954545454,-0.4724817045454546
0.1045431818181818,-0.2645343181818181,-0.4727696818181818
0.104553409090909,-0.2647203409090909,-0.4730576590909091
0.1045636363636363,-0.2649063636363636,-0.4733456363636364
0.1045738636363636,-0.2650923863636363,-0.4736336136363637
0.1045840909090909,-0.265278409090909,-0.4739215909090909
0.1045943181818181,-0.2654644318181818,-0.4742095681818182
0.1046045454545454,-0.2656504545454545,-0.4744975454545455
0.1046147727272727,-0.2658364772727273,-0.4747855227272727
0.104625,-0.2660225,-0.4750735
0.1046352272727272,-0.2662085227272727,-0.4753614772727273
0.1046454545454545,-0.2663945454545454,-0.4756494545454546
0.1046556818181818,-0.2665805681818182,-0.4759374318181819
0.104665909090909,-0.2667665909090909,-0.4762254090909091
0.1046761363636363,-0.2669526136363636,-0.4765133863636364
0.1046863636363636,-0.2671386363636363,-0.4768013636363636
0.1046965909090909,-0.2673246590909091,-0.4770893409090909
0.1047068181818181,-0.2675106818181818,-0.4773773181818182
0.1047170454545454,-0.2676967045454546,-0.4776652954545455
0.1047272727272727,-0.2678827272727273,-0.4779532727272728
0.1047375,-0.2680687499999999,-0.47824125
0.1047477272727272,-0.2682547727272727,-0.4785292272727273
0.1047579545454545,-0.2684407954545454,-0.4788172045454545
0.1047681818181818,-0.2686268181818182,-0.4791051818181818
0.104778409090909,-0.2688128409090909,-0.4793931590909091
0.1047886363636363,-0.2689988636363636,-0.4796811363636364
0.1047988636363636,-0.2691848863636363,-0.4799691136363637
0.1048090909090909,-0.2693709090909091,-0.4802570909090909
0.1048193181818181,-0.2695569318181818,-0.4805450681818182
0.1048295454545454,-0.2697429545454545,-0.4808330454545454
0.1048397727272727,-0.2699289772727272,-0.4811210227272727
0.10485,-0.270115,-0.481409
0.1048602272727272,-0.2703010227272727,-0.4816969772727273
0.1048704545454545,-0.2704870454545455,-0.4819849545454546
0.1048806818181818,-0.2706730681818182,-0.4822729318181818
0.104890909090909,-0.2708590909090909,-0.4825609090909091
0.1049011363636363,-0.2710451136363636,-0.4828488863636364
0.1049113636363636,-0.2712311363636364,-0.4831368636363636
0.1049215909090909,-0.2714171590909091,-0.4834248409090909
0.1049318181818181,-0.2716031818181818,-0.4837128181818182
0.1049420454545454,-0.2717892045454545,-0.4840007954545455
0.1049522727272727,-0.2719752272727272,-0.4842887727272728
0.1049625,-0.27216125,-0.48457675
0.1049727272727272,-0.2723472727272727,-0.4848647272727273
0.1049829545454545,-0.2725332954545454,-0.4851527045454545
0.1049931818181818,-0.2727193181818181,-0.4854406818181818
0.105003409090909,-0.2729053409090909,-0.4857286590909091
0.1050136363636363,-0.2730913636363636,-0.4860166363636364
0.1050238636363636,-0.2732773863636363,-0.4863046136363637
0.1050340909090909,-0.2734634090909091,-0.4865925909090909
0.1050443181818181,-0.2736494318181818,-0.4868805681818182
0.1050545454545454,-0.2738354545454545,-0.4871685454545454
0.1050647727272727,-0.2740214772727273,-0.4874565227272727
0.105075,-0.2742075,-0.4877445
0.1050852272727272,-0.2743935227272727,-0.4880324772727273
0.1050954545454545,-0.2745795454545454,-0.4883204545454546
0.1051056818181818,-0.2747655681818182,-0.4886084318181818
0.1051159090909091,-0.2749515909090909,-0.4888964090909091
0.1051261363636363,-0.2751376136363636,-0.4891843863636363
0.1051363636363636,-0.2753236363636363,-0.4894723636363636
0.1051465909090909,-0.2755096590909091,-0.4897603409090909
0.1051568181818181,-0.2756956818181818,-0.4900483181818182
0.1051670454545454,-0.2758817045454546,-0.4903362954545455
0.1051772727272727,-0.2760677272727272,-0.4906242727272727
0.1051874999999999,-0.2762537499999999,-0.49091225
0.1051977272727272,-0.2764397727272727,-0.4912002272727273
0.1052079545454545,-0.2766257954545454,-0.4914882045454545
0.1052181818181818,-0.2768118181818182,-0.4917761818181818
0.105228409090909,-0.2769978409090909,-0.4920641590909091
0.1052386363636363,-0.2771838636363636,-0.4923521363636364
0.1052488636363636,-0.2773698863636363,-0.4926401136363637
0.1052590909090909,-0.2775559090909091,-0.4929280909090909
0.1052693181818181,-0.2777419318181818,-0.4932160681818182
0.1052795454545454,-0.2779279545454545,-0.4935040454545455
0.1052897727272727,-0.2781139772727272,-0.4937920227272727
0.1052999999999999,-0.2783,-0.49408
0.1053102272727272,-0.2784860227272727,-0.4943679772727273
0.1053204545454545,-0.2786720454545455,-0.4946559545454546
0.1053306818181818,-0.2788580681818182,-0.4949439318181818
0.105340909090909,-0.2790440909090909,-0.4952319090909091
0.1053511363636363,-0.2792301136363636,-0.4955198863636364
0.1053613636363636,-0.2794161363636364,-0.4958078636363636
0.1053715909090909,-0.2796021590909091,-0.4960958409090909
0.1053818181818181,-0.2797881818181818,-0.4963838181818182
0.1053920454545454,-0.2799742045454545,-0.4966717954545455
0.1054022727272727,-0.2801602272727272,-0.4969597727272727
0.1054124999999999,-0.28034625,-0.49724775
0.1054227272727272,-0.2805322727272727,-0.4975357272727273
0.1054329545454545,-0.2807182954545454,-0.4978237045454546
0.1054431818181818,-0.2809043181818181,-0.4981116818181818
0.105453409090909,-0.2810903409090909,-0.4983996590909091
0.1054636363636363,-0.2812763636363636,-0.4986876363636364
0.1054738636363636,-0.2814623863636363,-0.4989756136363636
0.1054840909090909,-0.2816484090909091,-0.4992635909090909
0.1054943181818181,-0.2818344318181818,-0.4995515681818182
0.1055045454545454,-0.2820204545454545,-0.4998395454545455
0.1055147727272727,-0.2822064772727273,-0.5001275227272728
0.105525,-0.2823925,-0.5004155
0.1055352272727272,-0.2825785227272727,-0.5007034772727272
0.1055454545454545,-0.2827645454545454,-0.5009914545454546
0.1055556818181818,-0.2829505681818182,-0.5012794318181819
0.105565909090909,-0.2831365909090909,-0.5015674090909091
0.1055761363636363,-0.2833226136363636,-0.5018553863636364
0.1055863636363636,-0.2835086363636364,-0.5021433636363637
0.1055965909090909,-0.2836946590909091,-0.5024313409090909
